category,indicator,current_value,direction,importance,signal_state,status,source,frequency,next_check,decision_use,source_url
需求,AI server出货,2026年约+28% YoY,up,S,强,已记录,TrendForce,季,2026Q2更新,确认高速互联需求底座是否继续扩张,https://www.trendforce.com/presscenter/news/20260415-13013.html
光模块,800G及以上光模块份额,2026年超过60%,up,S,强,已记录,TrendForce,季/半年,2026-06-30,验证800G是否仍是主规格，1.6T是否顺利接力,https://www.trendforce.com/presscenter/news/20260210-12919.html
光模块,1.6T订单/发货,AOI获超2亿美元1.6T订单，预计2026Q3发货,up,A,偏强,已记录,AOI,季,2026Q3,判断1.6T是样品故事还是批量订单,https://newsroom.ao-inc.com/news-releases/aoi-receives-first-volume-order-of-1-6t-data-center-transceivers-from-major-hyperscale-customer/
CPO,NVIDIA CPO交换机,Spectrum-X Ethernet Photonics计划2026H2可用,up,A,方向强/兑现待跟,已记录,NVIDIA,季/发布会,2026H2,CPO从概念升级到量产平台的关键确认,https://www.nvidia.com/en-us/networking/products/silicon-photonics/
交换机,AI后端交换机端口速率,800G为主，2027年向1600G迁移,up,A,偏强,已记录,Dell'Oro,半年/年,2026H2,确认交换机/高速连接器/PCB传导强度,https://www.prnewswire.com/news-releases/ai-back-end-switch-market-will-push-past-100-billion-by-2030-according-to-delloro-group-302678344.html
连接器,224G PAM-4近ASIC连接,Molex Impress已推出，面向AI和超大规模数据中心,up,B,待订单验证,已记录,Molex,产品/订单,2026H2,判断铜缆连接器是否有独立订单线索,https://www.molex.com/en-us/news/molex-launches-impress-co-packaged-copper-solutions-scaling-near-asic-connectivity-innovations-to-meet-next-gen-data-rate-demands
PCB/板材,PCB/CPU交期,部分核心零组件交期拉长至近一年,tight,S,强,已记录,TrendForce,月/季,2026-06-30,确认AI服务器和通用服务器对高端PCB的挤占,https://www.trendforce.com/presscenter/news/20260415-13013.html
PCB/板材,低Dk玻纤布/高端CCL,瓶颈或延续至2027年中；NER/NEZ/Q-glass对应800G/1.6T,tight,S,强,已记录,TrendForce,月/季,2026H2,决定覆铜板涨价和高层板毛利率持续性,https://insights.trendforce.com/p/glass-fiber-cloth-shortage
A股热度,CPO/PCB/光通信本地热区,2026-05-11：高带宽内存#17、PCB#33、印制电路板#37、CPO#48,rebound,A,热度回升,已接入,local market heat,日,每日收盘,只作为买点窗口和风险提示，不作为公司入池依据,/api/market_heat/fine_dashboard?days=63&pool_size=50
