symbol,signal_date,score,pre20_return_pct,pre10_return_pct,pre5_return_pct,drawdown_from_20d_high_pct,close_vs_20d_high_pct,amount,amount_anomaly_20d,signal_return_1d_pct,active_buy_strength,support_pressure_spread,pre20_super_net_ratio,pre20_main_net_ratio,pre10_super_net_ratio,pre10_main_net_ratio,pre20_super_positive_day_ratio,pre20_main_positive_day_ratio,pre5_order_available_ratio,trend_score,fund_score,repair_score,liquidity_score,rank,strategy_name,entry_signal_date,entry_date,gross_entry_price,entry_price,exit_signal_date,exit_date,gross_exit_price,exit_price,return_pct,net_return_pct,max_runup_pct,max_drawdown_pct,holding_days,exit_reason,final_cum_super_amount,final_cum_super_peak_amount,final_cum_super_ratio,final_super_peak_drawdown_pct,final_super_decline_streak,future_days_available,is_mature_trade
sz001267,2026-03-02,79.15,19.42,14.62,5.43,-19.24,6.68,1729711373.77,1.3365484518419075,9.999999999999986,10.005504375726723,1.6846993160764643,0.02696,0.01732,0.05773,0.06149,0.7,0.55,0.0,62.31,100.0,70.69,77.88,1,趋势中继原型,2026-03-02,2026-03-03,36.91,37.0023,2026-03-04,2026-03-05,34.66,34.5733,-6.1,-6.56,0.0,-9.97,2,hard_stop_8pct,-220372749.93,0.0,-0.03796,0.0,1,36,True
sh603688,2026-03-02,75.79,23.4,15.57,13.67,-19.11,2.48,1878540600.3700004,1.8501145326340467,6.177370030581053,5.646684958478254,-0.04574476435754149,0.02886,0.0269,0.04406,0.04632,0.6,0.55,0.0,68.27,91.43,55.24,95.0,2,趋势中继原型,2026-03-02,2026-03-03,52.2,52.3305,2026-03-13,2026-03-16,47.9,47.7803,-8.24,-8.7,6.8,-8.37,9,cum_super_peak_dd_20pct_3d,8129632.42,306894148.03,0.00068,97.35,3,36,True
sh603115,2026-03-02,73.97,20.98,21.19,10.79,-21.78,6.51,436781445.64,1.698255633311855,9.843638948116551,7.514711837611564,0.14056201528899748,0.02725,0.02452,0.04203,0.05359,0.6,0.6,0.0,69.12,91.43,65.46,48.73,3,趋势中继原型,2026-03-02,2026-03-03,30.99,31.0675,2026-04-03,2026-04-07,42.0,41.895,35.53,34.85,56.02,-13.46,24,cum_super_peak_dd_20pct_3d,236740431.09,320513804.99,0.02062,26.14,3,36,True
sh601898,2026-03-02,72.13,12.54,7.89,4.33,-10.1,7.82,1932851166.13,2.35917975280061,9.096901779828602,6.599302551338866,-0.20037297799056275,0.02037,0.03575,0.00148,0.03207,0.6,0.7,0.0,47.45,87.2,69.5,100.0,4,趋势中继原型,2026-03-02,2026-03-03,16.59,16.6315,2026-03-19,2026-03-20,17.67,17.6258,6.51,5.98,19.17,-3.62,13,cum_super_peak_dd_20pct_3d,58811511.11,265842397.3,0.00306,77.88,3,36,True
sz000731,2026-03-02,71.71,12.88,13.04,13.53,-13.81,9.0,1293406561.95,8.415821532495952,8.998732572877067,-10.238614433063255,1.6429377511014567,0.04457,0.0399,0.06728,0.08178,0.55,0.3,0.0,52.49,87.14,61.85,100.0,5,趋势中继原型,2026-03-02,2026-03-03,8.33,8.3508,2026-03-05,2026-03-06,7.48,7.4613,-10.2,-10.65,1.32,-10.2,3,hard_stop_8pct,167008.14,167008.14,9e-05,0.0,0,36,True
sh600725,2026-03-02,70.13,15.17,13.24,13.24,-14.66,-0.93,361676538.74999994,2.231134501658351,-0.9276437847866359,6.815255627359935,0.11824774965445506,0.03083,0.04218,0.05625,0.0591,0.55,0.65,0.0,55.61,95.71,58.47,53.29,6,趋势中继原型,2026-03-02,2026-03-03,5.35,5.3634,2026-03-16,2026-03-17,4.89,4.8778,-8.6,-9.05,3.74,-9.35,10,hard_stop_8pct,-50197771.46,0.0,-0.02403,0.0,1,36,True
sz002531,2026-03-03,82.39,32.48,7.87,1.86,-14.98,-2.18,990740617.4899999,1.6471774558827486,4.55927051671734,6.644632327357307,0.018310022603048592,0.04932,0.04089,0.04083,0.02857,0.75,0.65,0.2,72.73,100.0,67.25,87.56,1,趋势中继原型,2026-03-03,2026-03-04,10.17,10.1954,2026-03-20,2026-03-23,11.07,11.0423,8.85,8.31,31.76,-0.69,13,cum_super_peak_dd_20pct_3d,227839792.3,372382752.9,0.01822,38.82,3,35,True
sh601898,2026-03-03,75.63,26.72,15.25,10.41,-17.32,4.85,2518312400.4500003,2.74133454745961,5.740181268882161,2.801783363628445,-0.04593721937728129,0.01683,0.03956,0.0031,0.04294,0.55,0.7,0.2,72.26,84.1,58.09,100.0,2,趋势中继原型,2026-03-03,2026-03-04,17.0,17.0425,2026-03-19,2026-03-20,17.67,17.6258,3.94,3.42,16.29,-5.18,12,cum_super_peak_dd_20pct_3d,46575625.39,253606511.58,0.00279,81.63,3,35,True
sh601015,2026-03-03,75.56,31.55,5.51,5.51,-18.68,4.21,1159557440.6799998,1.5687058205305635,10.058027079303677,11.125907354304417,-0.006875281793133681,0.03974,0.02626,0.01984,0.01416,0.65,0.5,0.2,69.77,88.07,60.97,85.62,3,趋势中继原型,2026-03-03,2026-03-04,5.84,5.8546,2026-03-05,2026-03-06,4.9,4.8878,-16.1,-16.51,0.51,-15.75,2,hard_stop_8pct,-123982975.09,0.0,-0.05596,0.0,1,35,True
sh605366,2026-03-03,74.09,34.75,13.64,12.96,-17.08,3.85,859184761.5199999,3.155048155454617,4.947368421052634,3.2791043698398,-0.06695655176451881,0.01941,0.03029,0.02357,0.03146,0.6,0.55,0.2,81.14,78.33,53.46,89.7,4,趋势中继原型,2026-03-03,2026-03-04,9.75,9.7744,2026-04-01,2026-04-02,11.32,11.2917,16.1,15.52,23.08,-10.15,21,cum_super_peak_dd_20pct_3d,-20692408.99,22847498.45,-0.00198,190.57,3,35,True
sh600583,2026-03-03,73.47,23.33,21.63,6.16,-18.28,9.96,3273711412.1599994,3.1994366061034993,9.962168978562435,-11.286865086443406,0.13835918727519864,0.0143,0.0189,0.02488,0.02935,0.5,0.65,0.2,72.14,81.92,52.65,100.0,5,趋势中继原型,2026-03-03,2026-03-04,8.36,8.3809,2026-03-06,2026-03-09,8.11,8.0897,-2.99,-3.47,1.91,-11.48,3,hard_stop_8pct,-187305041.77,0.0,-0.02917,0.0,0,35,True
sh600989,2026-03-03,73.42,16.31,13.4,10.82,-13.56,8.32,8861485300.020002,4.0680700775032825,8.320668693009114,2.3037644085415323,0.04159511502763169,0.00397,0.03108,0.00844,0.04093,0.5,0.75,0.2,57.22,76.76,77.57,100.0,6,趋势中继原型,2026-03-03,2026-03-04,27.77,27.8394,2026-03-26,2026-03-27,29.82,29.7455,7.38,6.85,31.4,-9.04,17,cum_super_peak_dd_20pct_3d,1020300793.06,1668212948.79,0.00923,38.84,3,35,True
sz000968,2026-03-03,72.79,20.51,22.54,9.24,-19.24,10.04,872590991.68,2.314973368751636,10.042283298097242,-2.1835825296930693,2.610641755977932,0.00921,-0.01039,0.04062,0.04428,0.55,0.35,0.2,68.51,87.14,50.68,90.68,7,趋势中继原型,2026-03-03,2026-03-04,10.58,10.6064,2026-03-10,2026-03-11,9.21,9.187,-12.95,-13.38,7.75,-13.8,5,hard_stop_8pct,-6988585.38,67375878.29,-0.00117,110.37,1,35,True
sz000554,2026-03-03,71.83,29.74,22.03,13.07,-21.81,10.04,198437336.35,0.4490906069240693,10.040567951318469,4.53276055073394,3.613963271181553,0.00514,0.00258,0.0325,0.05226,0.4,0.6,0.2,80.38,89.24,65.4,1.35,8,趋势中继原型,2026-03-03,2026-03-04,11.93,11.9598,2026-03-05,2026-03-06,10.56,10.5336,-11.48,-11.93,0.08,-12.66,2,hard_stop_8pct,-72740845.52,0.0,-0.02266,0.0,1,35,True
sz000822,2026-03-03,70.79,19.24,7.6,4.83,-14.07,-0.14,1035377088.0200001,2.4289252763409874,4.322766570605174,4.072714517049995,-0.0692777644878837,0.03471,0.03265,0.00211,0.0071,0.55,0.5,0.2,55.81,84.83,57.43,100.0,9,趋势中继原型,2026-03-03,2026-03-04,6.75,6.7669,2026-03-19,2026-03-20,5.97,5.9551,-11.56,-12.0,7.7,-11.7,12,hard_stop_8pct,-49617540.33,0.0,-0.00806,0.0,2,35,True
sh601866,2026-03-03,70.5,11.32,10.07,8.06,-14.43,6.56,2438739365.54,4.715938165901852,10.169491525423723,13.658921721068864,0.12201231037008065,0.02478,0.01583,0.03948,0.03982,0.4,0.4,0.2,47.83,74.29,80.59,100.0,10,趋势中继原型,2026-03-03,2026-03-04,3.14,3.1479,2026-03-05,2026-03-06,2.8,2.793,-10.83,-11.27,0.0,-12.42,2,hard_stop_8pct,-297741687.22,0.0,-0.10695,0.0,1,35,True
sz002531,2026-03-04,72.93,39.84,7.95,5.2,-13.41,-3.45,517803353.48,0.8387029377329727,0.4844961240309864,7.782845929667509,-0.11933112088735554,0.05253,0.04363,0.05124,0.03896,0.8,0.65,0.4,79.9,100.0,45.45,26.01,1,趋势中继原型,2026-03-04,2026-03-05,10.62,10.6465,2026-03-20,2026-03-23,11.07,11.0423,4.24,3.72,26.18,-4.9,12,cum_super_peak_dd_20pct_3d,195974241.3,340517201.9,0.01635,42.45,3,34,True
sh600236,2026-03-04,72.69,20.98,15.05,16.96,-20.06,3.63,436361274.94000006,3.153457015685979,10.040567951318469,10.489257069453181,0.20769126523076864,0.01966,0.04153,0.02408,0.0321,0.6,0.65,0.4,64.7,86.16,69.0,58.76,2,趋势中继原型,2026-03-04,2026-03-05,11.08,11.1077,2026-03-11,2026-03-12,9.99,9.965,-9.84,-10.29,7.76,-11.55,5,hard_stop_8pct,28426762.56,30764060.09,0.00977,7.6,1,34,True
sh600681,2026-03-04,72.53,12.0,12.8,12.0,-15.34,-1.47,773000677.0000001,4.06588080097584,-1.4705882352941013,5.774269752677078,0.1663174572355512,0.06127,0.0276,0.10322,0.0747,0.7,0.65,0.4,51.14,100.0,55.37,83.39,3,趋势中继原型,2026-03-04,2026-03-05,4.53,4.5413,2026-03-25,2026-03-26,4.75,4.7381,4.86,4.33,12.58,-6.4,15,cum_super_peak_dd_20pct_3d,-146995767.8,32207418.82,-0.02542,556.4,3,34,True
sz002380,2026-03-05,78.2,16.28,6.52,7.05,-16.12,1.53,810228776.06,3.267386932940932,6.969253294289901,10.798359355422473,0.890966147426171,0.0251,0.04617,0.0357,0.0627,0.55,0.8,0.6,51.04,100.0,77.11,86.11,1,趋势中继原型,2026-03-05,2026-03-06,36.55,36.6414,2026-03-13,2026-03-16,37.5,37.4062,2.6,2.09,17.65,-1.23,6,cum_super_peak_dd_20pct_3d,-943054.22,72800780.0,-0.00023,101.3,3,33,True
sh600860,2026-03-05,75.86,23.52,11.73,4.28,-13.62,5.45,1368807467.4900005,3.2808865850791995,6.796769851951545,9.54649654195832,0.07350921697885571,0.03265,0.03214,0.0431,0.05047,0.4,0.4,0.6,65.0,74.29,81.44,100.0,2,趋势中继原型,2026-03-05,2026-03-06,16.13,16.1703,2026-03-17,2026-03-18,13.88,13.8453,-13.95,-14.38,2.79,-11.84,8,hard_stop_8pct,-108390947.4,0.0,-0.02009,0.0,1,33,True
sz002536,2026-03-05,73.57,27.61,16.43,9.93,-20.7,2.83,3088760219.949999,1.971623489423193,5.082339579784212,1.195332135901353,0.003942586589061214,0.02748,0.03894,0.04553,0.06011,0.45,0.45,0.6,74.45,78.57,55.3,99.05,3,趋势中继原型,2026-03-05,2026-03-06,36.2,36.2905,2026-03-13,2026-03-16,36.78,36.6881,1.6,1.1,15.11,-9.34,6,cum_super_peak_dd_20pct_3d,94805674.82,281672973.83,0.00758,66.34,3,33,True
sz002531,2026-03-05,72.23,38.27,7.13,-0.1,-13.49,-2.98,508773130.01,0.8068936927101034,0.5785920925747368,7.1089770403733965,-0.15186397355237946,0.05421,0.04768,0.05474,0.05461,0.85,0.7,0.6,78.02,100.0,45.58,24.29,4,趋势中继原型,2026-03-05,2026-03-06,10.39,10.416,2026-03-20,2026-03-23,11.07,11.0423,6.54,6.01,28.97,-2.79,11,cum_super_peak_dd_20pct_3d,144344113.3,288887073.9,0.01257,50.03,3,33,True
sh603826,2026-03-05,70.25,26.14,11.68,3.01,-14.51,2.42,554223903.57,2.0744198209676235,3.7211493170042242,12.151246118437065,-0.01077882081866155,0.03634,0.03018,0.01876,0.02214,0.5,0.4,0.6,68.32,78.64,61.95,67.38,5,趋势中继原型,2026-03-05,2026-03-06,21.92,21.9748,2026-03-17,2026-03-18,23.5,23.4413,7.21,6.67,20.26,-0.55,8,cum_super_peak_dd_20pct_3d,22547231.33,63905712.33,0.00853,64.72,3,33,True
sz002913,2026-03-06,80.39,22.19,14.21,-1.25,-20.75,5.36,1023563205.1599998,3.4295794446968624,10.002070822116371,9.662496121530666,0.7687290912601763,0.02363,0.03811,0.03121,0.04898,0.45,0.7,0.8,65.5,96.68,67.58,100.0,1,趋势中继原型,2026-03-06,2026-03-09,52.0,52.13,2026-03-10,2026-03-11,52.8,52.668,1.54,1.03,4.81,-1.52,2,violent_super_outflow,-24590850.46,34369462.54,-0.01286,171.55,1,32,True
sz002380,2026-03-06,77.85,24.8,15.78,12.43,-19.67,1.73,889003813.9399999,3.1406542606864907,4.62633451957295,6.831933423414895,-0.041264561641662256,0.03068,0.0583,0.04051,0.07122,0.6,0.8,0.8,70.26,100.0,50.35,91.88,2,趋势中继原型,2026-03-06,2026-03-09,36.7,36.7918,2026-03-13,2026-03-16,37.5,37.4062,2.18,1.67,17.17,-1.63,5,cum_super_peak_dd_20pct_3d,-43638251.22,30105583.0,-0.01338,244.95,3,32,True
sh603826,2026-03-06,73.81,34.43,19.67,6.43,-20.88,2.88,510526677.20000005,1.7690859144981916,8.537693006357848,6.708783601249962,-0.1284511797888081,0.03857,0.04199,0.02805,0.05117,0.55,0.45,0.8,86.12,87.14,47.31,56.49,3,趋势中继原型,2026-03-06,2026-03-09,23.89,23.9497,2026-03-17,2026-03-18,23.5,23.4413,-1.63,-2.12,10.34,-4.27,7,cum_super_peak_dd_20pct_3d,13426146.33,54784627.33,0.0063,75.49,3,32,True
sz002531,2026-03-06,73.72,32.53,10.25,3.06,-13.49,-0.74,579661481.6999999,0.9414783122494119,2.301054650047951,3.873726683399184,-0.08527074004475788,0.05582,0.04752,0.05539,0.05086,0.85,0.7,0.8,75.26,100.0,50.96,33.96,4,趋势中继原型,2026-03-06,2026-03-09,10.48,10.5062,2026-03-20,2026-03-23,11.07,11.0423,5.63,5.1,27.86,-3.63,10,cum_super_peak_dd_20pct_3d,121171009.54,265713970.14,0.01112,54.4,3,32,True
sh600590,2026-03-06,73.69,31.93,14.03,-3.1,-21.53,1.57,431605470.15,0.3737069301995753,9.99320190346702,38.674402213203734,1.2831153552283125,0.04409,0.03543,0.00421,0.00339,0.55,0.6,0.8,77.87,91.43,65.96,18.41,5,趋势中继原型,2026-03-06,2026-03-09,15.77,15.8094,2026-03-13,2026-03-16,14.6,14.5635,-7.42,-7.88,9.07,-9.45,5,hard_stop_8pct,-127179641.49,59552145.14,-0.01704,313.56,3,32,True
sh600468,2026-03-06,71.92,19.08,17.28,9.9,-15.67,2.11,1580979449.5800002,4.285151308831532,2.1052631578947434,-9.942022265485907,0.0058609631152771735,0.06944,0.04918,0.101,0.07938,0.65,0.35,0.8,64.25,95.71,36.59,100.0,6,趋势中继原型,2026-03-06,2026-03-09,8.54,8.5613,2026-03-27,2026-03-30,8.96,8.9376,4.92,4.39,21.78,-4.68,15,cum_super_peak_dd_20pct_3d,109325509.96,253493156.83,0.00705,56.87,3,32,True
sh603688,2026-03-06,70.6,33.33,18.82,8.13,-21.15,1.04,2287841958.84,1.9728286729388347,1.0369532428356143,-5.295552869894422,-0.051977396109254836,0.038,0.03443,0.02095,0.0249,0.6,0.6,0.8,83.94,90.93,14.74,99.09,7,趋势中继原型,2026-03-06,2026-03-09,51.41,51.5385,2026-03-13,2026-03-16,47.9,47.7803,-6.83,-7.29,7.47,-6.32,5,cum_super_peak_dd_20pct_3d,-221415066.17,77349449.44,-0.03365,386.25,3,32,True
sh600468,2026-03-09,75.12,21.25,20.25,11.92,-20.77,-0.66,1345487442.52,3.2056170618731277,3.550973654066425,0.2418400415469968,0.015139037493987595,0.03612,0.01888,0.04756,0.03283,0.6,0.35,1.0,69.46,89.53,51.77,100.0,1,趋势中继原型,2026-03-09,2026-03-10,8.82,8.8421,2026-03-27,2026-03-30,8.96,8.9376,1.59,1.08,17.91,-7.71,14,cum_super_peak_dd_20pct_3d,113284436.73,257452083.6,0.00799,56.0,3,31,True
sz002261,2026-03-09,75.05,25.81,23.26,8.99,-19.13,10.01,13505365183.670002,3.6871242784300704,10.012804097311157,1.546020690891531,0.19564438235886183,0.04638,0.02491,0.05621,0.03083,0.4,0.4,1.0,75.33,70.64,70.91,100.0,2,趋势中继原型,2026-03-09,2026-03-10,42.13,42.2353,2026-03-13,2026-03-16,36.5,36.4088,-13.36,-13.8,4.58,-13.46,4,hard_stop_8pct,-2325957411.24,0.0,-0.05642,0.0,3,31,True
sz002531,2026-03-09,74.57,33.71,11.61,8.11,-15.07,-2.1,513860423.51,0.8496845290980096,0.46860356138707093,1.8883676298163437,0.02005448890110806,0.05432,0.04152,0.05075,0.04936,0.85,0.7,1.0,77.8,100.0,54.49,26.08,3,趋势中继原型,2026-03-09,2026-03-10,10.58,10.6064,2026-03-20,2026-03-23,11.07,11.0423,4.63,4.11,26.65,-0.47,9,cum_super_peak_dd_20pct_3d,139918411.54,284461372.14,0.01347,50.81,3,31,True
sz002015,2026-03-09,74.22,49.9,25.46,13.93,-21.25,9.99,1776243905.7500002,1.2645450649911572,9.98719590268886,14.328446191207988,2.361268031812922,0.0352,0.00574,0.04121,0.00488,0.5,0.5,1.0,100.0,57.25,66.53,75.48,4,趋势中继原型,2026-03-09,2026-03-10,18.38,18.4259,2026-03-13,2026-03-16,22.25,22.1944,21.06,20.45,25.08,-7.13,4,violent_super_outflow,-293225075.11,562093998.82,-0.01042,152.17,1,31,True
sh600989,2026-03-09,73.29,32.18,20.34,8.78,-20.94,5.0,9667763330.87,3.2265962741919774,7.020607754104091,4.026485596177402,0.20759817841231654,0.00152,0.02343,0.00042,0.02421,0.55,0.75,1.0,83.52,61.26,67.18,100.0,5,趋势中继原型,2026-03-09,2026-03-10,27.58,27.6489,2026-03-26,2026-03-27,29.82,29.7455,8.12,7.58,32.31,0.0,13,cum_super_peak_dd_20pct_3d,434111338.04,1082023493.77,0.00521,59.88,3,31,True
sz000601,2026-03-09,72.53,20.39,18.76,9.84,-16.94,9.93,1418735557.81,5.0152660818055645,9.934853420195445,9.930167511094929,1.1833506987669629,0.02612,0.00184,0.03892,0.00724,0.6,0.5,1.0,67.25,67.14,75.42,100.0,6,趋势中继原型,2026-03-09,2026-03-10,6.59,6.6065,2026-03-30,2026-03-31,7.33,7.3117,11.23,10.67,36.57,-7.28,15,cum_super_peak_dd_20pct_3d,123866010.36,539712935.2,0.00586,77.05,3,31,True
sh600075,2026-03-09,70.21,25.7,7.63,2.86,-13.21,0.7,990383497.6000003,3.2841959987450613,0.6954102920723182,-4.691609166812512,-0.05084093621513097,0.02147,0.05791,0.03812,0.0915,0.4,0.65,1.0,64.14,95.71,30.16,99.3,7,趋势中继原型,2026-03-09,2026-03-10,6.88,6.8972,2026-03-16,2026-03-17,7.3,7.2818,6.1,5.58,18.17,-2.76,5,cum_super_peak_dd_20pct_3d,-107049347.97,26120365.49,-0.02912,509.83,3,31,True
sz002384,2026-03-10,82.5,27.55,24.5,3.54,-20.96,9.49,9450955292.660002,1.5149757500614383,9.995928338762216,4.327317040930495,0.4579495504027349,0.03602,0.03195,0.02544,0.03156,0.75,0.7,1.0,77.56,97.33,67.13,83.83,1,趋势中继原型,2026-03-10,2026-03-11,109.19,109.463,2026-03-19,2026-03-20,117.07,116.7773,7.22,6.68,10.36,-7.32,7,cum_super_peak_dd_20pct_3d,-1489338561.06,173205258.87,-0.02017,959.87,3,30,True
sz002730,2026-03-10,78.58,20.79,15.14,10.43,-14.55,3.91,1104549423.99,4.075286063688939,3.9123630672926346,4.827088527863179,-0.007430190339834386,0.03548,0.05284,0.03873,0.06486,0.55,0.65,1.0,64.53,95.71,62.88,100.0,2,趋势中继原型,2026-03-10,2026-03-11,19.92,19.9698,2026-03-16,2026-03-17,19.49,19.4413,-2.16,-2.65,1.91,-7.08,4,cum_super_peak_dd_20pct_3d,-22361286.0,1933825.0,-0.01085,1256.32,3,30,True
sh603138,2026-03-10,73.66,35.25,11.28,12.57,-17.87,-0.45,1398411515.8700001,1.836064960528287,3.5637612709317423,-3.871448507510216,0.03456181181397888,0.04406,0.03419,0.01638,-0.00057,0.55,0.55,1.0,79.68,86.43,40.21,94.54,3,趋势中继原型,2026-03-10,2026-03-11,23.49,23.5487,2026-03-13,2026-03-16,20.33,20.2792,-13.45,-13.88,1.75,-15.07,3,hard_stop_8pct,-107163855.7,0.0,-0.05337,0.0,2,30,True
sh603588,2026-03-11,83.0,43.38,24.12,13.01,-21.73,4.06,1648987226.4599998,2.048277315575941,4.272915230875274,12.38049484641975,0.0689760319151621,0.01788,0.03205,0.01814,0.03051,0.65,0.7,1.0,97.92,82.67,58.77,100.0,1,趋势中继原型,2026-03-11,2026-03-12,15.12,15.1578,2026-03-19,2026-03-20,14.11,14.0747,-6.68,-7.15,8.73,-7.08,6,cum_super_peak_dd_20pct_3d,-332046958.88,96738000.08,-0.03613,443.24,3,29,True
sh601016,2026-03-11,77.86,15.09,14.38,12.96,-16.84,6.05,2183191611.7399993,3.7031481144580463,10.10928961748634,19.787738127378283,0.12488912492325555,0.04046,0.0386,0.0386,0.03956,0.5,0.6,1.0,56.53,91.43,75.62,100.0,2,趋势中继原型,2026-03-11,2026-03-12,4.23,4.2406,2026-03-13,2026-03-16,4.39,4.379,3.78,3.26,12.29,-1.89,2,violent_super_outflow,-489050841.75,421223528.72,-0.05469,216.1,1,29,True
sz002432,2026-03-11,72.7,28.47,18.46,4.33,-19.4,8.98,2423736024.13,2.021653086528122,10.000000000000009,14.12984046284204,1.1934323330150136,0.03555,0.01616,0.03467,0.01672,0.4,0.45,1.0,77.37,62.58,70.34,100.0,3,趋势中继原型,2026-03-11,2026-03-12,60.18,60.3304,2026-03-13,2026-03-16,56.23,56.0894,-6.56,-7.03,1.86,-9.84,2,hard_stop_8pct,-393689309.37,0.0,-0.07663,0.0,1,29,True
sz002730,2026-03-11,72.11,24.34,17.45,12.67,-18.72,-0.64,730734433.0,2.436011893805886,1.2550200803212785,0.20749685953282437,-0.11308708098062215,0.0382,0.0519,0.04243,0.06019,0.6,0.65,1.0,71.16,95.71,36.93,80.3,4,趋势中继原型,2026-03-11,2026-03-12,19.96,20.0099,2026-03-23,2026-03-24,22.78,22.7231,14.13,13.56,19.64,-7.26,8,cum_super_peak_dd_20pct_3d,-10817214.36,21722491.0,-0.00208,149.8,3,29,True
sh603301,2026-03-11,71.93,30.5,2.02,0.8,-9.38,1.43,539552903.49,1.2451193529944635,5.07048410009836,2.1888865769432186,-0.20194465622409435,0.0226,0.01694,0.0119,0.05097,0.5,0.7,1.0,65.3,89.15,68.08,41.15,5,趋势中继原型,2026-03-11,2026-03-12,98.0,98.245,2026-03-23,2026-03-24,90.72,90.4932,-7.43,-7.89,0.0,-10.0,8,hard_stop_8pct,6480636.88,9152599.0,0.00271,29.19,0,29,True
sz000839,2026-03-11,71.33,25.69,-3.98,14.56,-19.36,5.57,2213994730.9,3.2926913610646236,9.944751381215466,9.807390914689918,1.7343636569988912,0.06094,0.02907,0.07219,0.03041,0.5,0.35,1.0,53.76,78.84,70.43,100.0,6,趋势中继原型,2026-03-11,2026-03-12,4.17,4.1804,2026-03-13,2026-03-16,3.81,3.8005,-8.63,-9.09,2.16,-13.19,2,hard_stop_8pct,-588808176.69,0.0,-0.14992,0.0,1,29,True
sz000545,2026-03-11,71.2,17.97,1.75,2.35,-16.4,1.32,506014319.61,1.2495692375204506,10.057471264367823,35.029264987325675,1.889409183631146,0.06272,0.04054,0.06232,0.04251,0.65,0.5,1.0,48.95,95.71,76.53,38.84,7,趋势中继原型,2026-03-11,2026-03-12,4.16,4.1704,2026-03-18,2026-03-19,3.82,3.8104,-8.17,-8.63,4.09,-12.5,5,hard_stop_8pct,105028081.23,112169638.59,0.02301,6.37,1,29,True
sh603115,2026-03-11,70.17,31.69,12.4,6.7,-16.19,0.59,510267313.0,1.5485368925329561,0.5937499999999929,3.286465068947109,-0.051646338788704615,0.03729,0.03343,0.01639,0.00287,0.6,0.6,1.0,76.1,90.05,43.62,49.12,8,趋势中继原型,2026-03-11,2026-03-12,32.51,32.5913,2026-04-03,2026-04-07,42.0,41.895,29.19,28.55,48.72,-9.23,17,cum_super_peak_dd_20pct_3d,160198971.09,243972344.99,0.01871,34.34,3,29,True
sz000967,2026-03-11,70.1,21.05,9.86,9.05,-14.01,7.23,1109645772.22,3.498922199287783,7.840909090909087,2.550932501943322,0.5291940987484585,0.00134,0.02355,-0.00394,0.04192,0.55,0.6,1.0,60.15,61.98,81.45,100.0,9,趋势中继原型,2026-03-11,2026-03-12,9.68,9.7042,2026-03-16,2026-03-17,8.89,8.8678,-8.16,-8.62,0.21,-9.81,3,hard_stop_8pct,-73854047.97,0.0,-0.04686,0.0,0,29,True
sh603629,2026-03-12,77.7,46.32,18.7,9.27,-21.82,-2.19,3015817963.3599997,1.3507415739351043,1.6943784639746662,6.742354617897988,0.013296797342277844,0.02635,0.01675,0.03151,0.03712,0.5,0.55,1.0,98.48,84.09,43.57,78.36,1,趋势中继原型,2026-03-12,2026-03-13,62.34,62.4958,2026-03-20,2026-03-23,58.67,58.5233,-5.89,-6.36,15.3,-9.21,6,violent_super_outflow,46951355.17,516295583.37,0.00415,90.91,1,28,True
sz000833,2026-03-12,76.66,44.77,16.31,15.0,-21.59,-4.6,2299209109.05,1.7040556272022944,0.181686046511631,3.316733361042971,0.022031284353657643,0.03317,0.03058,0.02671,0.02736,0.6,0.55,1.0,91.53,85.96,40.41,90.14,2,趋势中继原型,2026-03-12,2026-03-13,28.17,28.2404,2026-03-18,2026-03-19,27.35,27.2816,-2.91,-3.4,7.6,-8.98,4,cum_super_peak_dd_20pct_3d,61807088.92,132698220.5,0.00977,53.42,3,28,True
sz002531,2026-03-12,75.16,28.04,6.45,5.94,-14.42,-0.09,918267130.8799999,1.49756825522059,2.1719457013574583,4.970783609150544,-0.06572544597361518,0.04834,0.04664,0.03363,0.04773,0.75,0.7,1.0,66.1,100.0,50.42,77.27,3,趋势中继原型,2026-03-12,2026-03-13,11.5,11.5287,2026-03-16,2026-03-17,12.0,11.97,4.35,3.83,16.52,-1.65,2,violent_super_outflow,161021542.92,276847780.72,0.04976,41.84,1,28,True
sz000545,2026-03-12,74.95,32.99,14.33,12.32,-14.62,2.87,1279703230.78,2.7577454735391305,2.872062663185382,-11.158078312654322,-0.26323589490719357,0.08203,0.05957,0.07559,0.05521,0.65,0.5,1.0,79.5,95.71,30.42,100.0,4,趋势中继原型,2026-03-12,2026-03-13,3.93,3.9398,2026-03-19,2026-03-20,3.42,3.4115,-12.98,-13.41,10.18,-11.96,5,hard_stop_8pct,110811780.22,137681226.58,0.02897,19.52,2,28,True
sh603936,2026-03-12,73.27,29.58,14.65,17.35,-16.73,1.3,2185213399.8599997,3.6586110499291404,1.2970168612191912,-2.9717280195225086,0.02766916254214491,0.04362,0.02751,0.05447,0.04192,0.6,0.4,1.0,75.4,91.43,34.61,100.0,5,趋势中继原型,2026-03-12,2026-03-13,15.3,15.3383,2026-03-18,2026-03-19,14.25,14.2144,-6.86,-7.33,3.73,-7.06,4,cum_super_peak_dd_20pct_3d,-82836240.46,17367973.4,-0.02111,576.95,3,28,True
sh601330,2026-03-12,71.88,16.41,15.13,12.5,-14.58,10.04,950455220.4000002,7.356248236241446,10.035842293906839,3.4195877588343038,0.19915018045809701,0.04293,0.01128,0.07214,0.05276,0.35,0.25,1.0,58.89,70.0,80.28,96.37,6,趋势中继原型,2026-03-12,2026-03-13,9.21,9.233,2026-03-31,2026-04-01,8.49,8.4688,-7.82,-8.28,32.46,-8.9,13,hard_stop_8pct,-162674991.39,0.0,-0.01316,0.0,0,28,True
sz002150,2026-03-12,71.05,26.89,8.16,10.62,-12.62,9.27,699335542.44,1.1426466304422405,10.00673854447438,11.18451718571285,2.4546313631232,0.02688,0.01388,0.02485,0.02086,0.6,0.5,1.0,66.14,71.95,84.32,49.42,7,趋势中继原型,2026-03-12,2026-03-13,33.0,33.0825,2026-03-31,2026-04-01,31.66,31.5809,-4.06,-4.54,19.73,-4.67,13,cum_super_peak_dd_20pct_3d,363511066.46,509742329.08,0.01756,28.69,4,28,True
sh603826,2026-03-12,70.99,24.0,17.08,9.58,-20.15,3.79,468052946.51,1.430398945704591,5.636137588064649,11.05246381968771,-0.05995276474432032,0.03376,0.04787,0.02241,0.05863,0.65,0.55,1.0,70.39,94.63,50.17,42.09,8,趋势中继原型,2026-03-12,2026-03-13,25.56,25.6239,2026-03-17,2026-03-18,23.5,23.4413,-8.06,-8.52,1.13,-8.84,3,hard_stop_8pct,-41358481.0,0.0,-0.05761,0.0,2,28,True
sz002531,2026-03-13,85.11,26.43,11.56,5.81,-15.63,7.25,1358291306.76,2.1014748747149907,10.008857395925608,16.7530533904983,1.5313029843292025,0.04467,0.04879,0.02,0.0337,0.7,0.7,1.0,68.59,100.0,78.11,100.0,1,趋势中继原型,2026-03-13,2026-03-16,12.8,12.832,2026-03-18,2026-03-19,11.66,11.6309,-8.91,-9.36,4.69,-14.22,3,hard_stop_8pct,-120592362.7,0.0,-0.02412,0.0,1,27,True
sz002733,2026-03-13,76.98,29.05,15.99,6.69,-21.11,1.18,1945424342.74,2.717204429816676,6.580996884735213,3.647143691543839,0.2653070624597298,0.06872,0.04858,0.07771,0.05405,0.3,0.45,1.0,75.91,78.57,66.83,100.0,2,趋势中继原型,2026-03-13,2026-03-16,27.27,27.3382,2026-03-19,2026-03-20,24.8,24.738,-9.06,-9.51,9.97,-9.06,4,hard_stop_8pct,29655700.78,53245762.36,0.00632,44.3,1,27,True
sh600844,2026-03-13,74.48,25.08,20.49,12.57,-20.3,5.84,1019387880.0099999,4.066367547465998,5.8375634517766395,4.523633120843826,0.12028433778200032,0.04086,0.02096,0.0493,0.03229,0.4,0.4,1.0,74.39,71.91,67.98,100.0,3,趋势中继原型,2026-03-13,2026-03-16,4.17,4.1804,2026-03-19,2026-03-20,3.69,3.6808,-11.51,-11.95,10.07,-11.03,4,hard_stop_8pct,-32000445.52,0.0,-0.01272,0.0,0,27,True
sz002652,2026-03-13,73.82,28.47,13.29,9.37,-20.3,2.61,579241884.39,3.195311261587675,2.607076350093096,0.5430559727759885,-0.019698108281682725,0.02057,0.05972,0.03078,0.08839,0.45,0.75,1.0,72.76,96.31,45.44,69.21,4,趋势中继原型,2026-03-13,2026-03-16,5.49,5.5037,2026-03-19,2026-03-20,4.9,4.8878,-10.75,-11.19,11.84,-12.02,4,hard_stop_8pct,48842366.8,79341936.6,0.0239,38.44,0,27,True
sh603115,2026-03-13,72.61,41.88,14.25,10.86,-20.32,-4.6,339291452.0,0.9673281851168708,-0.12441679626749025,3.300147095954543,0.05647200330882496,0.0359,0.03604,0.02834,0.01807,0.6,0.65,1.0,85.97,95.71,46.38,17.23,5,趋势中继原型,2026-03-13,2026-03-16,32.62,32.7015,2026-03-17,2026-03-18,30.18,30.1045,-7.48,-7.94,0.8,-8.31,2,hard_stop_8pct,-25660567.6,0.0,-0.04084,0.0,1,27,True
sh600121,2026-03-13,71.56,18.98,7.08,8.44,-11.87,9.92,299188885.25,1.0149875452858106,9.922178988326857,42.60429164789638,1.5078871416731547,0.0463,0.02582,0.06168,0.04798,0.6,0.35,1.0,55.01,91.43,85.86,15.89,6,趋势中继原型,2026-03-13,2026-03-16,5.72,5.7343,2026-03-17,2026-03-18,5.17,5.1571,-9.62,-10.07,2.27,-11.19,2,hard_stop_8pct,-89663154.17,0.0,-0.03832,0.0,0,27,True
sz000545,2026-03-13,71.33,33.56,11.93,5.07,-21.39,-5.29,961047165.8599999,1.8997822794543424,0.0,0.8843001240625981,-0.16450862477547856,0.06925,0.03727,0.06814,0.03626,0.65,0.5,1.0,71.92,95.71,27.5,93.81,7,趋势中继原型,2026-03-13,2026-03-16,3.87,3.8797,2026-03-19,2026-03-20,3.42,3.4115,-11.63,-12.07,11.89,-10.59,4,hard_stop_8pct,102482363.88,129351810.24,0.03578,20.77,2,27,True
sh603936,2026-03-13,71.15,32.15,16.13,13.35,-21.18,-5.28,1132622924.75,1.7610860119396823,-1.216389244558258,0.8721490466194126,0.04574569449178034,0.025,0.01922,0.02978,0.03311,0.6,0.4,1.0,73.87,85.21,39.86,92.04,8,趋势中继原型,2026-03-13,2026-03-16,15.4,15.4385,2026-03-19,2026-03-20,14.26,14.2244,-7.4,-7.86,2.21,-8.9,4,hard_stop_8pct,-114259709.33,0.0,-0.03432,0.0,3,27,True
sz000545,2026-03-16,80.38,30.46,13.22,8.84,-21.39,-1.92,1068323754.4500002,1.9374100345929222,3.5532994923857864,7.560056747177754,0.6472083519063605,0.06349,0.03455,0.05876,0.03091,0.65,0.5,1.0,75.25,95.32,58.6,97.91,1,趋势中继原型,2026-03-16,2026-03-17,4.0,4.01,2026-03-19,2026-03-20,3.42,3.4115,-14.5,-14.93,3.5,-13.5,3,hard_stop_8pct,-23054870.12,3814576.24,-0.01284,704.39,2,26,True
sz002831,2026-03-16,72.51,13.57,8.51,15.78,-20.14,2.65,1306138379.73,3.1621320281252006,10.011574074074069,16.085944052377666,0.19762417666140286,0.00948,0.01863,0.04632,0.05354,0.45,0.55,1.0,49.33,87.14,68.83,100.0,2,趋势中继原型,2026-03-16,2026-03-17,36.16,36.2504,2026-03-23,2026-03-24,32.73,32.6482,-9.49,-9.94,8.9,-11.64,5,hard_stop_8pct,-67097074.4,0.0,-0.01762,0.0,1,26,True
sz002531,2026-03-16,71.63,32.55,25.84,15.86,-21.34,-1.85,1877788751.4300003,2.6891201148762285,-1.85185185185186,-8.991395852777508,-0.04884146457377425,0.05889,0.05543,0.05745,0.06203,0.7,0.7,1.0,83.99,100.0,5.72,100.0,3,趋势中继原型,2026-03-16,2026-03-17,12.0,12.03,2026-03-20,2026-03-23,11.07,11.0423,-7.75,-8.21,6.25,-8.92,4,cum_super_peak_dd_20pct_3d,-28716722.8,12024975.25,-0.00579,338.81,3,26,True
sz000912,2026-03-16,71.42,28.63,12.52,4.51,-19.32,-0.65,1480558695.8899994,2.8133962695649393,1.661129568106312,-1.1521233117844147,0.38155349471668054,0.04747,0.04144,0.05274,0.04806,0.45,0.55,1.0,72.27,87.14,36.96,100.0,4,趋势中继原型,2026-03-16,2026-03-17,5.81,5.8245,2026-03-18,2026-03-19,5.99,5.975,3.1,2.58,15.32,-0.34,2,violent_super_outflow,-69159659.51,11575979.01,-0.02813,697.44,1,26,True
sh600367,2026-03-16,71.27,29.91,5.31,6.9,-18.09,1.25,2637999426.4300003,2.650027316464714,8.10483870967742,9.610799248091794,0.07007764581669257,0.02391,0.01476,0.02835,0.01741,0.55,0.55,1.0,67.48,65.93,71.81,100.0,5,趋势中继原型,2026-03-16,2026-03-17,26.81,26.877,2026-03-20,2026-03-23,23.25,23.1919,-13.28,-13.71,8.17,-11.64,4,hard_stop_8pct,-222100044.11,0.0,-0.03363,0.0,3,26,True
sh603175,2026-03-17,75.88,26.8,21.81,9.23,-19.36,8.63,1769700284.33,3.9944484369084456,8.629096269418302,6.048203712106137,0.194617600324562,0.02637,0.01255,0.04817,0.03268,0.4,0.4,1.0,76.6,72.26,70.44,100.0,1,趋势中继原型,2026-03-17,2026-03-18,94.65,94.8866,2026-03-20,2026-03-23,85.05,84.8374,-10.14,-10.59,5.64,-8.27,3,violent_super_outflow,-88052973.79,78657330.94,-0.03165,211.95,2,25,True
sz002730,2026-03-17,74.99,21.33,13.36,-1.2,-16.26,2.96,858771025.42,2.189395500904091,6.1991869918699205,4.321922291433612,-0.060382081235961005,0.02466,0.03997,0.03048,0.03765,0.55,0.65,1.0,63.64,91.76,59.28,89.67,2,趋势中继原型,2026-03-17,2026-03-18,20.91,20.9623,2026-03-23,2026-03-24,22.78,22.7231,8.94,8.4,14.2,-1.43,4,cum_super_peak_dd_20pct_3d,-22340233.36,10199472.0,-0.00744,319.03,3,25,True
sh600307,2026-03-18,79.8,19.57,18.28,16.4,-18.47,9.01,1358624470.62,3.4173892622200306,9.999999999999986,6.004621249223575,0.18173212790531168,0.06442,0.07544,0.10066,0.11874,0.6,0.6,1.0,65.77,91.43,72.27,100.0,1,趋势中继原型,2026-03-18,2026-03-19,2.39,2.396,2026-03-20,2026-03-23,2.04,2.0349,-14.64,-15.07,5.02,-11.72,2,hard_stop_8pct,-167519563.85,0.0,-0.05953,0.0,1,24,True
sh600791,2026-03-18,77.57,41.82,11.96,13.04,-16.35,-0.64,303239523.0,1.6494114817353294,-0.6410256410256276,11.941572339170314,0.023976273237970913,0.01646,0.00855,0.03705,0.03826,0.7,0.5,1.0,88.73,100.0,48.88,37.33,2,趋势中继原型,2026-03-18,2026-03-19,9.35,9.3734,2026-03-23,2026-03-24,8.3,8.2793,-11.23,-11.67,3.21,-12.51,3,hard_stop_8pct,8609044.0,8609044.0,0.01348,0.0,0,24,True
sz002730,2026-03-18,73.45,28.3,18.21,3.62,-21.19,-0.65,785239414.08,1.8454774876939448,2.5358851674641247,1.0977751301619953,-0.17751467491390982,0.02526,0.04027,0.03571,0.04239,0.55,0.65,1.0,76.93,95.71,35.85,79.14,3,趋势中继原型,2026-03-18,2026-03-19,21.0,21.0525,2026-03-30,2026-03-31,24.3,24.2393,15.71,15.14,28.57,-0.38,8,cum_super_peak_dd_20pct_3d,-22738114.92,38461541.08,-0.00322,159.12,3,24,True
sz000539,2026-03-19,76.74,14.26,10.87,4.08,-10.87,9.98,803990291.2599998,3.4886568088626504,9.982174688057043,0.15330081014641905,2.0886306604627354,0.03572,0.03024,0.06694,0.06679,0.5,0.55,1.0,52.33,87.14,87.91,85.66,1,趋势中继原型,2026-03-19,2026-03-20,6.05,6.0651,2026-03-30,2026-03-31,6.14,6.1246,1.49,0.98,34.55,-3.31,7,cum_super_peak_dd_20pct_3d,-211303210.9,26410443.19,-0.01651,900.07,3,23,True
sz002730,2026-03-19,71.93,30.91,21.49,10.18,-21.71,-1.33,602188148.88,1.3365677829074099,0.7466168922071859,1.4831538775067656,-0.05820148520887636,0.02448,0.03834,0.0334,0.03946,0.55,0.7,1.0,81.88,98.6,31.91,48.78,2,趋势中继原型,2026-03-19,2026-03-20,21.63,21.6841,2026-03-30,2026-03-31,24.3,24.2393,12.34,11.78,24.83,-1.02,7,cum_super_peak_dd_20pct_3d,-12340507.56,48859148.44,-0.00191,125.26,3,23,True
sh603489,2026-03-19,71.28,23.26,12.14,7.0,-11.92,-3.03,379052656.76000005,2.0296235948303187,-3.0269975456776677,0.7241092209882254,0.1684003188517843,0.01747,0.03327,0.03085,0.02998,0.65,0.6,1.0,63.11,90.57,60.76,54.56,3,趋势中继原型,2026-03-19,2026-03-20,35.93,36.0198,2026-03-20,2026-03-23,32.61,32.5285,-9.24,-9.69,0.81,-8.71,1,hard_stop_8pct,-16131286.0,0.0,-0.0434,0.0,0,23,True
sh600791,2026-03-19,70.84,40.27,12.86,12.59,-19.03,-3.93,184301304.67,0.9745542127432963,-0.10752688172044333,4.400158699104448,-0.014766281415494298,0.01717,0.01816,0.03842,0.06173,0.7,0.55,1.0,83.93,100.0,40.19,6.13,4,趋势中继原型,2026-03-19,2026-03-20,9.25,9.2731,2026-03-23,2026-03-24,8.3,8.2793,-10.27,-10.72,4.32,-11.57,2,hard_stop_8pct,5902051.0,5902051.0,0.01299,0.0,0,23,True
sz000048,2026-03-19,70.65,17.94,20.41,5.39,-19.98,-1.7,619840830.4000002,2.505700828766268,0.46948356807510194,2.9315860570646137,0.09983924856977278,0.01875,0.03912,0.02162,0.0321,0.55,0.7,1.0,65.21,88.29,51.87,72.18,5,趋势中继原型,2026-03-19,2026-03-20,21.25,21.3031,2026-03-23,2026-03-24,19.68,19.6308,-7.39,-7.85,1.88,-10.12,2,hard_stop_8pct,-22536973.46,0.0,-0.03089,0.0,0,23,True
sz002730,2026-03-20,79.11,31.65,23.87,12.45,-21.71,4.94,814636095.6800001,1.6777933012480388,6.345530338119509,1.0681317420309853,-0.021260772290654373,0.02176,0.03728,0.02994,0.03501,0.5,0.75,1.0,82.84,95.57,52.94,75.7,1,趋势中继原型,2026-03-20,2026-03-23,22.0,22.055,2026-03-30,2026-03-31,24.3,24.2393,10.45,9.9,22.73,-1.82,6,cum_super_peak_dd_20pct_3d,-11543217.56,49656438.44,-0.00205,123.25,3,22,True
sh600617,2026-03-20,77.36,20.2,5.52,4.91,-17.93,0.76,652068529.9300002,2.293274532956651,9.917355371900838,17.393452067403928,0.3970641941235755,0.06298,0.05541,0.0752,0.07021,0.7,0.45,1.0,55.19,100.0,73.38,74.54,2,趋势中继原型,2026-03-20,2026-03-23,4.07,4.0802,2026-04-01,2026-04-02,3.7,3.6908,-9.09,-9.54,13.51,-9.83,8,hard_stop_8pct,-126017545.96,0.0,-0.01885,0.0,3,22,True
sz000539,2026-03-20,77.27,29.62,19.57,16.2,-18.96,7.94,2157025598.9699993,6.507527868256129,7.94165316045381,-7.84192044455903,0.12176113028765845,0.04261,0.02399,0.06851,0.05207,0.55,0.55,1.0,79.84,87.14,51.25,100.0,3,趋势中继原型,2026-03-20,2026-03-23,6.13,6.1453,2026-03-30,2026-03-31,6.14,6.1246,0.16,-0.34,32.79,-2.94,6,cum_super_peak_dd_20pct_3d,146951.9,237860605.99,1e-05,99.94,3,22,True
sz002902,2026-03-20,73.94,14.75,14.59,8.51,-18.95,2.46,2134074895.53,6.183705340503854,2.4624373956594336,2.910260656272598,0.7232004214297756,0.03871,0.02838,0.0536,0.04505,0.6,0.5,1.0,56.28,91.43,60.23,100.0,4,趋势中继原型,2026-03-20,2026-03-23,23.0,23.0575,2026-03-31,2026-04-01,28.76,28.6881,25.04,24.42,28.83,-2.43,7,cum_super_peak_dd_20pct_3d,-117710941.06,75864581.73,-0.01314,255.16,3,22,True
sh605117,2026-03-20,72.37,35.32,10.41,-4.39,-19.41,0.34,4661435675.6,2.233725961924801,9.913288024373102,8.637012843648833,0.27678716722266633,0.00835,0.01772,0.01379,0.02547,0.5,0.55,1.0,78.99,60.25,70.33,100.0,5,趋势中继原型,2026-03-20,2026-03-23,133.67,134.0042,2026-04-03,2026-04-07,122.5,122.1938,-8.36,-8.81,6.22,-10.32,10,hard_stop_8pct,-564847449.78,0.0,-0.02373,0.0,3,22,True
sh600617,2026-03-23,76.24,27.07,10.53,17.7,-18.55,3.01,1300271505.28,3.7493540889573054,3.007518796992481,-8.880127179679747,0.08869298713514923,0.07822,0.06995,0.10448,0.10114,0.7,0.5,1.0,68.49,100.0,42.76,100.0,1,趋势中继原型,2026-03-23,2026-03-24,4.06,4.0701,2026-04-01,2026-04-02,3.7,3.6908,-8.87,-9.32,13.79,-9.61,7,hard_stop_8pct,-51470686.12,6949946.82,-0.00956,840.59,3,21,True
sh600032,2026-03-23,75.12,23.98,13.21,13.21,-16.93,6.53,1713776801.9400003,3.630523174021441,10.133060388945747,4.25871058222873,0.1598371005080219,0.01676,0.02797,0.01818,0.03283,0.45,0.6,1.0,66.91,74.81,75.44,100.0,2,趋势中继原型,2026-03-23,2026-03-24,10.83,10.8571,2026-03-26,2026-03-27,12.09,12.0598,11.63,11.08,30.19,-7.11,3,violent_super_outflow,-158492282.83,186150088.57,-0.02358,185.14,1,21,True
sz001258,2026-03-23,74.54,27.65,3.1,5.46,-21.8,-0.19,891610261.5000001,1.6653785995608044,10.05181347150257,35.50493584241906,2.654513514905301,0.03956,0.03278,0.04697,0.02959,0.45,0.6,1.0,62.6,89.49,65.4,80.91,3,趋势中继原型,2026-03-23,2026-03-24,10.62,10.6465,2026-03-30,2026-03-31,9.56,9.5361,-9.98,-10.43,16.1,-10.92,5,hard_stop_8pct,-237064632.55,0.0,-0.03985,0.0,4,21,True
sh605117,2026-03-23,74.34,45.65,13.01,8.23,-18.49,-2.71,3727869304.0099998,1.6658172476252564,-2.6368159203979946,0.8989206607633307,-0.05375041575209233,0.01745,0.02645,0.02879,0.04103,0.55,0.6,1.0,92.42,85.99,30.52,88.86,4,趋势中继原型,2026-03-23,2026-03-24,135.43,135.7686,2026-04-02,2026-04-03,124.5,124.1888,-8.07,-8.53,1.07,-9.7,8,hard_stop_8pct,-250848199.22,0.0,-0.01356,0.0,2,21,True
sh600310,2026-03-23,73.85,23.86,13.23,15.09,-13.93,4.1,1269418799.3799999,4.192523662075652,4.098360655737698,-5.8554390455146645,0.012775342375518917,0.05314,0.0444,0.06939,0.06238,0.6,0.55,1.0,66.78,91.43,47.26,100.0,5,趋势中继原型,2026-03-23,2026-03-24,4.92,4.9323,2026-03-30,2026-03-31,5.69,5.6758,15.65,15.07,47.56,-3.46,5,violent_super_outflow,-250734717.11,204854502.79,-0.03813,222.4,2,21,True
sh603538,2026-03-23,71.4,30.58,23.29,10.78,-21.34,-3.88,1224981826.2,3.187710456274439,-3.87931034482758,-2.927574198488138,0.053609909670021716,0.08792,0.08379,0.11452,0.11306,0.65,0.55,1.0,77.94,95.71,18.07,100.0,6,趋势中继原型,2026-03-23,2026-03-24,27.7,27.7692,2026-03-26,2026-03-27,37.9,37.8053,36.82,36.14,28.59,-1.3,3,violent_super_outflow,262161345.66,330328566.22,0.11027,20.64,1,21,True
sz001258,2026-03-24,80.55,34.43,13.22,10.4,-15.79,6.48,1759541354.1499999,2.870728452987306,6.685499058380429,-10.05815336892121,0.28692241923684936,0.06913,0.0597,0.06815,0.05074,0.5,0.6,1.0,80.36,91.43,57.79,100.0,1,趋势中继原型,2026-03-24,2026-03-25,10.88,10.9072,2026-03-30,2026-03-31,9.56,9.5361,-12.13,-12.57,13.33,-13.05,4,hard_stop_8pct,-95954963.23,0.0,-0.0229,0.0,3,20,True
sh603738,2026-03-24,72.89,33.6,5.88,4.07,-15.35,-1.77,1911977197.8000002,1.6468789968295747,7.653490328006729,11.838811617651835,0.02108835017823074,0.00549,0.00337,0.01205,0.02828,0.65,0.55,1.0,72.74,69.75,71.33,88.23,2,趋势中继原型,2026-03-24,2026-03-25,26.02,26.085,2026-03-26,2026-03-27,23.3,23.2418,-10.45,-10.9,1.84,-8.69,2,hard_stop_8pct,-88192768.78,3844899.82,-0.03505,2393.76,1,20,True
sh605299,2026-03-24,70.8,17.37,16.44,10.31,-20.92,3.53,727981321.1,2.8782962899998914,10.027285129604358,7.325002504106148,0.05270420612169746,0.0204,0.03726,0.0332,0.06394,0.5,0.5,1.0,61.3,81.28,63.8,80.1,3,趋势中继原型,2026-03-24,2026-03-25,16.1,16.1403,2026-04-24,2026-04-24,20.93,20.8777,30.0,29.35,48.94,0.0,20,window_end,678244687.52,678244687.52,0.03357,0.0,0,20,True
sh603738,2026-03-25,73.64,33.4,11.79,6.44,-15.63,-2.98,1561247763.1700003,1.316187123805593,-0.8593750000000067,0.48390799194230993,0.09546402381860242,0.00926,0.01215,0.02023,0.04417,0.65,0.55,1.0,75.91,82.79,56.67,77.21,1,趋势中继原型,2026-03-25,2026-03-26,24.8,24.862,2026-04-02,2026-04-03,25.43,25.3664,2.54,2.03,10.32,-6.17,6,cum_super_peak_dd_20pct_3d,4224894.37,134844038.8,0.00059,96.87,3,19,True
sz000509,2026-03-25,72.88,28.21,13.35,7.91,-14.76,1.1,805454273.3399999,2.667682003190059,2.0000000000000018,2.0930192225678077,-0.0734008668857653,0.05584,0.05474,0.06838,0.07072,0.55,0.55,1.0,72.48,87.14,48.24,85.76,2,趋势中继原型,2026-03-25,2026-03-26,4.58,4.5915,2026-03-31,2026-04-01,4.18,4.1696,-8.73,-9.19,0.66,-14.41,4,hard_stop_8pct,-62850458.68,0.0,-0.0416,0.0,3,19,True
sh603115,2026-03-25,70.96,23.67,9.38,6.73,-16.19,3.18,430685299.0,1.1741012531408277,3.1809145129224614,1.4582647735092458,0.077107451257583,0.03174,0.02943,0.04784,0.05729,0.55,0.6,1.0,63.09,91.43,67.79,30.81,3,趋势中继原型,2026-03-25,2026-03-26,38.0,38.095,2026-04-03,2026-04-07,42.0,41.895,10.53,9.98,27.24,-1.03,7,cum_super_peak_dd_20pct_3d,38145.69,83811519.59,1e-05,99.95,3,19,True
sh603115,2026-03-26,79.28,28.1,13.0,11.1,-21.74,4.69,903359787.66,2.262690244884216,8.670520231213864,0.24717620935772544,0.16913899727127024,0.03327,0.03021,0.04572,0.05559,0.6,0.6,1.0,72.02,91.43,65.53,92.93,1,趋势中继原型,2026-03-26,2026-03-27,38.5,38.5962,2026-04-03,2026-04-07,42.0,41.895,9.09,8.55,25.58,-1.3,6,cum_super_peak_dd_20pct_3d,-5563689.31,78209684.59,-0.00134,107.11,3,18,True
sz000791,2026-03-26,70.28,29.37,4.05,12.67,-13.95,-3.14,1553347590.4299998,1.8582368747627085,-3.1351351351351253,5.637877119039231,-0.014393509860732845,0.00745,0.0035,0.03542,0.04116,0.55,0.5,1.0,63.53,87.14,44.78,95.27,2,趋势中继原型,2026-03-26,2026-03-27,8.84,8.8621,2026-03-30,2026-03-31,7.83,7.8104,-11.43,-11.87,1.24,-12.22,2,hard_stop_8pct,-38240680.48,0.0,-0.0216,0.0,1,18,True
sh603026,2026-03-27,78.93,28.51,16.88,13.14,-20.3,10.0,2800197273.9299994,2.3940819437952148,9.997655883731827,0.47385067629102195,0.08537402553945084,0.03206,0.03082,0.04988,0.04609,0.5,0.45,1.0,76.01,82.86,68.5,100.0,1,趋势中继原型,2026-03-27,2026-03-30,94.78,95.0169,2026-03-31,2026-04-01,87.59,87.371,-7.59,-8.05,1.24,-8.95,2,hard_stop_8pct,-262947294.78,0.0,-0.05502,0.0,1,17,True
sh600513,2026-03-27,71.8,11.17,8.23,3.74,-16.49,5.61,667545663.0199999,2.021954002292084,10.008591065292084,18.0098730184392,0.27285815384668705,0.02299,0.035,0.02307,0.01396,0.75,0.7,1.0,46.0,89.56,76.33,75.67,2,趋势中继原型,2026-03-27,2026-03-30,26.37,26.4359,2026-04-07,2026-04-08,25.43,25.3664,-3.56,-4.05,22.37,-5.54,6,cum_super_peak_dd_20pct_3d,-367960974.34,16804193.05,-0.04209,2289.7,3,17,True
sh603906,2026-03-27,70.4,11.87,11.99,17.59,-17.97,4.33,1616761966.58,3.2932864010331144,7.122370936902467,11.657646262466912,-0.13746512362616398,0.03061,0.03121,0.04188,0.05222,0.6,0.55,1.0,50.25,91.43,53.3,100.0,3,趋势中继原型,2026-03-27,2026-03-30,22.0,22.055,2026-04-02,2026-04-03,22.55,22.4936,2.5,1.99,8.18,-4.5,4,cum_super_peak_dd_20pct_3d,-65009970.65,69549004.02,-0.01183,193.47,3,17,True
sh600996,2026-03-30,75.68,21.31,15.84,8.44,-19.66,9.98,996333995.4299998,2.6822992863656943,9.980039920159678,7.940487334857629,0.01630047803697693,0.02599,0.04667,0.04874,0.07747,0.5,0.55,1.0,65.83,87.14,61.85,99.73,1,趋势中继原型,2026-03-30,2026-03-31,10.5,10.5262,2026-04-02,2026-04-03,9.61,9.586,-8.48,-8.93,5.71,-11.9,3,hard_stop_8pct,-124329266.18,0.0,-0.04291,0.0,2,16,True
sz002432,2026-03-30,70.39,40.57,26.27,13.42,-21.91,9.99,4066795597.5399995,1.6057599001132203,9.994172494172492,-3.604049099459516,0.516525872106937,0.02733,0.01346,0.02643,0.01531,0.55,0.55,1.0,94.3,63.2,45.18,86.86,2,趋势中继原型,2026-03-30,2026-03-31,75.49,75.6787,2026-04-15,2026-04-17,74.2,74.0145,-1.71,-2.2,25.58,-2.64,11,cum_super_peak_dd_20pct_3d,-465825069.27,41501082.08,-0.01391,1222.44,3,16,True
sh603826,2026-03-31,73.96,26.41,8.02,3.41,-15.7,3.67,691453139.38,2.028437100325338,9.888800635424943,14.41147137886324,0.3588614303241059,0.00923,0.04205,-0.00305,0.01011,0.65,0.8,1.0,65.4,77.45,77.97,77.42,1,趋势中继原型,2026-03-31,2026-04-01,27.62,27.689,2026-04-24,2026-04-24,34.77,34.6831,25.89,25.26,32.55,-6.41,15,window_end,-68570392.3,18111852.79,-0.00936,478.59,2,15,True
sh603826,2026-04-01,80.28,30.33,14.48,9.19,-18.68,3.98,719628881.76,2.017052783315494,3.975424647632808,3.8256969318223852,0.019083723163546118,0.02544,0.0558,0.03678,0.04608,0.7,0.85,1.0,76.21,100.0,57.88,79.49,1,趋势中继原型,2026-04-01,2026-04-02,28.5,28.5712,2026-04-24,2026-04-24,34.77,34.6831,22.0,21.39,28.46,-9.3,14,window_end,-79976964.85,6705280.24,-0.01211,1292.75,2,14,True
sh605162,2026-04-01,73.8,17.75,13.49,6.03,-18.38,9.15,650410370.74,2.796562621483756,9.991386735572782,3.093054144741174,0.09982731237223053,0.02832,0.03186,0.03545,0.04862,0.55,0.55,1.0,59.15,87.14,72.46,74.42,2,趋势中继原型,2026-04-01,2026-04-02,13.4,13.4335,2026-04-15,2026-04-17,13.0,12.9675,-2.99,-3.47,15.52,-9.55,9,cum_super_peak_dd_20pct_3d,85416288.72,117100551.35,0.01434,27.06,3,14,True
sz002821,2026-04-01,73.26,13.96,11.37,14.79,-17.55,10.0,2192346026.47,4.505673576557229,10.002708314525588,8.757132759244527,0.7767535530611196,0.03913,0.03828,0.07544,0.05773,0.4,0.5,1.0,52.39,82.86,74.16,100.0,3,趋势中继原型,2026-04-01,2026-04-02,124.01,124.32,2026-04-20,2026-04-21,113.53,113.2462,-8.45,-8.91,4.67,-10.35,11,hard_stop_8pct,-608055038.36,0.0,-0.03264,0.0,4,14,True
sh600186,2026-04-01,71.76,27.7,9.91,1.0,-18.15,-1.34,1829612729.2300003,1.383310491248158,3.3802816901408406,2.8424163878596573,-0.12022090526368967,0.03707,0.02427,0.05034,0.04,0.6,0.45,1.0,68.75,91.43,44.75,79.44,4,趋势中继原型,2026-04-01,2026-04-02,7.34,7.3583,2026-04-13,2026-04-14,7.57,7.5511,3.13,2.62,8.58,-6.4,7,cum_super_peak_dd_20pct_3d,263708773.74,376454706.72,0.03064,29.95,3,14,True
sz002294,2026-04-01,70.26,31.17,3.69,7.47,-15.57,3.27,908168634.6300002,1.64557088907219,7.731202087750777,4.191280046299738,-0.04224548464573541,0.01076,0.03747,-0.00683,0.01471,0.6,0.65,1.0,67.66,74.5,62.95,81.47,5,趋势中继原型,2026-04-01,2026-04-02,64.98,65.1424,2026-04-17,2026-04-20,58.15,58.0046,-10.51,-10.96,9.25,-10.56,10,hard_stop_8pct,-112871073.07,0.0,-0.01342,0.0,1,14,True
sz002294,2026-04-02,79.64,37.26,14.65,17.42,-18.92,2.55,1301704676.3800004,2.158973774815668,3.4065102195306673,3.083231177413687,0.07583187580189943,0.01339,0.03902,-0.00353,0.01297,0.65,0.7,1.0,85.27,81.09,62.72,100.0,1,趋势中继原型,2026-04-02,2026-04-03,67.0,67.1675,2026-04-17,2026-04-20,58.15,58.0046,-13.21,-13.64,2.06,-13.25,9,hard_stop_8pct,-110166158.09,0.0,-0.0155,0.0,1,13,True
sz002869,2026-04-03,71.6,12.11,5.73,-0.61,-16.09,0.58,564488036.88,2.5526497357779276,6.5708418891170295,12.91106407193768,0.3546254087091576,0.03612,0.06592,0.01922,0.06193,0.55,0.6,1.0,44.97,91.43,77.18,68.13,1,趋势中继原型,2026-04-03,2026-04-07,25.9,25.9647,2026-04-07,2026-04-08,23.44,23.3814,-9.5,-9.95,0.15,-9.73,1,hard_stop_8pct,-21590349.32,0.0,-0.04235,0.0,0,12,True
sz000950,2026-04-03,71.57,12.09,18.43,16.1,-20.18,10.02,1021576729.51,5.8774572974838115,10.015408320493059,13.567314635923616,2.2816216904705673,0.08925,0.0419,0.15882,0.10045,0.45,0.4,1.0,56.29,78.57,68.74,100.0,2,趋势中继原型,2026-04-03,2026-04-07,7.26,7.2781,2026-04-08,2026-04-09,6.43,6.4139,-11.43,-11.87,2.07,-10.47,2,hard_stop_8pct,-317592597.33,0.0,-0.09049,0.0,1,12,True
sh601133,2026-04-07,76.63,25.19,14.19,7.27,-16.05,5.83,895053197.4399999,1.9346196869016694,10.01026694045175,11.963440172747724,0.16052938324890115,0.04845,0.0436,0.04188,0.04033,0.45,0.45,1.0,69.34,78.57,77.25,90.14,1,趋势中继原型,2026-04-07,2026-04-08,22.45,22.5061,2026-04-21,2026-04-23,23.78,23.7206,5.92,5.4,16.88,-3.12,9,cum_super_peak_dd_20pct_3d,30678122.43,94167513.75,0.0043,67.42,3,11,True
sz002645,2026-04-07,73.33,16.45,18.39,3.87,-20.7,0.97,971911185.8800001,1.639639798524695,6.101694915254252,1.6260858851717472,-0.05568419975637773,0.04167,0.05525,0.06011,0.08279,0.6,0.65,1.0,61.86,95.71,50.72,85.93,2,趋势中继原型,2026-04-07,2026-04-08,18.8,18.847,2026-04-23,2026-04-24,21.96,21.9051,16.81,16.23,26.97,-0.74,10,violent_super_outflow,-71924695.05,323666967.02,-0.00605,122.22,2,11,True
sz003031,2026-04-07,71.05,15.93,19.29,12.01,-18.84,3.48,2400614238.0899997,2.1705320770730827,3.4774754431523336,3.0691543268784827,0.049679870829595796,0.03176,0.01902,0.04407,0.04154,0.4,0.45,1.0,61.99,78.57,59.83,100.0,3,趋势中继原型,2026-04-07,2026-04-08,93.64,93.8741,2026-04-24,2026-04-24,127.79,127.4705,36.47,35.79,42.12,-4.1,11,window_end,25915151.72,106651137.44,0.00131,75.7,0,11,True
sz000703,2026-04-08,76.59,18.99,16.64,16.16,-17.09,4.73,1497341729.48,2.4260690753748095,4.731638418079087,5.46809922264265,0.09689951197739499,0.01663,0.03176,0.02762,0.06267,0.6,0.6,1.0,63.56,84.97,71.14,100.0,1,趋势中继原型,2026-04-08,2026-04-09,14.74,14.7768,2026-04-21,2026-04-23,15.0,14.9625,1.76,1.26,16.69,-1.02,8,cum_super_peak_dd_20pct_3d,24398918.49,145190231.55,0.00254,83.2,3,10,True
sh603588,2026-04-08,71.03,10.41,18.49,7.16,-20.5,5.17,1757367288.5799997,1.3251180041665123,7.927590511860183,6.489800135756234,-0.08091784989061868,0.01962,0.02741,0.0489,0.08563,0.75,0.6,1.0,54.18,100.0,48.09,77.5,2,趋势中继原型,2026-04-08,2026-04-09,17.3,17.3433,2026-04-10,2026-04-13,16.25,16.2094,-6.07,-6.54,7.86,-3.99,2,violent_super_outflow,-98076134.11,353430168.81,-0.0171,127.75,1,10,True
sz002645,2026-04-09,78.76,23.48,12.37,4.99,-17.43,8.18,895723101.8599999,1.3292375417357178,10.025839793281644,22.48540583376395,1.5327660025615681,0.04219,0.06589,0.04829,0.08797,0.65,0.65,1.0,65.52,95.71,74.41,70.01,1,趋势中继原型,2026-04-09,2026-04-10,21.13,21.1828,2026-04-24,2026-04-24,22.41,22.354,6.06,5.53,12.97,-3.45,9,window_end,-385529640.18,0.0,-0.03713,0.0,0,9,False
sh603588,2026-04-09,77.03,14.28,19.0,14.58,-21.65,6.39,3210174890.09,2.286032188159516,6.882591093117418,4.195008147865266,0.0068805369757847235,0.02181,0.02404,0.05491,0.08984,0.75,0.6,1.0,59.61,100.0,56.59,100.0,2,趋势中继原型,2026-04-09,2026-04-10,18.21,18.2555,2026-04-10,2026-04-13,16.25,16.2094,-10.76,-11.21,0.33,-8.79,1,hard_stop_8pct,-451506302.92,0.0,-0.17891,0.0,0,9,False
sz002947,2026-04-09,74.01,24.89,14.45,14.32,-15.72,9.85,1979944856.3799996,3.2507958004994255,10.000000000000009,8.307904674716326,1.1279682404151627,0.01189,0.03095,0.00698,0.03124,0.55,0.6,1.0,69.19,67.92,77.93,100.0,3,趋势中继原型,2026-04-09,2026-04-10,68.86,69.0322,2026-04-24,2026-04-24,83.3,83.0918,20.97,20.37,21.64,-4.14,9,window_end,33955228.57,33955228.57,0.00277,0.0,0,9,False
sz000703,2026-04-09,70.2,15.59,15.86,16.96,-19.62,4.49,1551636647.21,2.397962172598479,5.192178017532023,6.190571468050663,0.0008133821744091829,0.01718,0.04044,0.01799,0.05282,0.6,0.65,1.0,58.49,80.83,57.47,100.0,4,趋势中继原型,2026-04-09,2026-04-10,15.59,15.629,2026-04-21,2026-04-23,15.0,14.9625,-3.78,-4.26,10.33,-5.97,7,cum_super_peak_dd_20pct_3d,5470415.57,126261728.63,0.00068,95.67,3,9,False
sz002990,2026-04-09,70.0,21.53,11.1,6.43,-14.64,0.88,454003824.0,1.7736312613916174,1.9920318725099584,5.341664038494969,0.1420629157520048,0.02613,0.0481,0.01446,0.05449,0.6,0.5,1.0,61.88,83.67,67.63,52.5,5,趋势中继原型,2026-04-09,2026-04-10,33.43,33.5136,2026-04-20,2026-04-21,48.88,48.7578,46.22,45.49,61.68,-0.84,6,violent_super_outflow,18188271.53,298754414.89,0.00311,93.91,2,9,False
sh600176,2026-04-13,75.29,11.92,16.85,12.52,-20.34,7.57,3724995106.070001,1.6681947615542656,9.965753424657532,10.723041311090924,0.29762947889606317,0.01606,0.02757,0.033,0.05435,0.6,0.65,1.0,54.66,93.96,68.43,88.94,1,趋势中继原型,2026-04-13,2026-04-14,33.06,33.1427,2026-04-24,2026-04-24,33.0,32.9175,-0.18,-0.68,4.36,-6.59,7,window_end,-1072550490.14,0.0,-0.03303,0.0,1,7,False
sz002950,2026-04-13,72.29,20.0,16.0,16.49,-16.3,7.6,879143103.58,3.0866540561405946,7.595870206489663,0.9650710976916557,-0.05737843868032999,0.03214,0.04409,0.04434,0.06339,0.5,0.5,1.0,64.29,82.86,59.57,91.16,2,趋势中继原型,2026-04-13,2026-04-14,14.33,14.3658,2026-04-17,2026-04-20,13.15,13.1171,-8.23,-8.69,3.56,-9.91,3,hard_stop_8pct,-9883449.16,0.0,-0.00834,0.0,2,7,False
sz000951,2026-04-13,70.96,12.8,12.9,3.48,-13.57,3.97,701261901.4100002,1.541908608626469,4.507710557532629,4.277381260794144,0.11743649764006081,0.00408,0.03305,0.01728,0.04488,0.65,0.7,1.0,52.26,84.5,77.69,62.87,3,趋势中继原型,2026-04-13,2026-04-14,26.05,26.1151,2026-04-15,2026-04-17,24.04,23.9799,-7.72,-8.18,0.42,-10.02,2,hard_stop_8pct,-72876910.96,0.0,-0.04535,0.0,1,7,False
sh603800,2026-04-13,70.7,12.66,14.7,14.85,-17.27,8.7,576985066.5699999,3.2962043583766287,9.997706947947727,20.597402594228484,0.2367774396002077,0.00997,0.01964,0.03844,0.06173,0.35,0.5,1.0,53.69,82.86,74.74,69.05,4,趋势中继原型,2026-04-13,2026-04-14,48.13,48.2503,2026-04-24,2026-04-24,47.45,47.3314,-1.41,-1.9,4.47,-6.5,7,window_end,-35643110.3,50254775.7,-0.01226,170.92,2,7,False
sz002990,2026-04-13,70.07,29.18,18.22,11.73,-18.64,0.55,403906336.39,1.3807847906975794,2.35294117647058,1.5911009981766426,0.0014075766057086714,0.02487,0.04247,0.01618,0.04832,0.65,0.55,1.0,78.07,86.85,50.7,35.74,5,趋势中继原型,2026-04-13,2026-04-14,35.0,35.0875,2026-04-20,2026-04-21,48.88,48.7578,39.66,38.96,54.43,-0.2,4,violent_super_outflow,13422446.53,293988589.89,0.00268,95.43,2,7,False
sz002990,2026-04-14,77.15,20.21,19.83,11.18,-19.79,8.81,912109748.68,2.779553223147548,9.9712643678161,8.99943881301484,0.9080688525680722,0.02361,0.04184,0.01566,0.04526,0.65,0.6,1.0,67.98,85.75,69.55,93.57,1,趋势中继原型,2026-04-14,2026-04-15,37.96,38.0549,2026-04-20,2026-04-21,48.88,48.7578,28.77,28.12,42.39,-1.53,3,violent_super_outflow,-84752998.82,195813144.54,-0.02071,143.28,2,6,False
sz002008,2026-04-14,75.09,12.5,18.68,17.74,-21.91,6.2,3888503786.67,1.7143343658364985,9.144893111638952,9.23032158514031,0.8951621153134812,0.02177,0.02897,0.03218,0.05046,0.65,0.65,1.0,57.04,93.25,65.19,90.48,2,趋势中继原型,2026-04-14,2026-04-15,82.62,82.8265,2026-04-24,2026-04-24,102.46,102.2039,24.01,23.4,28.29,-5.11,6,window_end,1101364233.49,1101364233.49,0.03859,0.0,0,6,False
sh603890,2026-04-15,74.43,19.45,24.08,8.58,-20.95,8.59,1214090520.69,3.7856217973643393,10.383480825958703,19.21426608432965,0.22752163574509288,0.03697,0.03826,0.05469,0.05767,0.35,0.45,1.0,67.15,78.57,67.16,100.0,1,趋势中继原型,2026-04-15,2026-04-17,18.79,18.837,2026-04-24,2026-04-24,18.94,18.8927,0.8,0.3,10.7,-1.81,5,window_end,-151403280.17,0.0,-0.02556,0.0,4,5,False
sz002361,2026-04-15,72.56,37.33,-0.12,-1.79,-19.13,1.31,5407378442.789999,1.702402287362459,12.5,14.807041598458632,0.8420871994601098,0.04594,0.01432,0.02029,-0.01207,0.55,0.35,1.0,72.17,69.05,70.92,90.08,2,趋势中继原型,2026-04-15,2026-04-17,18.79,18.837,2026-04-24,2026-04-24,21.46,21.4064,14.21,13.64,26.66,-2.39,5,window_end,960010113.35,1086044994.11,0.02753,11.6,1,5,False
sz002705,2026-04-15,70.34,14.15,5.39,3.92,-10.27,8.58,824560773.7899998,2.617337766232534,10.798722044728425,21.1375490115649,0.6264199298565569,0.02241,0.04826,0.00441,0.0272,0.4,0.5,1.0,47.29,71.84,89.15,87.16,3,趋势中继原型,2026-04-15,2026-04-17,17.33,17.3733,2026-04-24,2026-04-24,18.75,18.7031,8.19,7.65,13.56,-1.33,5,window_end,-16951701.29,809126.83,-0.00391,2195.06,0,5,False
sz002705,2026-04-17,73.66,26.38,14.08,16.14,-17.36,2.36,1049498914.3100001,2.8807565423604267,2.3644752018454396,2.3586413165824567,0.004177537213444715,0.04564,0.06952,0.05659,0.07962,0.45,0.5,1.0,70.77,82.86,53.72,100.0,1,趋势中继原型,2026-04-17,2026-04-20,17.6,17.644,2026-04-24,2026-04-24,18.75,18.7031,6.53,6.0,11.82,-0.51,4,window_end,-17760828.12,0.0,-0.0054,0.0,0,4,False
sz002361,2026-04-17,70.7,49.88,9.06,12.98,-20.17,1.13,6439801444.950001,1.8685273798328552,1.1326860841424091,-5.108971107144981,-0.05884610866801987,0.05781,0.02853,0.03105,-0.0006,0.6,0.4,1.0,90.23,85.77,16.2,95.62,2,趋势中继原型,2026-04-17,2026-04-20,18.85,18.8971,2026-04-24,2026-04-24,21.46,21.4064,13.85,13.28,26.26,-0.53,4,window_end,951730323.1,1077765203.86,0.03347,11.69,1,4,False
sh605222,2026-04-17,70.07,14.16,9.88,10.26,-16.01,10.08,726201735.0799999,2.2626678061628787,10.077519379844958,7.537588030407267,-0.0657689483415218,0.02978,0.03992,0.03466,0.05134,0.6,0.5,1.0,51.31,91.13,59.12,79.97,3,趋势中继原型,2026-04-17,2026-04-20,29.05,29.1226,2026-04-24,2026-04-24,33.44,33.3564,15.11,14.54,23.51,-0.86,4,cum_super_peak_dd_20pct_3d,34338866.98,106542032.5,0.00982,67.77,3,4,False
sz002906,2026-04-20,70.42,10.19,14.14,5.53,-16.49,0.84,628373942.8399999,2.2734146478356325,2.226403261210419,5.824723419398623,0.698237521875916,0.02045,0.03185,0.04829,0.05013,0.6,0.55,1.0,50.01,91.43,64.56,72.81,1,趋势中继原型,2026-04-20,2026-04-21,32.5,32.5812,2026-04-24,2026-04-24,31.77,31.6906,-2.25,-2.73,0.92,-2.46,3,window_end,6649795.0,6649795.0,0.00844,0.0,0,3,False
sz000026,2026-04-21,74.86,27.78,23.61,8.47,-21.77,4.04,532635353.69,3.3628500905234544,5.505617977528088,9.084129965237121,0.030255484466731986,0.08085,0.08175,0.10114,0.09874,0.55,0.4,1.0,77.86,87.14,57.7,65.8,1,趋势中继原型,2026-04-21,2026-04-23,17.01,17.0525,2026-04-24,2026-04-24,18.41,18.364,8.23,7.69,12.52,0.0,2,window_end,47728916.47,47728916.47,0.05218,0.0,0,2,False
sh603278,2026-04-21,72.0,16.61,20.73,17.04,-19.38,2.24,869782319.21,5.435565330334521,4.746835443037978,0.8906722416519486,-0.022793842760574168,0.03248,0.04609,0.04805,0.06646,0.25,0.55,1.0,63.5,87.14,53.62,90.47,2,趋势中继原型,2026-04-21,2026-04-23,12.69,12.7217,2026-04-24,2026-04-24,12.43,12.3989,-2.05,-2.54,5.59,-3.07,2,window_end,-12285731.8,0.0,-0.01077,0.0,1,2,False
sh600166,2026-04-23,77.38,26.49,12.62,-1.45,-18.8,1.91,2140630661.1100001,2.5458669053026375,10.32448377581121,3.517135646415518,-0.023992045247716476,0.02962,0.03579,0.02837,0.03115,0.65,0.6,1.0,69.61,91.01,58.59,100.0,1,趋势中继原型,2026-04-23,2026-04-24,3.76,3.7694,2026-04-24,2026-04-24,3.69,3.6808,-1.86,-2.35,2.39,-2.93,1,window_end,-46341565.5,0.0,-0.03613,0.0,0,1,False
sz003036,2026-04-23,76.24,33.9,14.71,3.54,-20.88,2.83,542005590.23,1.330433624073474,10.933527061387572,2.0221776301880965,0.03818810097736569,0.02369,0.02387,0.05567,0.04705,0.5,0.6,1.0,81.01,91.43,62.09,44.17,2,趋势中继原型,2026-04-23,2026-04-24,30.47,30.5462,2026-04-24,2026-04-24,33.59,33.506,10.24,9.69,10.24,-1.54,1,window_end,102765874.62,102765874.62,0.1539,0.0,0,1,False
sh600206,2026-04-23,76.19,30.21,22.51,10.14,-21.47,1.29,2422506899.2900004,2.62438525652382,4.342581423401692,-12.50083101429994,0.0213483133547141,0.03827,0.02873,0.056,0.04858,0.6,0.65,1.0,80.98,95.71,33.59,100.0,3,趋势中继原型,2026-04-23,2026-04-24,25.75,25.8144,2026-04-24,2026-04-24,26.62,26.5535,3.38,2.86,5.51,-1.9,1,window_end,86737791.5,86737791.5,0.03313,0.0,0,1,False
sz002201,2026-04-23,74.71,34.72,26.52,16.67,-21.18,6.25,2872507244.4,4.997164210416921,6.245513280689163,-10.418547105962531,-0.12264744913588155,0.02488,0.02358,0.04024,0.04334,0.6,0.45,1.0,86.78,91.43,26.69,100.0,4,趋势中继原型,2026-04-23,2026-04-24,14.22,14.2555,2026-04-24,2026-04-24,14.2,14.1645,-0.14,-0.64,7.45,-0.14,1,window_end,-39347769.89,0.0,-0.02146,0.0,0,1,False
sz000811,2026-04-23,70.92,23.75,21.61,9.63,-18.82,9.63,1646880153.8900008,3.290788285597981,10.112911143838964,-6.481099472107012,0.047501696602037624,0.02177,0.01893,0.01534,0.0327,0.5,0.6,1.0,72.68,77.84,47.49,100.0,5,趋势中继原型,2026-04-23,2026-04-24,22.43,22.4861,2026-04-24,2026-04-24,22.22,22.1644,-0.94,-1.43,0.76,-2.9,1,window_end,51227426.2,51227426.2,0.06102,0.0,0,1,False
sz000751,2026-04-23,70.2,15.46,10.15,6.68,-17.16,10.13,2016277891.4799998,5.082850933435297,17.217391304347828,4.231984558803376,0.048012627807440866,0.01194,0.00321,0.02402,0.03289,0.55,0.45,1.0,53.23,75.69,70.97,100.0,6,趋势中继原型,2026-04-23,2026-04-24,6.3,6.3157,2026-04-24,2026-04-24,6.54,6.5236,3.81,3.29,6.35,-1.11,1,window_end,-40005896.47,0.0,-0.03179,0.0,0,1,False
sh600699,2026-04-23,70.07,24.39,14.47,12.32,-13.34,2.79,3145361711.7599998,2.7807527074184524,2.786485545106232,-5.069555524371658,-0.006269940635528548,0.02552,0.0367,0.03992,0.03171,0.45,0.5,1.0,68.56,82.86,42.0,100.0,7,趋势中继原型,2026-04-23,2026-04-24,29.19,29.263,2026-04-24,2026-04-24,28.88,28.8078,-1.06,-1.56,2.09,-2.67,1,window_end,-112399538.64,0.0,-0.05177,0.0,0,1,False
