signal_date,symbol,mode,score,latent_chip_score,attack_score,distribution_score,repair_score,return_1d_pct,return_20d_pct,amount_anomaly_20d,l2_main_net_ratio,main_net_20d_ratio,breakout_vs_prev20_high_pct,close,rank,confirmation_date,confirmation_reason,entry_signal_date,entry_date,exit_signal_date,exit_date,return_pct,net_return_pct,max_runup_pct,max_drawdown_pct,holding_days,exit_reason
2026-03-02,sz001339,confirmed_entry_discovery,74.58,84.63,76.8,18.06,53.91,3.77,16.43,2.977,0.06847,0.04581,3.77,63.36,1,2026-03-03,second_wave_or_continuation_confirm,2026-03-03,2026-03-04,2026-04-03,2026-04-07,-8.02,-8.47,25.73,-9.35,23,flow_confirmed_stop
2026-03-02,sh603115,confirmed_entry_discovery,73.1,89.04,82.06,26.0,66.52,9.84,32.89,1.698,0.07515,0.03912,8.57,30.91,2,2026-03-04,pullback_repair_confirm,2026-03-04,2026-03-05,2026-04-24,2026-04-24,91.08,90.13,102.09,-12.41,34,window_end
2026-03-02,sh605366,confirmed_entry_discovery,71.59,80.14,91.12,36.0,68.26,8.45,33.05,2.276,0.20636,0.03029,6.62,9.5,3,2026-03-03,second_wave_or_continuation_confirm,2026-03-03,2026-03-04,2026-04-24,2026-04-24,38.15,37.46,48.1,-10.15,35,window_end
2026-03-02,sz002843,confirmed_entry_discovery,70.14,78.29,87.56,22.0,68.83,10.01,25.28,1.782,0.18601,0.09664,10.01,27.8,4,2026-03-06,pullback_repair_confirm,2026-03-06,2026-03-09,2026-03-12,2026-03-13,-5.81,-6.28,6.62,-5.27,4,flow_confirmed_distribution
2026-03-02,sh603897,confirmed_entry_discovery,69.75,72.26,100.0,32.36,72.0,9.99,20.79,4.386,0.1836,0.05804,9.99,33.7,5,2026-03-10,pullback_repair_confirm,2026-03-10,2026-03-11,2026-03-13,2026-03-16,-5.8,-6.27,2.26,-8.21,3,flow_confirmed_stop
2026-03-02,sz002384,confirmed_entry_discovery,69.64,80.33,78.42,12.25,53.7,6.41,24.51,1.63,0.13109,0.0488,5.98,91.03,6,2026-03-10,pullback_repair_confirm,2026-03-10,2026-03-11,2026-04-24,2026-04-24,72.09,71.23,79.5,-9.49,30,window_end
2026-03-02,sh601898,confirmed_entry_discovery,69.44,86.24,77.54,52.0,52.85,9.1,22.77,2.359,0.06599,0.03956,9.1,16.55,8,2026-03-03,second_wave_or_continuation_confirm,2026-03-03,2026-03-04,2026-03-20,2026-03-23,11.71,11.15,16.29,-5.18,13,flow_confirmed_distribution
2026-03-02,sz002380,confirmed_entry_discovery,69.34,75.63,91.47,35.87,72.0,10.0,12.39,2.102,0.20519,0.03154,10.0,35.74,9,2026-03-05,pullback_repair_confirm,2026-03-05,2026-03-06,2026-03-20,2026-03-23,-9.22,-9.67,17.65,-7.8,11,flow_confirmed_distribution
2026-03-02,sz000890,confirmed_entry_discovery,68.37,62.86,100.0,12.87,83.61,10.05,58.16,3.601,0.149,0.05633,5.11,8.43,10,2026-03-04,pullback_repair_confirm,2026-03-04,2026-03-05,2026-04-10,2026-04-13,41.48,40.77,88.75,-9.65,26,flow_confirmed_distribution
2026-03-03,sz002267,confirmed_entry_discovery,74.6,76.27,100.0,16.98,72.0,9.98,15.01,6.09,0.14413,0.03521,9.98,9.04,2,2026-03-04,pullback_repair_confirm,2026-03-04,2026-03-05,2026-03-16,2026-03-17,-6.29,-6.75,2.68,-8.38,8,flow_confirmed_distribution
2026-03-03,sz001339,confirmed_entry_discovery,73.17,85.84,66.42,14.35,48.89,2.48,13.63,3.135,0.0513,0.04472,2.48,64.93,4,2026-03-09,pullback_repair_confirm,2026-03-09,2026-03-10,2026-03-17,2026-03-18,-9.04,-9.49,3.9,-15.71,6,flow_confirmed_stop
2026-03-03,sz003018,confirmed_entry_discovery,68.5,84.8,67.59,24.56,68.33,4.48,48.05,1.748,0.13978,0.06375,2.63,27.27,7,2026-03-04,second_wave_or_continuation_confirm,2026-03-04,2026-03-05,2026-03-17,2026-03-18,-13.98,-14.41,6.64,-14.75,9,flow_confirmed_stop
2026-03-03,sh605366,confirmed_entry_discovery,67.74,82.74,72.89,46.71,45.38,4.95,41.42,3.155,0.03279,0.03283,4.95,9.97,10,2026-03-06,second_wave_or_continuation_confirm,2026-03-06,2026-03-09,2026-04-24,2026-04-24,27.44,26.8,36.61,-17.12,32,window_end
2026-03-04,sz000890,confirmed_entry_discovery,67.19,63.51,97.95,19.25,82.9,10.05,71.24,2.632,0.10895,0.0425,5.22,8.87,5,2026-03-11,pullback_repair_confirm,2026-03-11,2026-03-12,2026-04-10,2026-04-13,44.58,43.86,92.88,0.0,21,flow_confirmed_distribution
2026-03-04,sh603115,confirmed_entry_discovery,62.23,90.72,52.95,36.0,85.94,3.13,19.34,2.23,0.06064,0.03651,-2.98,29.99,9,2026-03-18,pullback_repair_confirm,2026-03-18,2026-03-19,2026-04-24,2026-04-24,80.64,79.74,91.05,-5.09,24,window_end
2026-03-04,sh600860,confirmed_entry_discovery,61.6,64.19,86.27,36.0,74.75,8.63,16.0,2.519,0.13285,0.03214,2.48,14.86,10,2026-03-05,second_wave_or_continuation_confirm,2026-03-05,2026-03-06,2026-03-06,2026-03-09,-2.48,-2.97,2.23,-3.29,1,flow_confirmed_distribution
2026-03-05,sz002380,confirmed_entry_discovery,75.51,86.12,84.92,18.28,86.04,6.97,24.38,3.267,0.10798,0.0583,2.21,36.53,2,2026-03-06,second_wave_or_continuation_confirm,2026-03-06,2026-03-09,2026-03-20,2026-03-23,-9.59,-10.04,17.17,-8.17,10,flow_confirmed_stop
2026-03-05,sh600468,confirmed_entry_discovery,70.66,71.8,100.0,26.0,82.28,10.04,19.92,3.365,0.31595,0.04918,9.62,8.55,3,2026-03-18,pullback_repair_confirm,2026-03-18,2026-03-19,2026-03-19,2026-03-20,1.33,0.83,4.89,-1.89,1,flow_confirmed_distribution
2026-03-05,sh600516,confirmed_entry_discovery,65.96,66.23,100.0,36.0,83.42,10.08,14.48,4.421,0.23696,0.0428,5.52,6.88,7,2026-03-11,second_wave_or_continuation_confirm,2026-03-11,2026-03-12,2026-03-17,2026-03-18,-8.36,-8.81,5.04,-8.36,4,flow_confirmed_stop
2026-03-05,sz002733,confirmed_entry_discovery,63.82,60.16,95.27,25.63,81.31,10.02,23.64,2.413,0.25885,0.03015,5.15,24.48,9,2026-03-10,pullback_repair_confirm,2026-03-10,2026-03-11,2026-04-24,2026-04-24,20.33,19.73,31.29,-3.52,30,window_end
2026-03-05,sz001267,confirmed_entry_discovery,63.75,59.16,86.16,12.0,80.14,10.0,31.53,1.967,0.07969,0.01415,5.75,36.96,10,2026-03-06,pullback_repair_confirm,2026-03-06,2026-03-09,2026-04-24,2026-04-24,34.2,33.54,43.14,-3.95,32,window_end
2026-03-06,sz002913,confirmed_entry_discovery,79.45,85.8,99.39,17.0,95.56,10.0,34.41,3.43,0.09662,0.05029,5.36,53.12,1,2026-03-09,second_wave_or_continuation_confirm,2026-03-09,2026-03-10,2026-03-12,2026-03-13,-8.12,-8.58,2.91,-8.69,3,flow_confirmed_stop
2026-03-06,sz002380,confirmed_entry_discovery,74.36,87.64,81.61,32.81,67.41,4.63,30.58,3.141,0.06832,0.05917,4.63,38.22,4,2026-03-09,second_wave_or_continuation_confirm,2026-03-09,2026-03-10,2026-03-12,2026-03-13,-1.06,-1.55,6.15,-2.25,3,flow_confirmed_distribution
2026-03-06,sh600075,confirmed_entry_discovery,74.12,85.97,86.07,32.52,85.36,9.94,14.31,2.233,0.18077,0.05791,2.86,7.19,5,2026-03-11,pullback_repair_confirm,2026-03-11,2026-03-12,2026-03-12,2026-03-13,5.83,5.3,6.75,-1.06,1,flow_confirmed_distribution
2026-03-06,sz001258,confirmed_entry_discovery,71.4,74.06,83.58,12.0,64.57,4.16,11.24,3.228,0.11242,0.03083,4.16,8.51,7,2026-03-09,second_wave_or_continuation_confirm,2026-03-09,2026-03-10,2026-03-16,2026-03-17,-7.22,-7.68,4.11,-8.73,5,flow_confirmed_stop
2026-03-06,sh600396,confirmed_entry_discovery,70.13,72.37,100.0,30.57,72.0,10.24,19.61,3.856,0.37202,0.03729,8.93,3.66,8,2026-03-10,second_wave_or_continuation_confirm,2026-03-10,2026-03-11,2026-03-27,2026-03-30,122.89,121.78,149.74,-4.74,13,flow_confirmed_distribution
2026-03-06,sz001267,confirmed_entry_discovery,68.09,68.55,82.53,13.38,72.97,6.03,34.44,2.038,0.11664,0.02652,6.03,39.19,9,2026-03-10,pullback_repair_confirm,2026-03-10,2026-03-11,2026-03-13,2026-03-16,-8.55,-9.0,4.13,-10.19,3,flow_confirmed_stop
2026-03-09,sz002730,confirmed_entry_discovery,82.31,92.43,96.41,17.25,72.0,9.98,23.12,2.506,0.24404,0.05284,8.24,19.17,1,2026-03-10,second_wave_or_continuation_confirm,2026-03-10,2026-03-11,2026-04-24,2026-04-24,43.72,43.01,54.92,-7.08,30,window_end
2026-03-09,sz001258,confirmed_entry_discovery,77.89,91.36,93.71,36.0,72.0,9.99,23.32,2.285,0.34835,0.0683,9.99,9.36,2,2026-03-11,second_wave_or_continuation_confirm,2026-03-11,2026-03-12,2026-03-16,2026-03-17,-7.87,-8.33,3.39,-9.36,3,flow_confirmed_stop
2026-03-09,sz002930,confirmed_entry_discovery,72.82,86.23,87.97,32.5,69.92,9.97,21.84,1.816,0.19647,0.05285,6.3,14.67,5,2026-03-11,pullback_repair_confirm,2026-03-11,2026-03-12,2026-03-13,2026-03-16,1.96,1.45,8.05,-1.02,2,flow_confirmed_distribution
2026-03-09,sz002380,confirmed_entry_discovery,72.27,83.63,60.78,12.0,56.42,5.97,38.84,2.76,0.02129,0.05405,5.97,40.5,6,2026-03-10,second_wave_or_continuation_confirm,2026-03-10,2026-03-11,2026-03-12,2026-03-13,-4.39,-4.87,2.22,-5.53,2,flow_confirmed_distribution
2026-03-09,sh600989,confirmed_entry_discovery,68.7,76.98,81.08,32.92,79.26,7.02,41.46,3.227,0.04026,0.03,7.02,30.64,8,2026-03-11,pullback_repair_confirm,2026-03-11,2026-03-12,2026-03-26,2026-03-27,-10.4,-10.84,9.65,-10.85,11,flow_confirmed_stop
2026-03-10,sh600726,confirmed_entry_discovery,78.76,88.82,100.0,30.14,72.0,9.93,26.88,2.847,0.28183,0.05492,9.93,3.21,1,2026-03-12,pullback_repair_confirm,2026-03-12,2026-03-13,2026-03-30,2026-03-31,33.57,32.91,70.48,-11.9,12,flow_confirmed_distribution
2026-03-10,sz002730,confirmed_entry_discovery,77.0,92.2,73.56,23.24,50.87,3.91,25.52,4.075,0.04827,0.0519,3.91,19.92,2,2026-03-17,second_wave_or_continuation_confirm,2026-03-17,2026-03-18,2026-04-24,2026-04-24,36.92,36.24,47.58,-1.43,25,window_end
2026-03-10,sh601016,confirmed_entry_discovery,72.06,80.75,91.97,36.0,66.86,6.09,18.45,4.511,0.11031,0.0386,6.09,3.66,4,2026-03-11,second_wave_or_continuation_confirm,2026-03-11,2026-03-12,2026-04-03,2026-04-07,-10.17,-10.61,35.46,-10.64,17,flow_confirmed_stop
2026-03-10,sh600396,confirmed_entry_discovery,67.91,79.87,87.45,52.0,52.49,6.89,27.21,4.367,0.06442,0.04027,6.01,3.88,5,2026-03-16,pullback_repair_confirm,2026-03-16,2026-03-17,2026-03-27,2026-03-30,96.98,95.99,120.7,-0.7,9,flow_confirmed_distribution
2026-03-10,sh603165,confirmed_entry_discovery,67.15,70.09,90.24,30.79,65.88,5.35,7.07,3.47,0.11045,0.02933,5.35,15.75,6,2026-03-13,pullback_repair_confirm,2026-03-13,2026-03-16,2026-04-24,2026-04-24,15.0,14.43,22.64,-7.16,27,window_end
2026-03-10,sz002294,confirmed_entry_discovery,65.91,72.88,79.62,16.31,74.26,10.0,16.96,1.717,0.13417,0.04878,2.82,54.01,8,2026-03-16,pullback_repair_confirm,2026-03-16,2026-03-17,2026-04-21,2026-04-23,3.44,2.92,29.24,-1.69,24,flow_confirmed_distribution
2026-03-10,sz000048,confirmed_entry_discovery,63.18,86.9,38.14,12.0,49.9,2.62,6.32,1.724,0.03157,0.0441,0.68,19.19,10,2026-03-12,second_wave_or_continuation_confirm,2026-03-12,2026-03-13,2026-04-03,2026-04-07,-18.68,-19.09,19.17,-15.24,16,hard_stop_15
2026-03-11,sh601016,confirmed_entry_discovery,79.55,88.91,100.0,26.0,72.0,10.11,26.73,3.703,0.19788,0.06729,10.11,4.03,1,2026-03-12,second_wave_or_continuation_confirm,2026-03-12,2026-03-13,2026-03-16,2026-03-17,-10.22,-10.67,3.26,-11.74,2,flow_confirmed_stop
2026-03-11,sz002733,confirmed_entry_discovery,73.64,76.15,100.0,22.0,72.17,10.0,31.95,3.838,0.16344,0.06504,10.0,27.05,4,2026-03-13,pullback_repair_confirm,2026-03-13,2026-03-16,2026-04-24,2026-04-24,10.27,9.72,20.32,-10.89,27,window_end
2026-03-11,sz000626,confirmed_entry_discovery,73.08,79.15,100.0,33.75,72.0,10.07,8.65,4.279,0.30186,0.08,8.23,8.42,5,2026-03-16,second_wave_or_continuation_confirm,2026-03-16,2026-03-17,2026-03-17,2026-03-18,-3.35,-3.83,2.31,-3.35,1,flow_confirmed_distribution
2026-03-11,sh603588,confirmed_entry_discovery,70.3,82.84,76.13,36.0,70.24,4.27,49.51,2.048,0.1238,0.04035,4.27,15.13,7,2026-03-12,second_wave_or_continuation_confirm,2026-03-12,2026-03-13,2026-03-16,2026-03-17,-0.5,-1.0,1.63,-8.88,2,flow_confirmed_distribution
2026-03-11,sz001301,confirmed_entry_discovery,70.29,76.93,78.58,12.0,72.0,6.06,7.96,2.529,0.13776,0.04836,1.94,81.94,8,2026-03-13,second_wave_or_continuation_confirm,2026-03-13,2026-03-16,2026-03-19,2026-03-20,-11.35,-11.8,2.68,-13.41,4,flow_confirmed_stop
2026-03-11,sh600299,confirmed_entry_discovery,69.92,78.94,89.51,36.7,63.41,10.02,56.09,1.942,0.13864,0.03985,5.87,14.61,9,2026-03-13,second_wave_or_continuation_confirm,2026-03-13,2026-03-16,2026-03-17,2026-03-18,-9.21,-9.67,6.19,-9.02,2,flow_confirmed_stop
2026-03-11,sh603158,confirmed_entry_discovery,69.22,71.17,100.0,32.16,72.0,9.96,10.46,4.274,0.33573,0.05845,9.67,12.25,10,2026-03-12,second_wave_or_continuation_confirm,2026-03-12,2026-03-13,2026-03-23,2026-03-24,-10.71,-11.16,6.63,-14.15,7,flow_confirmed_stop
2026-03-12,sz000048,confirmed_entry_discovery,75.87,89.9,65.66,12.0,59.8,3.43,12.15,1.951,0.07479,0.04382,3.43,20.21,2,2026-03-18,pullback_repair_confirm,2026-03-18,2026-03-19,2026-03-23,2026-03-24,-10.14,-10.59,0.46,-12.79,3,flow_confirmed_stop
2026-03-12,sh603693,confirmed_entry_discovery,74.49,82.64,100.0,36.0,72.0,10.06,24.66,3.662,0.27136,0.0682,10.06,15.42,4,2026-03-17,pullback_repair_confirm,2026-03-17,2026-03-18,2026-04-02,2026-04-03,-11.06,-11.51,28.03,-11.63,12,flow_confirmed_stop
2026-03-12,sh601016,confirmed_entry_discovery,73.94,85.4,84.11,31.13,61.56,9.93,42.9,4.495,0.03359,0.06419,9.93,4.43,5,2026-03-17,pullback_repair_confirm,2026-03-17,2026-03-18,2026-04-02,2026-04-03,-9.87,-10.32,28.48,-10.31,12,flow_confirmed_stop
2026-03-12,sh600726,confirmed_entry_discovery,73.4,80.61,96.1,32.29,72.0,9.92,52.16,2.481,0.1492,0.04692,9.92,3.88,7,2026-03-13,second_wave_or_continuation_confirm,2026-03-13,2026-03-16,2026-03-30,2026-03-31,30.47,29.81,66.51,-7.91,11,flow_confirmed_distribution
2026-03-12,sz000600,confirmed_entry_discovery,70.5,67.98,100.0,15.82,72.0,9.97,28.14,2.887,0.18286,0.03052,9.97,10.7,10,2026-03-25,pullback_repair_confirm,2026-03-25,2026-03-26,2026-03-31,2026-04-01,-8.49,-8.94,3.9,-10.54,4,flow_confirmed_stop
2026-03-13,sh600307,confirmed_entry_discovery,78.82,88.14,100.0,27.84,72.0,9.9,20.65,3.37,0.17927,0.07725,9.9,2.22,2,2026-03-17,pullback_repair_confirm,2026-03-17,2026-03-18,2026-03-23,2026-03-24,-7.49,-7.95,10.57,-11.45,4,flow_confirmed_stop
2026-03-13,sh600746,confirmed_entry_discovery,77.29,88.02,100.0,36.0,80.66,9.72,20.57,3.397,0.25725,0.05511,9.72,9.26,3,2026-03-18,pullback_repair_confirm,2026-03-18,2026-03-19,2026-03-24,2026-03-25,-11.11,-11.55,6.58,-13.83,4,flow_confirmed_stop
2026-03-13,sz000912,confirmed_entry_discovery,76.07,84.25,93.7,25.57,82.11,7.5,30.59,2.946,0.13274,0.04144,4.51,6.02,4,2026-03-17,second_wave_or_continuation_confirm,2026-03-17,2026-03-18,2026-03-18,2026-03-19,-2.28,-2.77,0.0,-5.06,1,flow_confirmed_distribution
2026-03-13,sz002382,confirmed_entry_discovery,75.13,83.86,100.0,36.0,72.0,10.0,27.14,3.25,0.27686,0.0763,10.0,7.59,5,2026-03-16,pullback_repair_confirm,2026-03-16,2026-03-17,2026-03-19,2026-03-20,3.46,2.94,8.58,-3.97,3,flow_confirmed_distribution
2026-03-13,sh601218,confirmed_entry_discovery,71.08,76.07,100.0,36.0,72.0,9.98,28.04,4.66,0.19616,0.04761,9.98,6.94,8,2026-03-19,pullback_repair_confirm,2026-03-19,2026-03-20,2026-03-20,2026-03-23,-12.08,-12.52,3.77,-9.35,1,flow_confirmed_stop
2026-03-13,sz000048,confirmed_entry_discovery,70.65,89.75,55.62,33.25,48.18,2.97,13.72,2.184,0.04526,0.04247,2.97,20.81,9,2026-03-18,pullback_repair_confirm,2026-03-18,2026-03-19,2026-03-23,2026-03-24,-10.14,-10.59,0.46,-12.79,3,flow_confirmed_stop
2026-03-13,sh603949,confirmed_entry_discovery,70.03,78.97,84.61,34.81,56.0,4.15,12.87,3.66,0.15625,0.07138,4.15,22.1,10,2026-03-18,second_wave_or_continuation_confirm,2026-03-18,2026-03-19,2026-03-20,2026-03-23,-13.79,-14.22,2.02,-8.18,2,flow_confirmed_stop
2026-03-16,sz002831,confirmed_entry_discovery,82.46,92.11,100.0,19.11,72.0,10.01,24.94,3.162,0.16086,0.04354,10.01,38.02,1,2026-03-18,pullback_repair_confirm,2026-03-18,2026-03-19,2026-03-23,2026-03-24,-11.4,-11.84,2.38,-13.51,3,flow_confirmed_stop
2026-03-16,sz002294,confirmed_entry_discovery,69.77,81.32,70.45,12.0,65.21,5.65,12.98,1.798,0.11012,0.05053,2.48,55.35,3,2026-03-27,second_wave_or_continuation_confirm,2026-03-27,2026-03-30,2026-04-20,2026-04-21,-9.26,-9.71,14.87,-9.24,14,flow_confirmed_stop
2026-03-16,sz001309,confirmed_entry_discovery,62.82,60.86,76.12,14.05,52.95,10.0,46.1,2.399,0.04194,0.02698,10.0,352.06,10,2026-03-24,pullback_repair_confirm,2026-03-24,2026-03-25,2026-04-01,2026-04-02,6.73,6.2,17.66,-1.28,6,flow_confirmed_distribution
2026-03-17,sz002730,confirmed_entry_discovery,73.84,90.81,68.41,31.66,55.05,6.2,28.85,2.189,0.04322,0.04027,3.62,20.9,1,2026-03-25,second_wave_or_continuation_confirm,2026-03-25,2026-03-26,2026-03-26,2026-03-27,-12.76,-13.2,4.41,-10.02,1,flow_confirmed_stop
2026-03-17,sh603693,confirmed_entry_discovery,70.98,80.26,87.5,36.0,79.31,9.97,27.76,2.317,0.29172,0.07242,2.98,15.88,3,2026-03-23,second_wave_or_continuation_confirm,2026-03-23,2026-03-24,2026-03-30,2026-03-31,-8.09,-8.54,18.5,-11.69,5,flow_confirmed_stop
2026-03-18,sh603387,confirmed_entry_discovery,65.58,65.71,97.69,34.29,72.0,9.96,17.02,3.947,0.08718,0.04378,9.96,10.38,3,2026-03-27,pullback_repair_confirm,2026-03-27,2026-03-30,2026-04-07,2026-04-08,4.0,3.48,13.9,-0.8,6,flow_confirmed_distribution
2026-03-18,sh603817,confirmed_entry_discovery,64.83,69.83,76.4,29.06,72.0,4.32,24.11,3.504,0.13895,0.08234,4.32,8.7,4,2026-03-19,second_wave_or_continuation_confirm,2026-03-19,2026-03-20,2026-03-26,2026-03-27,-14.79,-15.22,1.66,-10.49,5,flow_confirmed_stop
2026-03-18,sz002730,confirmed_entry_discovery,62.09,90.87,32.83,48.0,38.22,2.54,31.55,1.845,0.01098,0.03834,2.54,21.43,6,2026-03-25,second_wave_or_continuation_confirm,2026-03-25,2026-03-26,2026-03-26,2026-03-27,-12.76,-13.2,4.41,-10.02,1,flow_confirmed_stop
2026-03-18,sh603052,confirmed_entry_discovery,59.69,72.32,73.13,26.0,94.27,10.0,3.15,2.075,0.20896,0.03775,-1.0,63.49,8,2026-03-25,pullback_repair_confirm,2026-03-25,2026-03-26,2026-04-24,2026-04-24,37.98,37.3,48.48,-9.85,19,window_end
2026-03-18,sh600643,confirmed_entry_discovery,59.38,67.05,72.92,47.84,50.32,4.3,9.43,6.407,0.05474,0.0662,4.3,5.34,9,2026-04-01,pullback_repair_confirm,2026-04-01,2026-04-02,2026-04-02,2026-04-03,2.69,2.17,1.34,-2.88,1,flow_confirmed_distribution
2026-03-19,sh603366,confirmed_entry_discovery,69.05,72.12,93.72,29.54,75.22,10.03,11.05,2.509,0.46299,0.05454,4.17,10.75,1,2026-03-20,pullback_repair_confirm,2026-03-20,2026-03-23,2026-03-30,2026-03-31,-8.83,-9.29,5.32,-12.82,6,flow_confirmed_stop
2026-03-19,sh600186,confirmed_entry_discovery,68.72,71.63,94.11,30.36,72.0,10.06,8.88,2.318,0.27456,0.03809,7.24,7.11,2,2026-03-24,pullback_repair_confirm,2026-03-24,2026-03-25,2026-04-07,2026-04-08,4.63,4.11,9.99,-0.72,9,flow_confirmed_distribution
2026-03-19,sh600815,confirmed_entry_discovery,66.66,77.39,87.65,52.0,56.0,5.79,8.78,3.42,0.12734,0.05282,3.89,3.47,3,2026-03-20,second_wave_or_continuation_confirm,2026-03-20,2026-03-23,2026-04-23,2026-04-24,11.97,11.41,34.47,-2.56,21,flow_confirmed_distribution
2026-03-19,sz001258,confirmed_entry_discovery,66.18,83.58,75.25,28.77,72.7,9.98,33.29,1.689,0.36144,0.04216,1.59,10.25,4,2026-03-23,pullback_repair_confirm,2026-03-23,2026-03-24,2026-03-26,2026-03-27,-1.32,-1.81,16.1,-0.56,3,flow_confirmed_distribution
2026-03-19,sz002902,confirmed_entry_discovery,65.41,57.01,100.0,12.44,92.45,10.01,13.72,3.771,0.19874,0.02838,6.92,23.96,5,2026-03-25,pullback_repair_confirm,2026-03-25,2026-03-26,2026-04-23,2026-04-24,-5.22,-5.69,14.19,-7.43,18,flow_confirmed_distribution
2026-03-19,sz000048,confirmed_entry_discovery,65.32,87.37,33.89,12.0,57.56,0.47,18.49,2.506,0.02932,0.03388,0.47,21.4,6,2026-03-26,pullback_repair_confirm,2026-03-26,2026-03-27,2026-04-03,2026-04-07,-16.51,-16.92,22.36,-12.97,6,flow_confirmed_stop
2026-03-19,sh603817,confirmed_entry_discovery,64.32,70.16,75.36,31.8,72.0,4.25,31.45,3.459,0.13165,0.09284,4.25,9.07,8,2026-03-20,pullback_repair_confirm,2026-03-20,2026-03-23,2026-03-27,2026-03-30,-8.36,-8.82,6.97,-11.61,5,flow_confirmed_stop
2026-03-19,sz000539,confirmed_entry_discovery,60.88,62.12,70.64,22.99,41.88,9.98,25.66,3.489,0.00153,0.02399,9.98,6.17,9,2026-03-24,pullback_repair_confirm,2026-03-24,2026-03-25,2026-03-27,2026-03-30,-1.16,-1.65,17.63,-2.75,3,flow_confirmed_distribution
2026-03-20,sh603538,confirmed_entry_discovery,74.27,80.83,95.88,27.88,81.26,10.0,31.51,2.463,0.35573,0.08379,5.61,27.84,1,2026-03-24,pullback_repair_confirm,2026-03-24,2026-03-25,2026-03-31,2026-04-01,29.84,29.19,39.65,-1.27,5,flow_confirmed_distribution
2026-03-20,sh600310,confirmed_entry_discovery,74.08,81.64,100.0,35.41,72.0,9.91,26.1,4.586,0.20194,0.0444,7.25,4.88,2,2026-03-26,pullback_repair_confirm,2026-03-26,2026-03-27,2026-04-01,2026-04-02,-19.7,-20.1,10.0,-13.79,4,flow_confirmed_stop
2026-03-20,sh605299,confirmed_entry_discovery,73.58,80.46,98.59,33.37,83.15,10.0,26.36,2.684,0.18115,0.04464,8.75,15.29,3,2026-03-24,pullback_repair_confirm,2026-03-24,2026-03-25,2026-04-24,2026-04-24,30.0,29.35,48.94,0.0,20,window_end
2026-03-20,sh600815,confirmed_entry_discovery,68.94,85.48,76.92,52.0,55.6,4.03,14.97,3.745,0.07822,0.05826,4.03,3.61,5,2026-03-23,second_wave_or_continuation_confirm,2026-03-23,2026-03-24,2026-04-03,2026-04-07,-10.36,-10.81,22.28,-11.4,9,flow_confirmed_stop
2026-03-20,sz002256,confirmed_entry_discovery,67.39,67.38,93.31,24.71,74.92,10.05,27.2,2.253,0.42354,0.04365,5.15,4.49,6,2026-03-24,second_wave_or_continuation_confirm,2026-03-24,2026-03-25,2026-03-26,2026-03-27,-10.26,-10.7,7.69,-6.2,2,flow_confirmed_distribution
2026-03-20,sh605050,confirmed_entry_discovery,66.91,67.38,100.0,34.06,72.0,9.73,9.48,6.793,0.15102,0.04261,5.17,14.43,7,2026-03-24,pullback_repair_confirm,2026-03-24,2026-03-25,2026-04-07,2026-04-08,-10.52,-10.97,4.88,-12.75,9,flow_confirmed_stop
2026-03-20,sz000856,confirmed_entry_discovery,66.85,68.6,79.45,17.37,56.81,3.66,9.13,3.798,0.08667,0.03012,3.66,12.19,8,2026-03-23,second_wave_or_continuation_confirm,2026-03-23,2026-03-24,2026-03-27,2026-03-30,0.0,-0.5,9.1,-10.39,4,flow_confirmed_distribution
2026-03-20,sz002730,confirmed_entry_discovery,64.75,84.62,43.35,19.65,35.72,6.35,40.0,1.678,0.01068,0.03511,6.35,22.96,10,2026-03-25,pullback_repair_confirm,2026-03-25,2026-03-26,2026-03-26,2026-03-27,-12.76,-13.2,4.41,-10.02,1,flow_confirmed_stop
2026-03-23,sh603529,confirmed_entry_discovery,74.97,81.93,98.71,30.03,72.0,9.85,4.61,6.202,0.24141,0.08042,4.61,31.11,1,2026-03-24,second_wave_or_continuation_confirm,2026-03-24,2026-03-25,2026-04-09,2026-04-10,-8.03,-8.48,7.55,-8.54,11,flow_confirmed_stop
2026-03-23,sh600815,confirmed_entry_discovery,71.11,86.64,85.27,51.63,51.29,6.37,18.89,3.362,0.05905,0.05924,6.37,3.84,2,2026-03-24,second_wave_or_continuation_confirm,2026-03-24,2026-03-25,2026-04-03,2026-04-07,-11.05,-11.5,21.34,-12.08,8,flow_confirmed_stop
2026-03-23,sh600032,confirmed_entry_discovery,67.85,74.05,87.89,36.0,66.34,10.13,36.55,3.631,0.04259,0.03115,10.13,10.76,5,2026-03-25,pullback_repair_confirm,2026-03-25,2026-03-26,2026-03-27,2026-03-30,-10.34,-10.78,10.42,-10.1,2,flow_confirmed_stop
2026-03-23,sh603016,confirmed_entry_discovery,62.22,59.04,100.0,36.0,74.47,10.01,14.28,3.451,0.13754,0.02143,7.23,38.58,8,2026-03-24,second_wave_or_continuation_confirm,2026-03-24,2026-03-25,2026-04-03,2026-04-07,16.49,15.91,33.0,-3.61,8,flow_confirmed_distribution
2026-03-23,sh603803,confirmed_entry_discovery,60.16,56.04,97.22,36.0,80.76,10.02,41.16,2.727,0.08954,0.02863,5.11,14.61,10,2026-04-01,pullback_repair_confirm,2026-04-01,2026-04-02,2026-04-24,2026-04-24,4.5,3.97,21.75,-6.53,14,window_end
2026-03-24,sh605299,confirmed_entry_discovery,72.56,77.26,95.19,26.38,76.01,10.03,29.14,2.878,0.07325,0.0416,5.49,16.13,1,2026-03-25,second_wave_or_continuation_confirm,2026-03-25,2026-03-26,2026-04-24,2026-04-24,9.58,9.03,25.55,-15.5,19,window_end
2026-03-24,sh600815,confirmed_entry_discovery,68.26,87.18,64.52,35.51,56.0,1.56,20.37,2.562,0.08527,0.06082,1.56,3.9,3,2026-03-25,second_wave_or_continuation_confirm,2026-03-25,2026-03-26,2026-03-26,2026-03-27,-11.98,-12.42,2.83,-9.8,1,flow_confirmed_stop
2026-03-24,sh600982,confirmed_entry_discovery,65.89,62.64,100.0,26.0,61.52,10.0,32.0,3.909,0.11089,0.02141,10.0,6.27,4,2026-03-27,second_wave_or_continuation_confirm,2026-03-27,2026-03-30,2026-03-30,2026-03-31,-12.68,-13.11,2.11,-6.76,1,flow_confirmed_distribution
2026-03-24,sh603538,confirmed_entry_discovery,62.61,80.96,81.57,35.81,70.96,10.01,37.06,1.292,0.25182,0.07963,5.75,29.44,5,2026-03-25,second_wave_or_continuation_confirm,2026-03-25,2026-03-26,2026-03-31,2026-04-01,21.4,20.8,30.57,-0.06,4,flow_confirmed_distribution
2026-03-24,sh603115,confirmed_entry_discovery,59.79,83.28,78.0,32.67,59.23,10.07,26.93,0.93,0.13257,0.02943,6.73,35.21,8,2026-03-27,second_wave_or_continuation_confirm,2026-03-27,2026-03-30,2026-04-10,2026-04-13,-4.75,-5.23,13.71,-3.72,9,flow_confirmed_distribution
2026-03-25,sh600815,confirmed_entry_discovery,78.65,87.17,100.0,26.0,62.72,10.0,30.79,2.813,0.25177,0.08956,10.0,4.29,1,2026-04-08,pullback_repair_confirm,2026-04-08,2026-04-09,2026-04-23,2026-04-24,1.55,1.04,21.96,-6.98,9,flow_confirmed_distribution
2026-03-25,sz002580,confirmed_entry_discovery,73.5,76.96,100.0,25.12,72.0,9.98,15.8,3.829,0.21849,0.04756,9.98,15.54,2,2026-03-31,pullback_repair_confirm,2026-03-31,2026-04-01,2026-04-03,2026-04-07,-16.02,-16.43,8.09,-14.23,3,flow_confirmed_stop
2026-03-25,sz002869,confirmed_entry_discovery,70.19,70.45,88.58,13.27,75.48,7.28,7.65,3.169,0.20946,0.05402,3.11,24.9,4,2026-03-30,second_wave_or_continuation_confirm,2026-03-30,2026-03-31,2026-04-14,2026-04-15,-11.31,-11.75,5.6,-13.68,10,flow_confirmed_stop
2026-03-25,sz002730,confirmed_entry_discovery,68.24,81.6,82.89,14.27,63.27,10.0,52.48,1.4,0.12781,0.03209,10.0,25.86,5,2026-03-31,pullback_repair_confirm,2026-03-31,2026-04-01,2026-04-20,2026-04-21,2.07,1.56,18.46,-1.69,12,flow_confirmed_distribution
2026-03-25,sz002893,confirmed_entry_discovery,60.95,57.78,82.57,22.0,70.52,6.34,13.64,4.146,0.14857,0.04784,6.34,13.25,8,2026-04-03,pullback_repair_confirm,2026-04-03,2026-04-07,2026-04-08,2026-04-09,-11.49,-11.93,1.12,-11.57,2,flow_confirmed_stop
2026-03-25,sh605299,confirmed_entry_discovery,60.38,76.18,81.84,36.0,71.92,9.98,41.35,1.314,0.1797,0.05168,9.98,17.74,9,2026-03-27,second_wave_or_continuation_confirm,2026-03-27,2026-03-30,2026-04-24,2026-04-24,11.57,11.01,27.83,-6.45,17,window_end
2026-03-26,sz000927,confirmed_entry_discovery,72.31,73.6,100.0,22.0,92.35,9.87,15.17,4.98,0.20749,0.05344,6.37,3.34,2,2026-03-31,pullback_repair_confirm,2026-03-31,2026-04-01,2026-04-24,2026-04-24,-9.97,-10.42,1.21,-13.6,15,window_end
2026-03-26,sh601908,confirmed_entry_discovery,71.73,75.29,95.9,26.0,72.0,10.07,24.5,2.465,0.2087,0.0411,10.07,5.03,3,2026-03-31,pullback_repair_confirm,2026-03-31,2026-04-01,2026-04-03,2026-04-07,-11.6,-12.04,2.8,-10.0,3,flow_confirmed_stop
2026-03-26,sz002705,confirmed_entry_discovery,69.96,77.7,89.73,26.5,88.22,9.98,1.86,5.895,0.21673,0.08251,1.86,14.77,4,2026-03-30,pullback_repair_confirm,2026-03-30,2026-03-31,2026-04-24,2026-04-24,24.83,24.21,31.03,-4.59,16,window_end
2026-03-26,sh603115,confirmed_entry_discovery,65.0,80.11,54.59,36.0,40.38,8.67,39.21,2.263,0.00247,0.03089,8.67,39.48,5,2026-03-27,pullback_repair_confirm,2026-03-27,2026-03-30,2026-04-10,2026-04-13,-4.75,-5.23,13.71,-3.72,9,flow_confirmed_distribution
2026-03-26,sz000037,confirmed_entry_discovery,64.23,56.36,97.72,14.81,76.58,10.0,21.11,2.614,0.13812,0.02285,10.0,11.99,6,2026-03-31,pullback_repair_confirm,2026-03-31,2026-04-01,2026-04-02,2026-04-03,-15.99,-16.41,1.35,-14.41,2,flow_confirmed_stop
2026-03-26,sh603601,confirmed_entry_discovery,63.95,70.81,87.67,35.53,84.29,9.98,1.59,2.705,0.11165,0.02631,1.59,13.44,7,2026-03-30,second_wave_or_continuation_confirm,2026-03-30,2026-03-31,2026-04-10,2026-04-13,-9.31,-9.76,10.0,-9.17,8,flow_confirmed_stop
2026-03-26,sh603026,confirmed_entry_discovery,62.43,64.52,88.94,33.27,70.47,10.01,28.2,1.895,0.21697,0.03082,8.83,85.32,8,2026-03-27,second_wave_or_continuation_confirm,2026-03-27,2026-03-30,2026-03-31,2026-04-01,-7.59,-8.05,1.24,-8.95,2,flow_confirmed_stop
2026-03-26,sh603016,confirmed_entry_discovery,62.23,65.87,80.33,36.0,64.23,5.7,21.48,2.378,0.11025,0.03113,3.3,41.0,9,2026-03-30,pullback_repair_confirm,2026-03-30,2026-03-31,2026-04-01,2026-04-02,2.81,2.29,11.62,-3.51,2,flow_confirmed_distribution
2026-03-27,sh600513,confirmed_entry_discovery,80.3,96.65,90.49,34.68,72.0,10.01,22.3,2.022,0.1801,0.0474,9.12,25.61,1,2026-04-01,second_wave_or_continuation_confirm,2026-04-01,2026-04-02,2026-04-03,2026-04-07,-10.45,-10.9,8.07,-7.3,2,flow_confirmed_distribution
2026-03-27,sz002263,confirmed_entry_discovery,75.94,77.39,100.0,12.8,72.0,10.0,12.12,4.571,0.21812,0.07467,10.0,4.07,2,2026-03-31,second_wave_or_continuation_confirm,2026-03-31,2026-04-01,2026-04-15,2026-04-17,23.42,22.8,21.31,-2.81,10,flow_confirmed_distribution
2026-03-27,sz000720,confirmed_entry_discovery,71.59,75.83,90.11,22.0,71.86,9.98,38.79,1.991,0.36675,0.04952,9.98,5.51,3,2026-03-31,pullback_repair_confirm,2026-03-31,2026-04-01,2026-04-09,2026-04-10,9.62,9.08,35.47,-12.08,6,flow_confirmed_distribution
2026-03-27,sz002294,confirmed_entry_discovery,67.6,77.05,83.35,13.08,65.18,10.01,26.0,1.531,0.10918,0.03558,4.65,61.88,6,2026-04-01,second_wave_or_continuation_confirm,2026-04-01,2026-04-02,2026-04-17,2026-04-20,-10.51,-10.96,9.25,-10.56,10,flow_confirmed_stop
2026-03-27,sh603272,confirmed_entry_discovery,60.46,56.55,94.38,32.98,64.93,10.01,29.64,2.95,0.06879,0.023,10.01,32.32,8,2026-03-30,second_wave_or_continuation_confirm,2026-03-30,2026-03-31,2026-03-31,2026-04-01,-7.37,-7.83,1.79,-10.12,1,flow_confirmed_stop
2026-03-27,sh600110,confirmed_entry_discovery,59.97,71.75,75.25,26.0,65.86,10.04,3.22,1.578,0.25502,0.02061,2.0,8.66,9,2026-04-07,second_wave_or_continuation_confirm,2026-04-07,2026-04-08,2026-04-24,2026-04-24,-0.2,-0.7,11.25,-11.76,11,window_end
2026-03-27,sh605299,confirmed_entry_discovery,59.66,63.85,77.94,42.07,29.49,10.0,50.98,2.863,0.02935,0.02821,8.51,19.25,10,2026-03-31,pullback_repair_confirm,2026-03-31,2026-04-01,2026-04-13,2026-04-14,-18.33,-18.73,9.6,-18.14,8,hard_stop_15
2026-03-30,sh600488,confirmed_entry_discovery,69.89,75.84,93.1,35.03,67.88,9.93,13.88,5.626,0.06168,0.04622,9.93,4.76,2,2026-03-31,second_wave_or_continuation_confirm,2026-03-31,2026-04-01,2026-04-24,2026-04-24,6.43,5.9,46.78,-1.74,15,window_end
2026-03-30,sz002361,confirmed_entry_discovery,67.32,62.65,93.92,12.0,72.0,9.97,9.17,2.303,0.14492,0.04182,9.17,15.0,4,2026-03-31,second_wave_or_continuation_confirm,2026-03-31,2026-04-01,2026-04-07,2026-04-08,-9.29,-9.75,7.65,-12.94,4,flow_confirmed_stop
2026-03-30,sz002705,confirmed_entry_discovery,66.22,75.77,64.54,16.14,59.24,1.81,8.6,3.184,0.06139,0.06161,1.81,15.15,5,2026-04-01,second_wave_or_continuation_confirm,2026-04-01,2026-04-02,2026-04-24,2026-04-24,24.58,23.96,30.76,-4.78,14,window_end
2026-03-30,sh603937,confirmed_entry_discovery,63.56,78.22,65.29,38.12,53.72,5.12,13.03,4.16,0.04473,0.04476,1.75,14.57,8,2026-04-01,pullback_repair_confirm,2026-04-01,2026-04-02,2026-04-15,2026-04-17,-6.68,-7.15,0.0,-9.83,9,flow_confirmed_stop
2026-03-30,sh600513,confirmed_entry_discovery,62.72,83.11,54.87,57.62,32.0,10.0,38.36,2.38,-0.0601,0.03683,10.0,28.17,9,2026-04-01,second_wave_or_continuation_confirm,2026-04-01,2026-04-02,2026-04-03,2026-04-07,-10.45,-10.9,8.07,-7.3,2,flow_confirmed_distribution
2026-03-31,sh603826,confirmed_entry_discovery,79.1,93.77,90.57,33.1,72.0,9.89,38.91,2.028,0.14411,0.0558,8.55,27.67,1,2026-04-08,pullback_repair_confirm,2026-04-08,2026-04-09,2026-04-17,2026-04-20,27.35,26.72,36.6,-2.13,6,flow_confirmed_distribution
2026-03-31,sz002263,confirmed_entry_discovery,76.32,77.84,100.0,12.0,72.0,10.0,32.65,4.527,0.12451,0.06427,10.0,4.51,2,2026-04-02,pullback_repair_confirm,2026-04-02,2026-04-03,2026-04-15,2026-04-17,15.07,14.49,13.1,-5.9,8,flow_confirmed_distribution
2026-03-31,sh605299,confirmed_entry_discovery,70.46,82.33,88.16,35.43,69.55,10.01,80.15,1.831,0.26858,0.04586,10.01,21.33,5,2026-04-02,second_wave_or_continuation_confirm,2026-04-02,2026-04-03,2026-04-13,2026-04-14,-19.76,-20.16,7.68,-19.58,6,hard_stop_15
2026-03-31,sh605162,confirmed_entry_discovery,68.5,79.0,82.71,26.0,86.03,10.05,18.71,1.744,0.18773,0.03186,3.66,11.61,6,2026-04-01,pullback_repair_confirm,2026-04-01,2026-04-02,2026-04-24,2026-04-24,-10.45,-10.89,15.52,-11.04,14,window_end
2026-03-31,sh600250,confirmed_entry_discovery,67.59,69.37,100.0,36.0,72.0,10.02,30.33,3.382,0.15389,0.03886,8.83,14.05,8,2026-04-07,second_wave_or_continuation_confirm,2026-04-07,2026-04-08,2026-04-13,2026-04-14,-12.65,-13.09,2.77,-14.52,4,flow_confirmed_stop
2026-03-31,sz002361,confirmed_entry_discovery,67.47,67.77,89.92,22.0,63.35,10.0,33.39,2.047,0.09513,0.05923,10.0,16.5,9,2026-04-08,pullback_repair_confirm,2026-04-08,2026-04-09,2026-04-24,2026-04-24,27.89,27.25,41.84,-3.64,10,window_end
2026-03-31,sz002821,confirmed_entry_discovery,66.93,64.21,100.0,24.76,72.0,10.0,19.75,4.47,0.11543,0.03828,9.35,110.77,10,2026-04-01,second_wave_or_continuation_confirm,2026-04-01,2026-04-02,2026-04-03,2026-04-07,-1.15,-1.65,4.67,-2.14,2,flow_confirmed_distribution
