symbol,anchor_date,anchor_close,peak_date,peak_high,days_to_peak,max_runup_pct,end_close_return_pct,segment_mdd_pct,avg_amount,cum_l2_main_net,cum_l2_super_net,cum_amount,cum_l2_main_net_ratio,cum_l2_super_net_ratio,positive_super_day_ratio,positive_main_day_ratio,max_daily_super_outflow_ratio,max_daily_main_outflow_ratio,return_20d_at_anchor,l2_super_net_ratio_at_anchor,l2_main_net_ratio_at_anchor,amount_anomaly_at_anchor
sh600396,2026-03-03,3.28,2026-04-24,10.8,35,229.27,180.49,-26.14,1547238187.83,-1320581360.46,200284041.56,55700574761.81,-0.02371,0.0036,0.4167,0.3056,-0.11576,-0.13889,7.54,-0.08227,-0.11445,2.114
sh603538,2026-03-04,20.33,2026-04-24,59.4,34,192.18,183.23,-8.79,1737266947.14,-228981066.97,507370883.21,60804343149.87,-0.00377,0.00834,0.4857,0.4857,-0.13308,-0.15509,-6.57,-0.13308,-0.15509,1.033
sz002980,2026-03-02,31.87,2026-04-21,84.22,34,164.26,158.21,-8.58,827564431.0,160379232.67,320267174.29,28964755085.05,0.00554,0.01106,0.4857,0.5143,-0.07149,-0.13381,40.4,0.57611,0.36826,0.649
sh600726,2026-03-02,2.71,2026-03-27,7.16,19,164.21,114.02,-3.62,1556236698.28,-367284462.15,117578997.85,31124733965.62,-0.0118,0.00378,0.45,0.4,-0.08135,-0.09551,6.27,0.0316,-0.02517,1.482
sz002580,2026-03-04,12.81,2026-04-20,33.64,31,162.61,116.24,-16.29,1312717132.21,27383772.61,1340420907.78,42006948230.64,0.00065,0.03191,0.5625,0.4062,-0.10497,-0.14457,-0.39,-6e-05,-0.07566,0.805
sh603778,2026-03-02,14.1,2026-04-09,34.27,27,143.05,88.16,-11.21,2775590639.26,-222406354.97,1610564331.09,77716537899.23,-0.00286,0.02072,0.4643,0.3929,-0.12318,-0.23186,-24.03,-0.03794,-0.1159,0.628
sz003018,2026-03-23,24.3,2026-04-24,58.0,21,138.68,135.72,-7.76,515852256.13,218114480.46,345650254.23,11348749634.92,0.01922,0.03046,0.5455,0.6364,-0.08165,-0.1075,3.23,-0.04056,-0.00529,0.497
sz001309,2026-03-03,228.7,2026-04-23,544.93,34,138.27,114.2,-14.17,6647954761.64,-4355884978.05,-1989188380.0,232678416657.27,-0.01872,-0.00855,0.4571,0.4571,-0.16323,-0.17874,-17.81,-0.10034,-0.10977,1.055
sh600488,2026-03-23,3.69,2026-04-08,8.44,11,128.73,65.85,-4.04,418408763.84,-276753965.12,-48021338.24,5020905166.12,-0.05512,-0.00956,0.5833,0.75,-0.11079,-0.18441,-13.99,0.0,0.08273,1.751
sz002297,2026-03-23,10.17,2026-04-24,22.45,21,120.75,119.27,-3.09,855946774.19,-129979955.25,-38197460.23,18830829032.14,-0.0069,-0.00203,0.5,0.5,-0.0677,-0.1332,-19.09,-0.04544,-0.1332,0.528
sz000890,2026-03-03,8.06,2026-04-07,17.61,24,118.49,101.49,-12.5,1071314862.63,-192931956.84,429009504.65,26782871565.82,-0.0072,0.01602,0.4,0.36,-0.07043,-0.11863,52.36,-0.07043,-0.09625,3.504
sz002361,2026-03-23,10.9,2026-04-23,23.8,20,118.35,96.88,-11.8,4230685591.83,2362550216.74,4807583699.43,88844397428.36,0.02659,0.05411,0.7143,0.4286,-0.03932,-0.07735,-22.25,-0.02401,-0.03648,0.482
sz002082,2026-03-05,16.7,2026-04-07,36.24,22,117.01,71.5,-12.01,872126300.48,-633322109.19,-349006086.34,20058904911.07,-0.03157,-0.0174,0.3913,0.3478,-0.11304,-0.11239,8.09,-0.0317,-0.04203,0.53
sz002384,2026-03-02,91.03,2026-04-24,196.0,36,115.31,106.42,-13.74,10309347282.7,-9527665789.27,-5826821314.81,381445849459.93,-0.02498,-0.01528,0.4054,0.4865,-0.13851,-0.16704,24.51,0.10416,0.13109,1.63
sz002957,2026-03-23,23.95,2026-04-21,51.55,19,115.24,93.95,-3.8,1065086651.72,102220223.26,299895506.71,21301733034.49,0.0048,0.01408,0.65,0.6,-0.09443,-0.12291,-21.53,-0.01906,-0.04225,0.723
sh603115,2026-03-06,29.0,2026-04-24,61.88,32,113.38,101.76,-12.12,501075239.54,-67601750.36,125262169.85,16535482904.69,-0.00409,0.00758,0.5152,0.5758,-0.12337,-0.19308,21.75,-0.06956,-0.05281,0.943
sz002990,2026-03-04,25.39,2026-04-24,54.11,34,113.12,113.12,-11.38,418138172.1,147160947.12,219265874.18,14634836023.55,0.01006,0.01498,0.6,0.4857,-0.12343,-0.17227,-12.3,-0.02027,-0.05097,0.753
sh603629,2026-03-06,56.13,2026-04-23,119.02,31,112.04,94.94,-16.29,2472359902.24,301534676.65,277785097.94,79115516871.75,0.00381,0.00351,0.5,0.5,-0.16191,-0.16357,50.08,-0.00364,-0.0298,0.631
sh603687,2026-03-13,9.92,2026-04-17,20.8,23,109.68,68.35,-9.97,1169314211.71,-793585286.66,-87018130.79,28063541081.03,-0.02828,-0.0031,0.375,0.375,-0.12056,-0.11218,-12.13,-0.07749,-0.06688,0.794
sz002428,2026-03-19,39.51,2026-04-23,82.76,22,109.47,95.19,-9.26,5020701517.12,36984967.36,2074103764.17,115476134893.85,0.00032,0.01796,0.4348,0.4783,-0.08454,-0.12342,12.28,-0.06575,-0.09612,0.505
sh600666,2026-03-04,3.62,2026-04-20,7.57,31,109.12,65.47,-10.66,2556846555.65,-1720139290.01,678932054.29,81819089780.83,-0.02102,0.0083,0.4688,0.375,-0.10376,-0.1733,-2.69,-0.00874,-0.03732,0.707
sz002328,2026-03-23,6.38,2026-04-17,13.33,17,108.93,75.55,-3.85,892732481.82,-165830922.85,63112897.46,16069184672.68,-0.01032,0.00393,0.4444,0.4444,-0.07845,-0.12091,-9.63,-0.05004,-0.08742,2.423
sh600683,2026-03-02,6.87,2026-04-24,14.35,36,108.88,99.56,-21.44,376822579.56,-130565476.64,191003882.29,13942435443.81,-0.00936,0.0137,0.5676,0.4324,-0.06951,-0.25245,50.99,-0.00924,0.0017,0.659
sz003036,2026-03-03,16.36,2026-04-24,33.59,35,105.32,105.32,-13.85,322036264.8,291004709.88,303523109.42,11593305532.79,0.0251,0.02618,0.4722,0.5833,-0.04755,-0.1197,0.55,-0.00106,0.00134,0.753
sh605299,2026-03-03,11.84,2026-04-08,23.98,25,102.53,76.77,-8.63,620411026.99,206974669.8,499712776.22,16130686701.65,0.01283,0.03098,0.5385,0.5769,-0.06425,-0.12478,5.71,-0.03135,-0.12478,0.932
sh600105,2026-03-24,25.22,2026-04-24,51.0,20,102.22,94.33,-4.24,5912562746.31,1152118192.79,2018166205.61,124163817672.61,0.00928,0.01625,0.381,0.381,-0.08475,-0.15178,-9.25,-0.07224,-0.11794,0.642
sh603773,2026-03-31,32.76,2026-04-23,66.0,14,101.47,77.96,-3.69,912149339.65,4492613.67,248873975.98,13682240094.82,0.00033,0.01819,0.6,0.4667,-0.08974,-0.13686,-10.78,-0.0151,-0.13686,0.45
sh601869,2026-03-09,211.91,2026-04-23,422.88,30,99.56,73.73,-14.92,5448329777.51,-2875639485.55,-758034413.05,168898223102.78,-0.01703,-0.00449,0.4194,0.3871,-0.12195,-0.17389,33.26,-0.01232,-0.07192,0.737
sh600743,2026-04-03,1.8,2026-04-15,3.53,7,96.11,32.22,-9.97,356109138.08,-292631090.91,-184461601.78,2848873104.67,-0.10272,-0.06475,0.375,0.25,-0.1399,-0.21926,-7.69,0.0,-0.09166,0.604
sz000533,2026-03-03,11.18,2026-03-18,21.84,11,95.35,18.87,-9.98,2698826489.11,-447750149.05,437807130.71,32385917869.28,-0.01383,0.01352,0.4167,0.5,-0.04756,-0.09505,22.72,-0.00203,0.01752,1.046
sz002432,2026-03-02,48.83,2026-04-23,94.94,35,94.43,66.99,-18.76,2717365093.05,-255603860.53,1107800163.75,97825143349.69,-0.00261,0.01132,0.5278,0.4722,-0.12919,-0.15391,14.33,0.2454,0.19015,3.626
sh603906,2026-03-04,17.13,2026-04-24,33.25,34,94.1,90.08,-6.8,1015412192.83,3665862.01,195049267.76,35539426748.94,0.0001,0.00549,0.5429,0.5143,-0.12087,-0.17228,-7.0,-0.12087,-0.13821,0.951
sh600722,2026-03-02,10.32,2026-03-17,20.02,11,93.99,35.56,-5.91,2106581410.01,56347938.7,578746509.74,25278976920.09,0.00223,0.02289,0.5833,0.5,-0.07099,-0.08552,38.71,0.93637,0.75279,0.205
sz002491,2026-03-23,9.42,2026-04-23,18.2,20,93.21,66.14,-12.02,2696414453.33,-278841617.05,699510564.72,56624703519.97,-0.00492,0.01235,0.5714,0.5714,-0.10888,-0.15766,-1.77,-0.01377,-0.07109,0.495
sz001400,2026-03-05,114.45,2026-04-21,220.0,31,92.22,73.87,-14.31,420011870.01,185125160.67,319073182.75,13440379840.37,0.01377,0.02374,0.5,0.4062,-0.05246,-0.12599,19.84,0.02123,-0.00084,0.763
sz000720,2026-03-03,3.74,2026-04-08,7.18,25,91.98,25.13,-15.7,569664529.35,26661911.14,757251372.62,14811277763.22,0.0018,0.05113,0.5385,0.4615,-0.18083,-0.25396,1.63,-0.08322,-0.0811,1.144
sh600961,2026-03-23,16.27,2026-04-24,31.08,21,91.03,85.74,-5.19,591008709.53,-79727055.86,66866281.01,13002191609.61,-0.00613,0.00514,0.5909,0.6364,-0.07611,-0.13218,-21.21,-0.07288,-0.07893,0.719
sh603950,2026-03-23,37.09,2026-04-23,69.82,10,88.24,65.49,-9.22,696896470.14,180120556.6,90991296.09,7665861171.57,0.0235,0.01187,0.4545,0.5455,-0.05782,-0.09858,2.83,-0.04451,-0.0372,0.566
sz001389,2026-03-23,99.03,2026-04-24,185.22,21,87.03,72.27,-5.11,1467922280.56,635787261.65,434136867.69,32294290172.21,0.01969,0.01344,0.5909,0.5909,-0.05904,-0.11736,-2.15,-0.05832,-0.06836,1.023
sz002636,2026-03-09,25.34,2026-04-23,47.37,30,86.94,63.1,-19.05,1593910159.23,71671580.2,395953678.01,49411214936.16,0.00145,0.00801,0.5484,0.5161,-0.11495,-0.12656,4.37,-0.01848,-0.09363,0.722
sz002342,2026-03-23,11.46,2026-04-21,21.42,19,86.91,66.23,-11.25,3069996009.69,2080516000.26,3280634296.47,61399920193.72,0.03388,0.05343,0.6,0.6,-0.08943,-0.11876,-39.87,0.02845,0.0122,0.587
sh603256,2026-03-23,60.97,2026-04-23,113.56,20,86.26,75.5,-6.76,2099568497.95,899076735.11,1262179847.2,44090938456.89,0.02039,0.02863,0.7143,0.6667,-0.09455,-0.14858,-8.47,-0.0158,-0.10334,0.517
sh605222,2026-03-23,19.3,2026-04-24,35.88,21,85.91,73.26,-5.88,426312065.53,311091544.45,292553915.02,9378865441.66,0.03317,0.03119,0.5909,0.5,-0.03627,-0.09653,-7.12,-0.03071,-0.08716,0.602
sz002824,2026-03-23,16.75,2026-04-17,31.12,17,85.79,63.28,-3.47,500801747.5,162568666.27,123842780.54,9014431454.91,0.01803,0.01374,0.5,0.6111,-0.10135,-0.13973,-26.02,-0.09661,-0.13973,1.265
sh603738,2026-03-09,22.07,2026-04-24,40.7,31,84.41,80.38,-9.72,1327849864.33,712619202.45,817502000.61,42491195658.43,0.01677,0.01924,0.625,0.5625,-0.11676,-0.16342,37.59,-0.11676,-0.16342,1.373
sh600184,2026-03-23,14.42,2026-04-23,26.59,20,84.4,67.34,-5.56,951063872.95,-131555387.11,217578090.44,19972341332.04,-0.00659,0.01089,0.5238,0.4762,-0.17435,-0.16741,-18.94,0.00231,-0.01596,0.775
sh603826,2026-03-03,19.92,2026-04-17,36.61,31,83.79,74.55,-9.89,387977006.32,355628621.23,127691459.43,12415264202.27,0.02864,0.01029,0.625,0.7188,-0.07622,-0.11797,16.49,-0.00094,-0.05921,1.009
sz002947,2026-03-09,45.62,2026-04-24,83.76,31,83.6,82.6,-3.96,793135236.34,524565159.82,354749806.73,25380327562.82,0.02067,0.01398,0.5312,0.5938,-0.12392,-0.13231,2.59,-0.12392,0.01626,0.856
sh603618,2026-03-17,18.26,2026-04-24,33.13,25,81.43,67.36,-24.11,2263999856.72,-649006057.54,395056997.85,58863996274.7,-0.01103,0.00671,0.5,0.3846,-0.11806,-0.16044,24.73,-0.01581,-0.05681,0.42
sh600330,2026-03-23,15.19,2026-04-23,27.53,20,81.24,70.44,-6.96,2704596426.43,-551402666.65,-403258119.85,56796524955.09,-0.00971,-0.0071,0.5238,0.5238,-0.09778,-0.14733,-11.53,-0.03674,-0.1242,0.756
sh600370,2026-03-04,2.13,2026-03-19,3.86,11,81.22,23.94,-9.37,503292832.51,-270252106.87,-152331463.08,6039513990.08,-0.04475,-0.02522,0.4167,0.4167,-0.14462,-0.16193,-21.11,-0.14462,-0.11412,0.399
sz002975,2026-03-23,65.95,2026-04-24,119.5,21,81.2,75.48,-4.87,754575831.09,6494316.26,180015070.02,16600668284.07,0.00039,0.01084,0.5455,0.3636,-0.15746,-0.14659,-12.63,-0.15746,-0.14659,0.817
sz002560,2026-03-23,9.11,2026-04-21,16.48,19,80.9,56.42,-7.14,1441440592.07,-26252285.98,521776601.32,28828811841.42,-0.00091,0.0181,0.5,0.4,-0.11227,-0.20461,-11.38,-0.01172,-0.07691,0.692
sh603897,2026-03-26,29.3,2026-04-17,52.96,14,80.75,69.97,-4.8,546584651.49,445111702.24,274645904.81,8198769772.34,0.05429,0.0335,0.6667,0.7333,-0.0808,-0.15243,5.21,-0.0808,-0.15243,0.494
sz000967,2026-03-04,8.07,2026-04-20,14.58,31,80.67,60.47,-12.75,1045234985.93,-810050891.07,139502386.71,33447519549.8,-0.02422,0.00417,0.4062,0.4375,-0.09304,-0.10761,13.66,0.00463,-0.05318,1.025
sh600227,2026-03-05,2.99,2026-03-18,5.4,9,80.6,32.44,-5.48,1442379546.95,23067105.12,238604325.26,14423795469.5,0.0016,0.01654,0.4,0.3,-0.05342,-0.08196,11.99,-0.02797,-0.05105,1.953
sz002310,2026-03-03,2.28,2026-03-30,4.11,19,80.26,34.21,-8.88,1446781398.62,-681774198.08,256035837.23,28935627972.36,-0.02356,0.00885,0.6,0.45,-0.16825,-0.17007,-3.8,-0.01736,-0.13182,1.647
sz000889,2026-03-23,3.04,2026-04-20,5.45,18,79.28,57.57,-9.89,411348314.45,92625546.65,362994774.03,7815617974.53,0.01185,0.04644,0.5263,0.4211,-0.15906,-0.18221,-18.06,-0.05733,-0.18221,1.2
sz003031,2026-03-23,74.25,2026-04-23,133.08,20,79.23,72.11,-7.63,1445102211.96,267772277.57,440198658.79,30347146451.07,0.00882,0.01451,0.4286,0.4762,-0.05215,-0.10474,2.19,-0.02266,-0.0099,1.235
sh601016,2026-03-03,3.21,2026-03-26,5.73,17,78.5,39.56,-6.55,3085387065.68,-840380843.03,493406278.8,55536967182.15,-0.01513,0.00888,0.5556,0.5556,-0.16208,-0.19669,0.63,-0.09274,-0.13272,1.426
sz002418,2026-03-23,3.99,2026-04-23,7.12,20,78.45,54.14,-12.14,797603757.6,-189898057.31,272375827.59,16749678909.54,-0.01134,0.01626,0.5238,0.5238,-0.19413,-0.29352,-15.47,-0.0183,-0.07356,0.869
sz000815,2026-03-03,12.96,2026-04-17,23.1,31,78.24,47.92,-15.29,2741138683.27,-1319363661.53,1197929212.26,87716437864.73,-0.01504,0.01366,0.5,0.3125,-0.14156,-0.16194,-0.15,-0.05612,-0.13401,0.809
sz002730,2026-03-03,17.36,2026-04-02,30.86,22,77.76,64.92,-10.02,782853380.09,410587094.24,325396336.34,18005627742.17,0.0228,0.01807,0.3913,0.6957,-0.03171,-0.14509,10.86,-0.01315,-0.01102,2.486
sz002281,2026-03-03,76.41,2026-04-24,135.67,35,77.56,68.43,-20.05,6394075196.24,-2150926570.34,381357198.26,230186707064.57,-0.00934,0.00166,0.4444,0.4444,-0.13414,-0.15056,6.18,-0.01773,-0.02217,2.017
sz002364,2026-04-02,25.64,2026-04-21,45.45,11,77.26,62.6,-5.74,2302518744.76,804998146.87,1592941662.11,27630224937.09,0.02913,0.05765,0.75,0.75,-0.06829,-0.15647,-21.88,-0.06829,-0.15647,0.494
sz002008,2026-03-23,59.9,2026-04-24,105.99,21,76.94,71.05,-4.74,2996427177.37,2818424756.54,2298421905.38,65921397902.08,0.04275,0.03487,0.6818,0.7273,-0.05423,-0.07803,20.33,-0.02267,-0.07803,0.792
sh600310,2026-03-03,4.11,2026-03-30,7.26,19,76.64,23.84,-6.81,597622658.98,-587499580.76,-80161724.08,11952453179.63,-0.04915,-0.00671,0.45,0.35,-0.15524,-0.27215,5.93,0.05658,-0.01709,1.846
sh600186,2026-03-04,5.56,2026-04-24,9.8,34,76.26,64.39,-13.22,1439020794.72,434272708.26,1614978405.51,50365727815.03,0.00862,0.03207,0.5143,0.4286,-0.07754,-0.14516,-7.64,-0.0054,-0.03831,0.547
sh601778,2026-03-03,4.53,2026-04-24,7.88,35,73.95,58.28,-23.29,2468138321.31,-2010703451.44,-523224660.28,88852979567.07,-0.02263,-0.00589,0.3333,0.4444,-0.14172,-0.22033,5.59,0.01342,0.03438,0.949
sh603026,2026-03-05,62.6,2026-04-23,108.8,32,73.8,66.23,-17.51,1610665963.62,221507050.46,749002049.78,53151976799.48,0.00417,0.01409,0.4848,0.4545,-0.10157,-0.15437,-6.66,-0.10157,-0.15437,0.843
sh600487,2026-03-23,41.36,2026-04-24,71.3,21,72.39,68.13,-12.45,9553381703.05,-3334477948.03,-469808326.93,210174397466.99,-0.01587,-0.00224,0.4091,0.4091,-0.08991,-0.20485,0.63,-0.04264,-0.05501,0.648
sh603052,2026-03-23,56.99,2026-04-23,98.0,20,71.96,59.8,-6.38,705905848.23,304383461.07,577512177.08,14824022812.73,0.02053,0.03896,0.5714,0.381,-0.05311,-0.10035,-7.41,-0.03712,-0.06252,0.9
sh600103,2026-03-23,3.31,2026-04-23,5.69,20,71.9,46.53,-4.31,805722211.03,93910444.17,337758470.12,16920166431.67,0.00555,0.01996,0.5714,0.4762,-0.18346,-0.23755,-12.43,-0.02661,-0.09938,1.117
sz002038,2026-03-23,5.5,2026-04-03,9.4,9,70.91,26.36,-3.84,824024454.66,43454790.68,222318052.74,8240244546.6,0.00527,0.02698,0.4,0.3,-0.08945,-0.08287,-16.41,-0.05033,-0.0567,1.391
sh603803,2026-03-04,9.83,2026-04-14,16.79,28,70.8,46.59,-20.31,1025039974.4,61959612.53,672927390.39,29726159257.68,0.00208,0.02264,0.4138,0.4138,-0.07234,-0.12685,-1.01,-0.01193,-0.12685,0.783
sh600821,2026-03-03,7.15,2026-03-20,12.2,13,70.63,24.2,-10.76,4241211975.95,-1508774654.72,383886972.46,59376967663.31,-0.02541,0.00647,0.4286,0.4286,-0.14195,-0.15807,23.7,-0.07368,-0.05404,2.137
sh603083,2026-04-07,101.4,2026-04-23,172.9,10,70.51,51.52,0.0,5316180647.67,525075023.49,1708006795.73,58477987124.33,0.00898,0.02921,0.5455,0.5455,-0.07958,-0.12266,-8.87,-0.07958,-0.12266,0.681
sz002263,2026-03-23,3.14,2026-04-17,5.35,17,70.38,38.54,-9.37,1704802341.68,226417695.04,813299299.37,30686442150.29,0.00738,0.0265,0.5,0.5,-0.16264,-0.15548,-10.03,0.01627,0.1045,1.256
sh600773,2026-03-04,14.72,2026-04-24,25.02,34,69.97,67.53,-11.57,781676822.08,52842996.41,32968113.23,27358688772.7,0.00193,0.00121,0.4571,0.5429,-0.12559,-0.236,1.66,0.03375,0.02149,1.228
sh601133,2026-03-12,15.46,2026-04-15,26.24,23,69.73,48.45,-11.42,610110521.6,532880741.71,659448233.01,14642652518.36,0.03639,0.04504,0.5417,0.5,-0.03947,-0.10428,-13.05,-0.0205,-0.04211,0.536
sh600032,2026-03-03,8.31,2026-03-26,14.1,17,69.68,30.69,-6.6,863970583.85,-789026.64,77959246.67,15551470509.38,-5e-05,0.00501,0.4444,0.6111,-0.12767,-0.15168,3.75,-0.01819,-0.03609,2.087
sh600152,2026-03-23,9.02,2026-04-20,15.29,18,69.51,43.68,-16.24,972352279.53,295018420.45,298446956.52,18474693311.15,0.01597,0.01615,0.5789,0.5789,-0.0698,-0.0957,12.05,-0.02423,-0.03993,1.157
sz002565,2026-03-13,13.19,2026-04-21,22.32,25,69.22,50.11,-12.0,3475638219.78,1911578342.08,4633049215.64,90366593714.17,0.02115,0.05127,0.4615,0.4615,-0.10089,-0.19746,-24.97,-0.10089,-0.19746,0.522
sz002713,2026-03-04,9.27,2026-04-15,15.67,29,69.04,40.13,-9.91,310099490.15,-6173716.72,106645832.25,9302984704.43,-0.00066,0.01146,0.5667,0.5667,-0.09875,-0.16398,7.79,-0.02412,-0.07165,0.707
sz002192,2026-03-19,52.32,2026-04-17,88.02,19,68.23,64.91,-13.84,2557428477.77,-489347278.82,380045650.17,51148569555.5,-0.00957,0.00743,0.55,0.45,-0.08964,-0.14149,-1.99,-0.02134,-0.02166,0.895
sz002222,2026-03-23,58.9,2026-04-23,99.0,20,68.08,51.53,-7.17,2813683144.97,408908543.87,1481333492.45,59087346044.35,0.00692,0.02507,0.381,0.4762,-0.06359,-0.14638,-16.69,-0.00583,0.01236,0.828
sh603698,2026-03-23,28.56,2026-04-20,48.0,18,68.07,41.81,-5.87,787235837.23,629087368.63,549941973.99,14957480907.44,0.04206,0.03677,0.5789,0.5789,-0.10245,-0.15988,-28.35,-0.02009,-0.08583,0.509
sh603929,2026-03-12,128.41,2026-04-13,215.65,21,67.94,47.28,-13.22,1079329329.33,156022936.22,338180958.58,23745245245.31,0.00657,0.01424,0.4545,0.4545,-0.1152,-0.16933,-8.37,-0.03629,-0.06409,0.682
sh600641,2026-03-09,17.19,2026-04-23,28.86,30,67.89,58.35,-7.82,908908150.79,259766285.73,342001574.39,28176152674.36,0.00922,0.01214,0.4194,0.4194,-0.09363,-0.14127,-3.05,-0.09363,-0.08499,1.203
sz002025,2026-03-03,49.87,2026-04-20,83.63,32,67.7,54.02,-9.58,2159447470.63,710063386.21,684067954.35,71261766530.65,0.00996,0.0096,0.4242,0.4242,-0.13422,-0.12809,-5.85,-0.05094,-0.09455,1.512
sz002015,2026-03-02,13.71,2026-03-13,22.99,9,67.69,42.3,-0.77,4010984584.98,-783957054.37,655054954.16,40109845849.81,-0.01955,0.01633,0.5,0.5,-0.10872,-0.14069,24.18,-0.00806,-0.1067,2.229
sh601330,2026-03-04,7.34,2026-03-25,12.2,15,66.21,17.17,-4.67,685420924.07,-103660253.11,125457230.94,10966734785.08,-0.00945,0.01144,0.5625,0.375,-0.0507,-0.08734,1.1,0.01059,-0.00157,1.495
sz000070,2026-03-23,13.6,2026-04-24,22.5,21,65.44,46.84,-10.52,2470992689.94,-227394737.98,662094024.7,54361839178.7,-0.00418,0.01218,0.5455,0.5,-0.09483,-0.18704,-23.29,-0.05456,-0.07226,0.519
sh600844,2026-03-04,3.32,2026-03-30,5.49,18,65.36,6.33,-11.99,588385581.7,223413570.24,394842853.59,11179326052.24,0.01998,0.03532,0.4737,0.4737,-0.06173,-0.17371,2.47,-0.01271,-0.03352,2.501
sh600539,2026-03-23,10.67,2026-04-17,17.57,17,64.67,58.11,-10.43,385788147.93,76475620.39,55339460.99,6944186662.73,0.01101,0.00797,0.5,0.6111,-0.07998,-0.13995,-3.7,-0.00864,-0.00699,1.037
sz002810,2026-03-03,17.57,2026-04-24,28.91,35,64.54,64.54,-6.95,348142494.27,-180950424.55,-43158265.03,12533129793.82,-0.01444,-0.00344,0.3333,0.3333,-0.06688,-0.13844,1.5,-0.04429,-0.133,0.909
sh600108,2026-03-02,4.37,2026-03-12,7.17,8,64.07,-2.29,-5.1,2158680355.64,64105129.76,267263789.2,19428123200.78,0.0033,0.01376,0.4444,0.5556,-0.04935,-0.07468,15.3,0.37886,0.24674,0.583
sh600345,2026-03-23,34.88,2026-04-13,57.08,14,63.65,44.64,-1.73,918582938.2,309879177.73,369879586.77,13778744073.03,0.02249,0.02684,0.6667,0.6,-0.12144,-0.11424,-16.29,-0.02674,-0.08122,0.517
sz000601,2026-03-04,5.5,2026-03-26,9.0,16,63.64,24.73,-12.7,1172930148.38,-38130599.6,511907569.25,19939812522.51,-0.00191,0.02567,0.5882,0.4706,-0.12049,-0.14527,7.42,-0.07698,-0.14527,2.07
sh603248,2026-03-03,22.35,2026-03-18,36.5,11,63.31,11.9,-5.07,507309568.1,136794033.76,238360581.83,6087714817.26,0.02247,0.03915,0.5833,0.4167,-0.03633,-0.09016,-6.52,-0.01249,-0.03035,1.775
sz000703,2026-03-19,10.55,2026-04-15,17.2,18,63.03,41.9,-4.77,787223342.35,499487555.53,268251039.91,14957243504.57,0.03339,0.01793,0.6316,0.6316,-0.0687,-0.06786,-20.08,-0.0687,0.0184,1.016
sh600707,2026-04-03,5.48,2026-04-21,8.93,10,62.96,47.26,-2.85,776521512.19,237188654.56,240636580.62,8541736634.13,0.02777,0.02817,0.3636,0.7273,-0.09035,-0.07464,-15.43,0.0,-0.03686,0.468
sz002201,2026-03-23,10.34,2026-04-23,16.85,20,62.96,37.33,-6.46,557783612.41,-90813416.26,123620366.92,11713455860.62,-0.00775,0.01055,0.5714,0.4286,-0.07418,-0.16055,-24.85,-0.02943,-0.0559,0.605
sh603890,2026-03-23,12.79,2026-04-21,20.8,19,62.63,48.08,-4.86,508985132.62,217597270.82,350875290.09,10179702652.49,0.02138,0.03447,0.4,0.5,-0.07082,-0.15648,-15.47,-0.07082,-0.13413,1.236
sh601789,2026-03-04,4.92,2026-03-12,8.0,6,62.6,14.02,0.0,1180978915.25,-104004902.18,195331569.11,8266852406.72,-0.01258,0.02363,0.5714,0.5714,-0.10928,-0.08569,-7.52,-0.05827,-0.01242,0.648
sz000539,2026-03-04,5.01,2026-03-26,8.14,16,62.48,30.94,-7.51,776612279.81,-121865853.03,73170275.88,13202408756.85,-0.00923,0.00554,0.4706,0.5882,-0.09803,-0.11082,2.04,-0.05957,-0.08331,1.257
sh605162,2026-03-17,9.53,2026-04-08,15.48,15,62.43,25.92,-8.97,444719607.06,223165890.56,274943175.08,7115513713.02,0.03136,0.03864,0.6875,0.875,-0.03966,-0.10698,2.14,-0.0184,0.01271,0.813
sz000688,2026-03-19,29.91,2026-04-17,48.39,19,61.79,46.81,-8.41,1232080410.18,50030911.68,180793978.7,24641608203.6,0.00203,0.00734,0.6,0.6,-0.07091,-0.15077,-5.02,-0.01783,-0.06621,1.187
sz002309,2026-03-04,3.36,2026-04-07,5.43,23,61.61,22.62,-14.6,1890838603.95,-803310959.17,79619928.02,45380126494.81,-0.0177,0.00175,0.3333,0.4583,-0.16458,-0.18909,11.26,-0.04112,-0.03279,1.076
sh603002,2026-03-23,9.14,2026-04-24,14.76,21,61.49,57.44,-6.19,754157837.33,291617913.82,196176519.03,16591472421.36,0.01758,0.01182,0.4091,0.5909,-0.06388,-0.15811,-4.49,-0.04369,-0.11217,0.707
sz002149,2026-03-24,41.58,2026-04-23,66.91,19,60.92,39.25,-14.62,3868284311.89,815604546.75,2309978951.93,77365686237.75,0.01054,0.02986,0.55,0.4,-0.19747,-0.18844,-12.83,-0.02522,-0.04826,0.603
sz002655,2026-03-05,16.29,2026-04-24,26.2,33,60.83,54.39,-9.19,707776867.98,416203049.77,-26100102.1,24064413511.22,0.0173,-0.00108,0.5,0.5882,-0.0883,-0.11567,27.37,-0.01075,-0.03097,0.78
sz000973,2026-03-04,12.9,2026-04-15,20.71,29,60.54,47.21,-12.5,1251818947.78,-676759894.84,-31613273.08,37554568433.5,-0.01802,-0.00084,0.4,0.4,-0.11671,-0.22054,7.68,-0.04988,-0.08715,0.47
sz001270,2026-03-24,100.33,2026-04-23,160.98,19,60.45,53.49,-5.02,801400475.31,-350412693.43,-1912872.62,16028009506.11,-0.02186,-0.00012,0.45,0.4,-0.08805,-0.14974,-22.22,-0.05921,-0.05045,0.959
sz002938,2026-03-23,49.13,2026-04-23,78.66,20,60.11,45.72,-5.11,1954191946.38,-160130284.52,16548499.18,41038030873.98,-0.0039,0.0004,0.4286,0.4762,-0.06305,-0.11641,-13.46,-0.06305,-0.09684,0.762
sz001267,2026-03-02,33.55,2026-04-24,53.65,36,59.91,49.93,-23.1,2528269384.44,-309869420.15,727056067.05,93545967224.16,-0.00331,0.00777,0.5135,0.4865,-0.13035,-0.1325,31.36,0.11587,0.10006,1.337
sz002645,2026-03-23,14.95,2026-04-21,23.87,19,59.67,49.9,-5.71,847672312.75,857744707.06,539891186.14,16953446254.97,0.05059,0.03185,0.6,0.65,-0.11101,-0.08345,-8.39,0.02754,0.0889,1.13
sh603985,2026-03-03,16.58,2026-04-23,26.45,34,59.53,52.9,-7.43,780035735.17,-162171043.82,46023652.89,27301250730.81,-0.00594,0.00169,0.5429,0.5143,-0.07171,-0.12507,-2.81,-0.01973,-0.0721,1.063
sz000593,2026-03-20,13.6,2026-04-24,21.6,22,58.82,54.63,-9.28,487117727.88,23971392.2,72705920.57,11203707741.18,0.00214,0.00649,0.3913,0.4348,-0.10384,-0.1457,-1.31,-0.0534,-0.02242,0.733
sz002273,2026-03-31,22.04,2026-04-23,34.99,14,58.76,45.64,-4.1,2477763990.59,-669867783.16,-879275220.41,37166459858.91,-0.01802,-0.02366,0.2667,0.4,-0.19278,-0.1235,-17.02,-0.06812,-0.04653,0.463
sh600513,2026-03-02,20.36,2026-04-02,32.27,23,58.5,-0.74,-12.91,528262570.02,157651539.01,187179427.12,12678301680.56,0.01243,0.01476,0.6667,0.625,-0.08333,-0.16163,-3.87,0.01503,-0.02881,1.03
sz002638,2026-03-02,3.12,2026-04-14,4.94,30,58.33,43.59,-11.08,332865668.48,107188375.73,76077076.71,10318835722.96,0.01039,0.00737,0.5806,0.5806,-0.08735,-0.12174,-1.58,-0.01214,0.01167,1.243
sz002902,2026-03-09,20.24,2026-04-14,31.95,25,57.86,28.51,-9.1,1048496898.12,153317933.29,781518946.24,27260919351.12,0.00562,0.02867,0.4231,0.3846,-0.09507,-0.13235,-0.05,-0.01936,-0.02234,1.79
sz002647,2026-04-02,8.49,2026-04-23,13.4,11,57.83,36.75,-2.02,447218569.13,-261074657.25,-24534058.47,5366622829.54,-0.04865,-0.00457,0.5,0.5,-0.0819,-0.17636,-11.56,0.01477,-0.01002,0.536
sz002940,2026-03-23,27.38,2026-04-20,43.08,18,57.34,45.73,-18.14,699512525.02,166992663.72,354125360.31,13290737975.33,0.01256,0.02664,0.3684,0.3158,-0.06857,-0.08632,-16.01,-0.00943,-0.04475,1.203
sh603585,2026-03-23,17.46,2026-04-15,27.44,16,57.16,14.72,-12.54,310825288.3,221853942.68,196225833.85,5284029901.18,0.04199,0.03714,0.5294,0.6471,-0.03288,-0.14521,-15.73,-0.01466,-0.08573,0.719
sz002051,2026-03-23,8.07,2026-04-09,12.68,12,57.13,31.97,-3.83,694968002.38,108197205.7,227461873.97,9034584030.99,0.01198,0.02518,0.6923,0.7692,-0.0719,-0.15553,-5.28,0.01201,0.07719,1.224
sz001258,2026-03-03,7.85,2026-03-25,12.33,16,57.07,16.05,-9.32,783817904.21,388911312.66,557703121.57,13324904371.58,0.02919,0.04185,0.4706,0.5294,-0.0802,-0.14757,2.08,0.00124,-0.01841,1.444
sh601868,2026-03-03,2.52,2026-03-13,3.94,8,56.35,15.08,-1.58,7556222194.65,-1537898044.74,-677257960.11,68005999751.82,-0.02261,-0.00996,0.4444,0.4444,-0.12787,-0.13576,1.61,-0.11985,-0.12475,1.543
sz002705,2026-03-23,12.6,2026-04-23,19.68,20,56.19,48.81,-4.87,456891958.15,439228153.35,272666109.4,9594731121.25,0.04578,0.02842,0.4762,0.5238,-0.11624,-0.15484,-12.13,-0.01565,-0.05316,1.096
sh600758,2026-03-05,4.03,2026-03-26,6.29,15,56.08,-1.24,-3.76,448289208.96,-430745810.8,-213125418.83,7172627343.42,-0.06005,-0.02971,0.5,0.375,-0.33711,-0.31472,1.26,-0.01555,-0.04327,1.236
sh605366,2026-03-23,9.26,2026-04-23,14.44,20,55.94,45.46,-8.04,464883945.05,152878505.81,-25901226.39,9762562846.01,0.01566,-0.00265,0.4286,0.5714,-0.06976,-0.09693,11.3,-0.0201,-0.07399,0.912
sz002445,2026-03-09,3.06,2026-03-16,4.77,5,55.88,16.01,-10.02,585281577.5,-304156392.77,-80109349.45,3511689465.03,-0.08661,-0.02281,0.8333,0.8333,-0.15582,-0.17496,13.75,0.79018,0.67121,0.213
sz002788,2026-03-23,13.02,2026-04-08,20.29,11,55.84,5.91,-6.74,1028110722.1,32421675.41,71159800.33,12337328665.14,0.00263,0.00577,0.5,0.5,-0.08997,-0.15297,-17.18,-0.00649,-0.03368,0.921
sz002667,2026-03-03,22.92,2026-03-12,35.68,7,55.67,37.7,-1.58,997569663.25,173419962.81,-45902806.07,7980557305.98,0.02173,-0.00575,0.375,0.875,-0.07228,-0.11367,16.76,-0.01622,0.04203,2.091
sh603061,2026-03-23,225.4,2026-04-15,349.0,16,54.84,10.29,-7.19,639989958.21,-4126219.02,147476670.43,10879829289.54,-0.00038,0.01356,0.6471,0.4706,-0.09231,-0.13894,-15.55,-0.00984,-0.10835,0.646
sh603507,2026-03-03,31.09,2026-04-10,48.04,27,54.52,44.68,-6.86,631018775.2,169981844.83,4169704.01,17668525705.62,0.00962,0.00024,0.3571,0.5,-0.07102,-0.07774,0.65,-0.0188,-0.00892,0.962
sz002176,2026-03-23,8.83,2026-04-24,13.62,21,54.25,54.25,-6.26,1324931659.5,467787215.5,580276346.79,29148496508.95,0.01605,0.01991,0.4091,0.4545,-0.07973,-0.16005,-4.33,-0.0409,-0.08473,0.72
sh603693,2026-03-03,13.22,2026-03-25,20.37,16,54.08,15.28,-6.36,572969689.55,123971763.86,202705356.73,9740484722.36,0.01273,0.02081,0.4118,0.4118,-0.09625,-0.1316,4.59,-0.03803,-0.11116,1.935
sz000537,2026-03-03,8.95,2026-03-13,13.76,8,53.74,22.68,-0.96,880467574.75,-371985476.01,9051496.79,7924208172.78,-0.04694,0.00114,0.3333,0.4444,-0.16296,-0.22762,4.8,-0.16296,-0.22762,1.899
sz000762,2026-03-23,25.53,2026-04-24,39.18,21,53.47,50.8,-8.03,1549909012.91,-143745081.26,325102051.96,34097998283.96,-0.00422,0.00953,0.4091,0.4545,-0.09417,-0.17981,-3.44,-0.00932,-0.0333,0.868
sh603306,2026-03-23,71.98,2026-04-23,110.46,20,53.46,34.12,-3.73,1210308987.8,-449024746.32,-356668528.76,25416488743.7,-0.01767,-0.01403,0.4286,0.4762,-0.09728,-0.14301,-4.24,-0.08321,-0.04996,0.965
sh600338,2026-03-23,14.71,2026-04-24,22.57,21,53.43,53.43,-6.88,1214385787.28,-34320550.21,118563293.7,26716487320.14,-0.00128,0.00444,0.5455,0.5,-0.23192,-0.23355,-17.17,-0.10027,-0.14779,0.831
sh603757,2026-03-09,39.96,2026-04-20,61.18,28,53.1,27.18,-18.86,874652235.34,580749275.8,821951366.31,25364914824.89,0.0229,0.03241,0.5517,0.5172,-0.06642,-0.12254,0.65,-0.01713,-0.05463,1.04
sh600208,2026-03-23,3.09,2026-04-24,4.73,21,53.07,53.07,-3.6,419468176.8,577270366.26,527637844.32,9228299889.58,0.06255,0.05718,0.5,0.5455,-0.20251,-0.19058,-16.49,0.01328,-0.03602,1.107
sz002466,2026-03-19,48.93,2026-04-24,74.77,23,52.81,50.62,-4.35,3948910759.98,-13218022.69,563461324.76,94773858239.52,-0.00014,0.00595,0.5,0.4583,-0.08862,-0.15453,-4.6,-0.08862,-0.13576,0.81
sz002475,2026-03-04,46.28,2026-04-23,70.68,33,52.72,42.61,-7.71,8774465680.47,6672879456.77,6184356395.79,298331833135.88,0.02237,0.02073,0.3824,0.3529,-0.1774,-0.17225,-13.14,-0.00094,-0.06982,1.041
sh603601,2026-03-23,10.7,2026-04-21,16.34,19,52.71,32.52,-14.07,3550741620.25,-843134161.83,525030232.47,71014832405.07,-0.01187,0.00739,0.35,0.3,-0.11564,-0.14327,-11.57,-0.01368,-0.06578,0.548
sh600654,2026-03-23,3.17,2026-04-09,4.84,12,52.68,18.61,-2.36,526561922.22,192450283.36,136529224.27,6845304988.92,0.02811,0.01994,0.6154,0.5385,-0.09673,-0.10889,-18.09,-1e-05,-0.01482,1.329
sh600176,2026-03-20,22.65,2026-04-17,34.5,18,52.32,45.7,-3.9,2662734171.57,1461972035.65,1195444044.79,50591949259.81,0.0289,0.02363,0.6316,0.6842,-0.07292,-0.09681,-11.97,-0.05365,-0.09137,0.797
sh600183,2026-04-02,51.63,2026-04-23,78.5,12,52.04,40.67,0.0,4020037476.31,632289071.81,1127608457.12,52260487191.97,0.0121,0.02158,0.7692,0.6154,-0.08175,-0.19932,-21.75,-0.07126,-0.19932,1.238
sz002866,2026-03-04,18.3,2026-04-21,27.82,32,52.02,42.3,-12.19,510542312.98,25213341.02,152602606.84,16847896328.3,0.0015,0.00906,0.3939,0.4545,-0.0496,-0.13316,-2.71,-0.00619,-0.01823,0.678
sh600545,2026-03-03,3.12,2026-04-24,4.74,35,51.92,51.92,-23.54,610533543.05,527690602.9,838611706.21,21979207549.77,0.02401,0.03815,0.5556,0.5278,-0.07764,-0.16502,21.4,-0.04197,-0.1156,1.187
sz002294,2026-03-04,46.74,2026-04-02,70.99,21,51.88,18.78,-7.49,573950381.08,468559761.54,136004928.29,12626908383.82,0.03711,0.01077,0.5909,0.6818,-0.13676,-0.10598,-1.68,-0.03165,-0.00784,0.822
sh600982,2026-03-03,4.88,2026-03-26,7.4,17,51.64,23.36,-6.52,446677994.95,-43558905.46,49785683.9,8040203909.16,-0.00542,0.00619,0.5556,0.5,-0.16224,-0.19634,4.95,-0.04416,-0.14889,1.988
sz002213,2026-03-03,26.02,2026-04-17,39.45,31,51.61,36.97,-14.16,923271002.44,157501518.46,634258275.1,29544672078.02,0.00533,0.02147,0.375,0.5,-0.06999,-0.13698,-8.48,-0.002,-0.11182,1.034
sz002536,2026-03-31,27.48,2026-04-21,41.6,13,51.38,39.74,-6.01,1607666780.73,690887958.18,738368698.68,22507334930.25,0.0307,0.03281,0.6429,0.4286,-0.07191,-0.096,-19.65,-0.06939,-0.08226,0.593
sh603127,2026-03-23,26.5,2026-04-15,39.97,16,50.83,41.92,-5.07,1254304120.03,107504502.61,331919345.4,21323170040.48,0.00504,0.01557,0.6471,0.4118,-0.0842,-0.11953,-28.49,-0.04157,-0.09872,1.025
sh600815,2026-03-04,3.14,2026-03-26,4.72,16,50.32,23.57,-3.09,365538572.65,290325245.62,157506450.64,6214155734.99,0.04672,0.02535,0.5882,0.6471,-0.11674,-0.13455,-1.57,-0.03771,-0.04567,0.94
sh603588,2026-03-03,12.43,2026-04-09,18.66,26,50.12,22.85,-18.03,1357782158.11,1101873106.17,1110632336.36,36660118268.97,0.03006,0.0303,0.7778,0.6667,-0.12232,-0.22782,20.45,-0.07196,-0.10114,2.339
sh601218,2026-03-03,5.47,2026-03-25,8.21,16,50.09,15.54,-6.38,1035104097.95,-109925179.51,231364666.64,17596769665.21,-0.00625,0.01315,0.4118,0.5294,-0.15609,-0.22718,-6.01,-0.01008,-0.11762,1.299
sz002436,2026-04-03,19.65,2026-04-23,29.49,11,50.08,45.14,-2.1,2948434215.14,-112114877.89,591896357.14,35381210581.64,-0.00317,0.01673,0.5833,0.5,-0.11239,-0.19146,-21.68,-0.0663,-0.08026,0.492
sz002490,2026-03-02,9.68,2026-03-09,14.52,5,50.0,6.1,0.0,1328945711.11,247450709.48,403915466.73,7973674266.65,0.03103,0.05066,0.8333,0.6667,-0.02301,-0.02753,6.37,0.26755,0.22296,0.478
