symbol,signal_date,score,pre20_return_pct,pre10_return_pct,pre5_return_pct,drawdown_from_20d_high_pct,close_vs_20d_high_pct,amount,amount_anomaly_20d,signal_return_1d_pct,active_buy_strength,support_pressure_spread,pre20_super_net_ratio,pre20_main_net_ratio,pre10_super_net_ratio,pre10_main_net_ratio,pre20_super_positive_day_ratio,pre20_main_positive_day_ratio,pre5_order_available_ratio,trend_score,fund_score,repair_score,liquidity_score,rank,strategy_name,observe_date,entry_signal_date,buy_point_reason,confirm_date,confirm_return_1d_pct,confirm_amount_anomaly_20d,confirm_super_net_ratio,confirm_main_net_ratio,confirm_super3_ratio,confirm_main3_ratio,confirm_support_pressure_spread,confirm_active_buy_strength,confirm_close_vs_20d_high_pct,confirm_pullback_from_observe_peak_pct,confirm_cancel_buy_ratio,confirm_add_sell_ratio,prior3_amount_anomaly_avg,buy_point_type,entry_date,gross_entry_price,entry_price,exit_signal_date,exit_date,gross_exit_price,exit_price,return_pct,net_return_pct,max_runup_pct,max_drawdown_pct,holding_days,exit_reason,final_cum_super_amount,final_cum_super_peak_amount,final_cum_super_ratio,final_super_peak_drawdown_pct,final_super_decline_streak,future_days_available,is_mature_trade
sh601898,2026-03-02,72.13,12.54,7.89,4.33,-10.1,7.82,1932851166.13,2.35917975280061,9.096901779828602,6.599302551338866,-0.20037297799056275,0.02037,0.03575,0.00148,0.03207,0.6,0.7,0.0,47.45,87.2,69.5,100.0,4,趋势中继原型,2026-03-02,2026-03-05,回踩均线承接,2026-03-05,1.92,1.207,-0.00951,-0.00548,-0.07674,0.04351,-0.02478,-0.54784,-3.68,-14.18,0.37546,0.88711,2.254,回踩均线承接,2026-03-06,17.06,17.1026,2026-03-19,2026-03-20,17.67,17.6258,3.58,3.06,15.89,-3.58,10,cum_super_peak_dd_20pct_3d,147486047.75,354516933.94,0.01057,58.4,3,33,True
sz000731,2026-03-02,71.71,12.88,13.04,13.53,-13.81,9.0,1293406561.95,8.415821532495952,8.998732572877067,-10.238614433063255,1.6429377511014567,0.04457,0.0399,0.06728,0.08178,0.55,0.3,0.0,52.49,87.14,61.85,100.0,5,趋势中继原型,2026-03-02,2026-03-05,回踩均线承接,2026-03-05,-3.21,1.897,0.01727,0.02551,0.00037,-0.03836,-0.0641,2.5508,-13.13,-13.82,7e-05,1.47673,5.15,回踩均线承接,2026-03-06,7.48,7.4987,2026-03-17,2026-03-18,7.85,7.8304,4.95,4.42,15.37,-0.67,8,cum_super_peak_dd_20pct_3d,-18624828.46,7671332.7,-0.00491,342.78,3,33,True
sh600725,2026-03-02,70.13,15.17,13.24,13.24,-14.66,-0.93,361676538.74999994,2.231134501658351,-0.9276437847866359,6.815255627359935,0.11824774965445506,0.03083,0.04218,0.05625,0.0591,0.55,0.65,0.0,55.61,95.71,58.47,53.29,6,趋势中继原型,2026-03-02,2026-03-10,回踩均线承接,2026-03-10,3.21,1.465,0.00799,0.0496,-0.00175,0.05256,-0.10221,4.95961,0.0,-10.93,0.56373,1.03877,1.127,回踩均线承接,2026-03-11,5.47,5.4837,2026-03-16,2026-03-17,4.89,4.8778,-10.6,-11.05,1.46,-11.33,4,hard_stop_8pct,-37460662.26,0.0,-0.04271,0.0,1,30,True
sh600345,2026-03-02,69.15,38.93,9.71,6.79,-14.52,2.24,1402182006.1499999,1.3025488263582388,5.662921348314609,9.336993764416817,-0.10621074472272801,0.0306,0.02057,-0.0081,-0.00404,0.45,0.45,0.0,83.01,62.1,59.34,76.75,7,趋势中继原型,2026-03-02,2026-03-04,回踩均线承接,2026-03-04,-1.65,0.541,0.02102,-0.00025,0.0781,0.18619,0.04854,-0.02453,-9.77,-10.61,0.45997,0.96955,1.064,回踩均线承接,2026-03-05,43.98,44.0899,2026-03-09,2026-03-10,40.25,40.1494,-8.48,-8.94,6.46,-14.17,3,hard_stop_8pct,-74982594.15,0.0,-0.03386,0.0,2,34,True
sz000582,2026-03-02,69.14,17.03,17.51,9.08,-17.0,-1.65,1185440012.2199998,1.8574635305468485,-0.613496932515345,6.215251430734256,-0.04323920255062852,0.01985,0.00725,0.0326,0.0417,0.6,0.45,0.0,61.82,89.33,39.22,95.25,8,趋势中继原型,2026-03-02,2026-03-04,回踩均线承接,2026-03-04,0.64,0.879,0.00299,0.03776,0.01345,0.06576,-0.05882,3.77578,-5.15,-8.4,0.00108,1.45714,1.694,回踩均线承接,2026-03-05,11.21,11.238,2026-03-23,2026-03-24,10.44,10.4139,-6.87,-7.33,4.82,-9.37,13,hard_stop_8pct,-205356881.35,0.0,-0.03118,0.0,8,34,True
sz001339,2026-03-02,68.98,12.2,12.2,14.34,-15.71,0.76,1283492241.3,2.9771598055132342,3.766786767114305,6.847461774368263,-0.01682194973623785,0.04175,0.03759,0.07393,0.07454,0.5,0.45,0.0,50.86,82.86,58.86,100.0,9,趋势中继原型,2026-03-02,2026-03-05,回踩均线承接,2026-03-05,0.52,2.014,0.05997,0.13779,0.07384,0.1687,-0.08199,13.77949,-4.12,-13.02,0.00103,1.47022,2.753,回踩均线承接,2026-03-06,65.6,65.764,2026-03-18,2026-03-19,69.5,69.3263,5.95,5.42,21.95,-4.83,9,cum_super_peak_dd_20pct_3d,8965590.68,191389111.69,0.00088,95.32,3,33,True
sz002531,2026-03-03,82.39,32.48,7.87,1.86,-14.98,-2.18,990740617.4899999,1.6471774558827486,4.55927051671734,6.644632327357307,0.018310022603048592,0.04932,0.04089,0.04083,0.02857,0.75,0.65,0.2,72.73,100.0,67.25,87.56,1,趋势中继原型,2026-03-03,2026-03-04,回踩均线承接,2026-03-04,0.48,0.839,0.06154,0.07783,0.1327,0.12271,-0.11933,7.78285,-3.45,-7.63,0.00016,1.59197,1.131,回踩均线承接,2026-03-05,10.62,10.6465,2026-03-20,2026-03-23,11.07,11.0423,4.24,3.72,26.18,-4.9,12,cum_super_peak_dd_20pct_3d,195974241.3,340517201.9,0.01635,42.45,3,34,True
sh600989,2026-03-03,73.42,16.31,13.4,10.82,-13.56,8.32,8861485300.020002,4.0680700775032825,8.320668693009114,2.3037644085415323,0.04159511502763169,0.00397,0.03108,0.00844,0.04093,0.5,0.75,0.2,57.22,76.76,77.57,100.0,6,趋势中继原型,2026-03-03,2026-03-05,回踩均线承接,2026-03-05,0.89,2.343,-0.00615,0.0152,-0.00703,0.06788,-0.00327,1.52028,-5.98,-12.66,0.29841,0.85805,3.217,回踩均线承接,2026-03-06,26.86,26.9271,2026-03-26,2026-03-27,29.82,29.7455,11.02,10.47,35.85,-1.49,15,cum_super_peak_dd_20pct_3d,1303786772.02,1951698927.75,0.01317,33.2,3,33,True
sz000554,2026-03-03,71.83,29.74,22.03,13.07,-21.81,10.04,198437336.35,0.4490906069240693,10.040567951318469,4.53276055073394,3.613963271181553,0.00514,0.00258,0.0325,0.05226,0.4,0.6,0.2,80.38,89.24,65.4,1.35,8,趋势中继原型,2026-03-03,2026-03-09,回踩均线承接,2026-03-09,0.29,2.31,0.09516,0.10089,0.03042,0.00207,0.04318,10.0885,-12.81,-14.99,0.00069,1.26791,2.648,回踩均线承接,2026-03-10,9.4,9.4235,2026-03-20,2026-03-23,8.7,8.6783,-7.45,-7.91,5.53,-9.47,9,hard_stop_8pct,-101165320.91,0.0,-0.02148,0.0,1,31,True
sh600681,2026-03-04,72.53,12.0,12.8,12.0,-15.34,-1.47,773000677.0000001,4.06588080097584,-1.4705882352941013,5.774269752677078,0.1663174572355512,0.06127,0.0276,0.10322,0.0747,0.7,0.65,0.4,51.14,100.0,55.37,83.39,3,趋势中继原型,2026-03-04,2026-03-05,回踩均线承接,2026-03-05,-2.99,2.055,0.03243,0.04494,0.45564,0.47498,0.12371,4.49415,-4.41,-8.4,0.49312,0.96945,2.748,回踩均线承接,2026-03-06,4.46,4.4711,2026-03-09,2026-03-10,4.38,4.3691,-1.79,-2.28,7.62,-1.79,2,violent_super_outflow,-14878821.7,9059112.3,-0.01923,264.24,1,33,True
sh600860,2026-03-05,75.86,23.52,11.73,4.28,-13.62,5.45,1368807467.4900005,3.2808865850791995,6.796769851951545,9.54649654195832,0.07350921697885571,0.03265,0.03214,0.0431,0.05047,0.4,0.4,0.6,65.0,74.29,81.44,100.0,2,趋势中继原型,2026-03-05,2026-03-10,回踩均线承接,2026-03-10,1.99,1.328,-0.00729,0.0412,-0.09212,-0.15951,-0.10045,4.11966,-3.88,-12.18,0.38946,0.9279,2.35,回踩均线承接,2026-03-11,15.85,15.8896,2026-03-17,2026-03-18,13.88,13.8453,-12.43,-12.87,1.14,-10.28,5,hard_stop_8pct,-46313498.13,9050408.74,-0.01558,611.73,1,30,True
sh603826,2026-03-05,70.25,26.14,11.68,3.01,-14.51,2.42,554223903.57,2.0744198209676235,3.7211493170042242,12.151246118437065,-0.01077882081866155,0.03634,0.03018,0.01876,0.02214,0.5,0.4,0.6,68.32,78.64,61.95,67.38,5,趋势中继原型,2026-03-05,2026-03-10,回踩均线承接,2026-03-10,2.35,0.923,0.04694,0.10085,0.09596,0.29362,-0.05137,10.08524,-0.29,-13.26,0.35959,1.02023,1.664,回踩均线承接,2026-03-11,23.81,23.8695,2026-03-17,2026-03-18,23.5,23.4413,-1.3,-1.79,10.71,-2.14,5,cum_super_peak_dd_20pct_3d,-5215707.07,36142773.93,-0.00348,114.43,3,30,True
sh603057,2026-03-05,69.25,18.59,13.02,-0.15,-20.86,-0.98,252055071.42000002,1.6583021075242423,3.9192041000904343,20.588960066400077,0.006686977454984255,0.01977,0.05275,0.04833,0.0951,0.45,0.7,0.6,59.81,100.0,51.69,33.88,6,趋势中继原型,2026-03-05,2026-03-06,回踩均线承接,2026-03-06,-1.1,1.284,0.06012,0.09136,0.16704,0.33452,-0.01908,9.13637,-3.43,-8.56,0.52285,1.0431,1.436,回踩均线承接,2026-03-09,33.76,33.8444,2026-03-13,2026-03-16,30.07,29.9948,-10.93,-11.37,1.51,-10.34,5,hard_stop_8pct,-21666859.79,0.0,-0.03033,0.0,0,32,True
sh600149,2026-03-05,69.06,31.76,15.59,13.52,-15.06,-1.43,660370053.77,2.8040557305718554,-1.4347202295552308,0.17561145805740708,0.01750320027992336,0.01739,0.01389,0.02206,0.03252,0.55,0.45,0.6,79.04,73.65,48.23,75.15,7,趋势中继原型,2026-03-05,2026-03-06,回踩均线承接,2026-03-06,3.78,1.811,0.00301,0.03214,0.08444,0.16883,-0.01391,3.21449,-6.92,-13.58,0.45138,1.0111,2.5,回踩均线承接,2026-03-09,6.87,6.8872,2026-03-13,2026-03-16,6.29,6.2743,-8.44,-8.9,3.64,-12.37,5,hard_stop_8pct,-35212480.0,0.0,-0.02314,0.0,4,32,True
sz002357,2026-03-05,64.84,31.26,10.54,2.43,-14.27,-2.72,489160819.99999994,1.6558359991520004,0.31172069825435855,6.0908340941942285,0.06405425624644234,-1e-05,0.03466,-0.00208,0.01813,0.4,0.65,0.6,72.54,64.78,61.15,51.15,10,趋势中继原型,2026-03-05,2026-03-06,回踩均线承接,2026-03-06,0.5,0.772,0.01894,0.062,0.40768,0.44147,-0.15386,6.19986,-2.24,-5.83,0.00016,1.54684,1.314,回踩均线承接,2026-03-09,15.96,15.9999,2026-03-19,2026-03-20,14.46,14.4239,-9.4,-9.85,1.63,-10.34,9,hard_stop_8pct,-45930554.4,0.0,-0.02904,0.0,4,27,True
sz002913,2026-03-06,80.39,22.19,14.21,-1.25,-20.75,5.36,1023563205.1599998,3.4295794446968624,10.002070822116371,9.662496121530666,0.7687290912601763,0.02363,0.03811,0.03121,0.04898,0.45,0.7,0.8,65.5,96.68,67.58,100.0,1,趋势中继原型,2026-03-06,2026-03-11,回踩均线承接,2026-03-11,0.19,1.814,0.00983,0.04455,-0.02361,0.10539,-0.04351,4.45459,-3.28,-13.17,0.00174,1.52756,2.929,回踩均线承接,2026-03-12,52.43,52.5611,2026-03-13,2026-03-16,47.7,47.5808,-9.02,-9.48,0.53,-10.45,2,hard_stop_8pct,-67430519.34,0.0,-0.05532,0.0,0,29,True
sh600468,2026-03-06,71.92,19.08,17.28,9.9,-15.67,2.11,1580979449.5800002,4.285151308831532,2.1052631578947434,-9.942022265485907,0.0058609631152771735,0.06944,0.04918,0.101,0.07938,0.65,0.35,0.8,64.25,95.71,36.59,100.0,6,趋势中继原型,2026-03-06,2026-03-13,回踩均线承接,2026-03-13,3.13,1.85,0.04272,0.03256,-0.01418,-0.07108,-0.1635,3.25646,-4.92,-10.7,0.33677,1.13467,1.818,回踩均线承接,2026-03-16,8.87,8.8922,2026-03-17,2026-03-18,8.17,8.1496,-7.89,-8.35,0.45,-8.23,2,hard_stop_8pct,-67242460.4,0.0,-0.05634,0.0,1,27,True
sz002937,2026-03-06,66.33,15.1,8.07,6.77,-15.27,0.25,247025019.45,0.9672929293569381,3.4795215657847045,9.436518212568451,0.069319163654457,0.0157,0.00751,0.03731,0.03208,0.65,0.45,0.8,50.91,93.16,69.64,10.48,9,趋势中继原型,2026-03-06,2026-03-09,回踩均线承接,2026-03-09,-2.8,1.172,0.04448,0.05343,0.08188,0.10762,0.17124,5.34261,-3.88,-7.66,2e-05,1.46576,1.015,回踩均线承接,2026-03-10,28.1,28.1702,2026-03-17,2026-03-18,25.43,25.3664,-9.5,-9.95,6.76,-10.36,6,hard_stop_8pct,-86542852.45,0.0,-0.05565,0.0,3,31,True
sz002384,2026-03-10,82.5,27.55,24.5,3.54,-20.96,9.49,9450955292.660002,1.5149757500614383,9.995928338762216,4.327317040930495,0.4579495504027349,0.03602,0.03195,0.02544,0.03156,0.75,0.7,1.0,77.56,97.33,67.13,83.83,1,趋势中继原型,2026-03-10,2026-03-12,回踩均线承接,2026-03-12,4.29,1.237,0.06352,0.02302,0.07308,-0.00204,0.06147,2.30172,-2.1,-9.36,0.00272,1.2991,1.452,回踩均线承接,2026-03-13,111.11,111.3878,2026-03-19,2026-03-20,117.07,116.7773,5.36,4.84,8.45,-8.35,5,cum_super_peak_dd_20pct_3d,-1499048341.74,163495478.19,-0.02672,1016.87,3,28,True
sz002730,2026-03-10,78.58,20.79,15.14,10.43,-14.55,3.91,1104549423.99,4.075286063688939,3.9123630672926346,4.827088527863179,-0.007430190339834386,0.03548,0.05284,0.03873,0.06486,0.55,0.65,1.0,64.53,95.71,62.88,100.0,2,趋势中继原型,2026-03-10,2026-03-13,回踩均线承接,2026-03-13,-1.29,1.136,-0.00518,0.01457,-0.02371,-0.00419,-0.07211,1.45724,-5.42,-8.82,9e-05,1.50534,2.693,回踩均线承接,2026-03-16,18.99,19.0375,2026-03-23,2026-03-24,22.78,22.7231,19.96,19.36,25.75,-0.05,6,cum_super_peak_dd_20pct_3d,205509.64,32745215.0,5e-05,99.37,3,27,True
sz002733,2026-03-10,69.27,17.43,18.08,5.5,-21.95,-2.92,1457662556.3500004,3.2552477127770407,4.283290924512295,12.069050289013411,0.5021365346262292,0.02652,0.0246,0.03749,0.0393,0.2,0.4,1.0,61.11,74.29,59.74,100.0,4,趋势中继原型,2026-03-10,2026-03-16,回踩均线承接,2026-03-16,3.0,1.642,0.01879,0.00926,-0.04827,-0.02931,0.1221,0.92637,-0.21,-14.87,0.0009,1.32222,3.189,回踩均线承接,2026-03-17,27.8,27.8695,2026-03-19,2026-03-20,24.8,24.738,-10.79,-11.24,7.88,-10.79,3,hard_stop_8pct,5731730.98,29321792.56,0.00168,80.45,1,26,True
sh600645,2026-03-10,66.99,22.23,18.01,15.28,-19.42,0.35,602665677.19,1.7892011594363104,1.8512504059759571,2.4666559358935203,-0.029472179057577597,0.02777,0.02917,0.03646,0.03949,0.5,0.45,1.0,68.95,82.86,43.65,63.9,9,趋势中继原型,2026-03-10,2026-03-12,回踩均线承接,2026-03-12,0.55,1.225,0.00546,0.02876,-0.03449,-0.029,-0.04048,2.87624,-1.86,-4.26,0.3825,0.97339,2.248,回踩均线承接,2026-03-13,31.18,31.2579,2026-04-03,2026-04-07,27.99,27.92,-10.23,-10.68,5.81,-8.85,16,hard_stop_8pct,-113431525.28,0.0,-0.01048,0.0,1,28,True
sz001216,2026-03-10,66.73,12.55,11.63,8.91,-15.26,2.25,507242992.25000006,2.5179442283237785,6.03700097370985,13.726053060124844,0.004081708868596268,0.02905,0.00795,0.0432,0.0309,0.5,0.3,1.0,50.81,79.27,69.39,63.94,10,趋势中继原型,2026-03-10,2026-03-11,回踩均线承接,2026-03-11,1.06,1.838,0.00369,0.03302,0.12693,0.18013,0.02798,3.30222,-0.59,-9.92,0.00105,1.39681,2.012,回踩均线承接,2026-03-12,21.51,21.5638,2026-03-19,2026-03-20,19.44,19.3914,-9.62,-10.07,1.02,-11.67,6,hard_stop_8pct,-13438848.98,0.0,-0.01358,0.0,1,29,True
sh603301,2026-03-11,71.93,30.5,2.02,0.8,-9.38,1.43,539552903.49,1.2451193529944635,5.07048410009836,2.1888865769432186,-0.20194465622409435,0.0226,0.01694,0.0119,0.05097,0.5,0.7,1.0,65.3,89.15,68.08,41.15,5,趋势中继原型,2026-03-11,2026-03-12,回踩均线承接,2026-03-12,-3.28,0.888,0.01157,0.12292,-0.00086,0.16939,0.02873,12.29249,-5.57,-7.86,0.43841,1.17081,0.912,回踩均线承接,2026-03-13,93.0,93.2325,2026-03-26,2026-03-27,91.22,90.992,-1.91,-2.4,3.23,-5.16,10,cum_super_peak_dd_20pct_3d,-20111032.12,4527495.0,-0.00718,544.2,3,28,True
sh603115,2026-03-11,70.17,31.69,12.4,6.7,-16.19,0.59,510267313.0,1.5485368925329561,0.5937499999999929,3.286465068947109,-0.051646338788704615,0.03729,0.03343,0.01639,0.00287,0.6,0.6,1.0,76.1,90.05,43.62,49.12,8,趋势中继原型,2026-03-11,2026-03-13,回踩均线承接,2026-03-13,-0.12,0.967,0.00209,0.033,0.05414,0.1445,0.05647,3.30015,-4.6,-8.32,0.41304,0.94736,1.139,回踩均线承接,2026-03-16,32.62,32.7015,2026-03-17,2026-03-18,30.18,30.1045,-7.48,-7.94,0.8,-8.31,2,hard_stop_8pct,-25660567.6,0.0,-0.04084,0.0,1,27,True
sz000967,2026-03-11,70.1,21.05,9.86,9.05,-14.01,7.23,1109645772.22,3.498922199287783,7.840909090909087,2.550932501943322,0.5291940987484585,0.00134,0.02355,-0.00394,0.04192,0.55,0.6,1.0,60.15,61.98,81.45,100.0,9,趋势中继原型,2026-03-11,2026-03-16,回踩均线承接,2026-03-16,-1.67,1.08,0.03536,0.01283,-0.18174,-0.18794,-0.04526,1.28282,-8.76,-10.0,6e-05,1.41554,2.274,回踩均线承接,2026-03-17,8.89,8.9122,2026-04-20,2026-04-21,13.62,13.586,53.21,52.44,64.0,-8.21,23,cum_super_peak_dd_20pct_3d,119803166.07,349195355.79,0.0041,65.69,3,26,True
sz000545,2026-03-12,74.95,32.99,14.33,12.32,-14.62,2.87,1279703230.78,2.7577454735391305,2.872062663185382,-11.158078312654322,-0.26323589490719357,0.08203,0.05957,0.07559,0.05521,0.65,0.5,1.0,79.5,95.71,30.42,100.0,4,趋势中继原型,2026-03-12,2026-03-16,回踩均线承接,2026-03-16,3.55,1.937,0.11751,0.0756,0.10143,-0.0501,0.64721,7.56006,-1.92,-10.62,0.04522,1.25336,1.969,回踩均线承接,2026-03-17,4.0,4.01,2026-03-19,2026-03-20,3.42,3.4115,-14.5,-14.93,3.5,-13.5,3,hard_stop_8pct,-23054870.12,3814576.24,-0.01284,704.39,2,26,True
sh600328,2026-03-12,68.99,14.91,3.87,7.23,-9.56,4.73,1696080792.17,4.094690283216325,4.728370221327971,10.776999754601256,-0.040269571240539426,0.0194,0.02273,0.02216,0.02666,0.55,0.65,1.0,46.91,77.18,71.61,100.0,10,趋势中继原型,2026-03-12,2026-03-16,回踩均线承接,2026-03-16,-2.37,1.719,0.02067,-0.00973,0.01334,0.1124,-0.10123,-0.97301,-5.53,-7.42,0.26245,0.99083,2.876,回踩均线承接,2026-03-17,9.84,9.8646,2026-03-25,2026-03-26,9.51,9.4862,-3.35,-3.84,8.03,-6.0,7,cum_super_peak_dd_20pct_3d,-55522446.29,4089699.22,-0.01017,1457.62,3,26,True
sz002652,2026-03-13,73.82,28.47,13.29,9.37,-20.3,2.61,579241884.39,3.195311261587675,2.607076350093096,0.5430559727759885,-0.019698108281682725,0.02057,0.05972,0.03078,0.08839,0.45,0.75,1.0,72.76,96.31,45.44,69.21,4,趋势中继原型,2026-03-13,2026-03-17,回踩均线承接,2026-03-17,-1.61,3.491,0.10019,0.02395,0.09791,0.03769,0.32967,2.39457,-6.47,-13.52,0.05099,1.34536,2.188,回踩均线承接,2026-03-18,5.57,5.5839,2026-03-19,2026-03-20,4.9,4.8878,-12.03,-12.47,1.26,-13.29,2,hard_stop_8pct,-30499569.8,0.0,-0.03244,0.0,0,25,True
sh600121,2026-03-13,71.56,18.98,7.08,8.44,-11.87,9.92,299188885.25,1.0149875452858106,9.922178988326857,42.60429164789638,1.5078871416731547,0.0463,0.02582,0.06168,0.04798,0.6,0.35,1.0,55.01,91.43,85.86,15.89,6,趋势中继原型,2026-03-13,2026-03-17,回踩均线承接,2026-03-17,-0.95,2.376,0.05619,0.04571,0.07464,0.09892,-0.00561,4.57149,-10.6,-13.16,0.45525,1.01178,2.437,回踩均线承接,2026-03-18,5.17,5.1829,2026-04-01,2026-04-02,4.59,4.5785,-11.22,-11.66,10.06,-11.8,11,hard_stop_8pct,85645679.86,150998879.06,0.00893,43.28,0,25,True
sh603218,2026-03-13,67.93,14.4,8.85,7.12,-13.21,6.25,1063502689.2500001,4.753264824402812,7.4887023886378135,5.766332482266453,-0.03167211279339022,0.01211,0.03807,0.01357,0.03332,0.35,0.6,1.0,50.7,72.68,69.14,100.0,10,趋势中继原型,2026-03-13,2026-03-19,回踩均线承接,2026-03-19,1.82,1.781,0.01803,0.05036,-0.03354,-0.15357,-0.08245,5.0362,-11.47,-14.57,0.35967,0.97355,2.591,回踩均线承接,2026-03-20,15.01,15.0475,2026-04-03,2026-04-07,13.35,13.3166,-11.06,-11.5,2.6,-11.39,11,hard_stop_8pct,-109321703.82,0.0,-0.03082,0.0,4,23,True
sz002831,2026-03-16,72.51,13.57,8.51,15.78,-20.14,2.65,1306138379.73,3.1621320281252006,10.011574074074069,16.085944052377666,0.19762417666140286,0.00948,0.01863,0.04632,0.05354,0.45,0.55,1.0,49.33,87.14,68.83,100.0,2,趋势中继原型,2026-03-16,2026-03-20,回踩均线承接,2026-03-20,-2.74,0.996,0.02849,-0.00956,-0.0196,-0.03238,-0.08768,-0.95567,-12.44,-14.78,0.00121,1.52129,1.954,回踩均线承接,2026-03-23,33.63,33.7141,2026-04-24,2026-04-24,37.05,36.9574,10.17,9.62,18.61,-7.46,22,window_end,-98257288.53,0.0,-0.00924,0.0,0,22,True
sz002531,2026-03-16,71.63,32.55,25.84,15.86,-21.34,-1.85,1877788751.4300003,2.6891201148762285,-1.85185185185186,-8.991395852777508,-0.04884146457377425,0.05889,0.05543,0.05745,0.06203,0.7,0.7,1.0,83.99,100.0,5.72,100.0,3,趋势中继原型,2026-03-16,2026-03-17,回踩均线承接,2026-03-17,-3.28,2.212,0.00716,0.02947,0.10304,0.06443,-0.11341,2.94707,-12.01,-13.58,0.00041,1.427,2.096,回踩均线承接,2026-03-18,11.8,11.8295,2026-04-07,2026-04-08,11.22,11.192,-4.92,-5.39,0.68,-13.56,14,cum_super_peak_dd_20pct_3d,-77449921.46,2432447.2,-0.00698,3284.03,3,25,True
sh603538,2026-03-16,68.64,19.0,14.85,12.36,-20.3,-0.95,780240340.2799999,4.01103449484972,-0.9459992116673366,1.5438981193508994,0.014501114382191038,0.04975,0.04066,0.06853,0.06255,0.6,0.4,1.0,61.97,91.43,38.61,83.92,6,趋势中继原型,2026-03-16,2026-03-18,回踩均线承接,2026-03-18,0.0,2.684,0.02869,0.05538,0.12244,0.23194,-0.0038,5.53767,-1.46,-8.74,0.45957,0.88754,3.715,回踩均线承接,2026-03-19,25.8,25.8645,2026-04-20,2026-04-21,51.28,51.1518,98.76,97.77,117.79,-6.98,21,cum_super_peak_dd_20pct_3d,105158266.74,613317153.51,0.00224,82.85,3,24,True
sz002655,2026-03-16,67.33,31.02,-5.52,-3.01,-14.25,-3.63,718485267.0799999,1.0461553823023615,6.022659511031603,5.628714033950686,0.04022235251593842,0.02756,0.03807,-0.00296,0.0077,0.5,0.5,1.0,56.18,76.35,75.97,47.61,7,趋势中继原型,2026-03-16,2026-03-20,回踩均线承接,2026-03-20,-2.49,0.767,0.02474,0.06265,0.03131,0.19697,-0.02806,6.26505,-6.67,-11.67,0.00028,1.38249,0.79,回踩均线承接,2026-03-23,16.86,16.9021,2026-03-27,2026-03-30,17.38,17.3365,3.08,2.57,6.52,-3.91,5,cum_super_peak_dd_20pct_3d,-16894019.0,778830.0,-0.00796,2269.15,3,22,True
sz002594,2026-03-16,66.29,10.67,2.98,2.2,-12.97,3.8,11138193860.569998,2.0943080276243413,4.96638908397713,14.193516001157995,-0.09934887205162801,0.03771,0.04195,0.05484,0.06142,0.5,0.5,1.0,40.66,82.86,60.37,100.0,9,趋势中继原型,2026-03-16,2026-03-19,回踩均线承接,2026-03-19,0.61,0.913,0.02126,0.02404,-0.09842,-0.19271,-0.16211,2.4039,-4.08,-7.38,0.00131,1.53174,1.575,回踩均线承接,2026-03-20,101.99,102.245,2026-03-26,2026-03-27,104.0,103.74,1.97,1.46,9.64,-0.42,5,cum_super_peak_dd_20pct_3d,-218235804.68,1488207319.02,-0.00429,114.66,3,23,True
sz002636,2026-03-16,65.33,19.55,6.53,14.64,-21.42,5.48,1496221731.1100001,1.3444322462733052,10.017211703958683,14.928512190789633,0.9465743867851073,0.02279,0.02727,0.01197,0.01031,0.5,0.55,1.0,55.25,69.7,66.2,78.15,10,趋势中继原型,2026-03-16,2026-03-17,回踩均线承接,2026-03-17,1.44,1.736,-0.00619,-0.00817,0.09501,0.1473,0.08437,-0.81745,1.44,-14.61,0.00149,1.29043,1.258,回踩均线承接,2026-03-18,31.85,31.9296,2026-03-23,2026-03-24,28.51,28.4387,-10.49,-10.93,9.89,-11.55,4,hard_stop_8pct,-113881189.13,24246051.29,-0.01551,569.69,1,25,True
sh600791,2026-03-18,77.57,41.82,11.96,13.04,-16.35,-0.64,303239523.0,1.6494114817353294,-0.6410256410256276,11.941572339170314,0.023976273237970913,0.01646,0.00855,0.03705,0.03826,0.7,0.5,1.0,88.73,100.0,48.88,37.33,2,趋势中继原型,2026-03-18,2026-03-19,回踩均线承接,2026-03-19,-0.11,0.975,0.01469,0.044,0.21032,0.39327,-0.01477,4.40016,-3.93,-5.89,0.45615,1.01763,1.112,回踩均线承接,2026-03-20,9.25,9.2731,2026-03-23,2026-03-24,8.3,8.2793,-10.27,-10.72,4.32,-11.57,2,hard_stop_8pct,5902051.0,5902051.0,0.01299,0.0,0,23,True
sh600408,2026-03-18,63.37,12.57,16.22,17.81,-17.21,-0.7,1036276016.3700002,2.8906835519978555,-0.6976744186046546,-10.4053237030143,-0.034937771016668395,0.07545,0.06553,0.10443,0.09609,0.6,0.45,1.0,54.93,91.43,19.57,100.0,7,趋势中继原型,2026-03-18,2026-03-19,回踩均线承接,2026-03-19,4.22,2.592,0.00353,0.00959,0.1251,0.12926,-0.07752,0.95878,0.23,-9.65,0.35752,1.03602,2.443,回踩均线承接,2026-03-20,4.2,4.2105,2026-03-30,2026-03-31,3.76,3.7506,-10.48,-10.92,6.9,-11.67,7,hard_stop_8pct,-68620201.78,0.0,-0.01721,0.0,1,23,True
sh603817,2026-03-18,61.6,18.97,21.22,9.59,-19.34,3.2,628000481.29,3.50398077158762,4.316546762589923,13.89525766298,0.1036180552383219,0.00144,0.06712,0.00417,0.10142,0.4,0.45,1.0,66.53,51.6,65.22,72.78,9,趋势中继原型,2026-03-18,2026-03-19,回踩均线承接,2026-03-19,4.25,3.459,0.00045,0.13165,-0.00513,0.3938,0.11589,13.16474,3.66,-9.64,0.21907,0.75662,4.005,回踩均线承接,2026-03-20,9.06,9.0826,2026-03-26,2026-03-27,7.72,7.7007,-14.79,-15.22,1.66,-10.49,5,hard_stop_8pct,-80342995.73,0.0,-0.02551,0.0,4,23,True
sh600930,2026-03-18,60.41,14.86,13.9,6.75,-16.17,-4.96,3905584936.9099994,2.5804706673860442,-1.4705882352941124,-13.808547736941136,0.013426814263957199,0.04794,0.02768,0.06232,0.04663,0.5,0.3,1.0,50.24,82.86,25.34,100.0,10,趋势中继原型,2026-03-18,2026-03-24,回踩均线承接,2026-03-24,3.75,2.022,0.00708,0.00467,0.0196,0.00709,-0.15684,0.46681,-1.24,-10.44,0.33845,1.04625,2.149,回踩均线承接,2026-03-25,7.09,7.1077,2026-03-30,2026-03-31,6.37,6.3541,-10.16,-10.6,11.14,-10.16,4,hard_stop_8pct,-810807828.08,0.0,-0.04388,0.0,3,20,True
sz000048,2026-03-19,70.65,17.94,20.41,5.39,-19.98,-1.7,619840830.4000002,2.505700828766268,0.46948356807510194,2.9315860570646137,0.09983924856977278,0.01875,0.03912,0.02162,0.0321,0.55,0.7,1.0,65.21,88.29,51.87,72.18,5,趋势中继原型,2026-03-19,2026-03-27,回踩均线承接,2026-03-27,2.75,1.086,0.01064,0.03262,0.00084,0.04784,0.34969,3.26248,-6.59,-13.18,0.00051,1.40148,0.78,回踩均线承接,2026-03-30,20.55,20.6014,2026-03-31,2026-04-01,23.32,23.2617,13.48,12.91,17.96,-0.24,2,violent_super_outflow,-47601440.81,1377406.76,-0.02736,3555.87,1,17,True
sh605117,2026-03-20,72.37,35.32,10.41,-4.39,-19.41,0.34,4661435675.6,2.233725961924801,9.913288024373102,8.637012843648833,0.27678716722266633,0.00835,0.01772,0.01379,0.02547,0.5,0.55,1.0,78.99,60.25,70.33,100.0,5,趋势中继原型,2026-03-20,2026-03-26,回踩均线承接,2026-03-26,0.57,0.993,0.01316,0.03623,-0.07954,-0.08193,0.03002,3.62285,-7.56,-10.91,0.39552,0.89668,1.372,回踩均线承接,2026-03-27,129.1,129.4227,2026-04-03,2026-04-07,122.5,122.1938,-5.11,-5.59,6.03,-7.14,6,cum_super_peak_dd_20pct_3d,-249799005.96,59580102.7,-0.02131,519.27,3,18,True
sh600815,2026-03-20,65.75,10.51,7.1,10.51,-11.68,2.85,674274242.66,3.744763054599316,4.0345821325648235,7.821804195269273,-0.13668750752870423,0.02763,0.05282,0.02803,0.06337,0.55,0.6,1.0,44.14,85.33,60.1,76.17,8,趋势中继原型,2026-03-20,2026-03-24,回踩均线承接,2026-03-24,1.56,2.562,0.03926,0.08527,0.11438,0.24054,-0.02642,8.52701,-1.76,-12.85,0.44504,1.11147,3.509,回踩均线承接,2026-03-25,3.89,3.8997,2026-03-26,2026-03-27,4.04,4.0299,3.86,3.34,21.34,-2.06,2,violent_super_outflow,40219873.35,131661356.31,0.01908,69.45,1,20,True
sh600617,2026-03-23,76.24,27.07,10.53,17.7,-18.55,3.01,1300271505.28,3.7493540889573054,3.007518796992481,-8.880127179679747,0.08869298713514923,0.07822,0.06995,0.10448,0.10114,0.7,0.5,1.0,68.49,100.0,42.76,100.0,1,趋势中继原型,2026-03-23,2026-03-24,回踩均线承接,2026-03-24,3.16,2.505,0.00338,0.00707,0.05475,0.00496,-0.03978,0.70659,-3.42,-12.76,0.43061,0.99402,2.638,回踩均线承接,2026-03-25,4.01,4.02,2026-04-01,2026-04-02,3.7,3.6908,-7.73,-8.19,15.21,-8.48,6,cum_super_peak_dd_20pct_3d,-54758192.28,3662440.66,-0.01241,1595.13,3,20,True
sh603738,2026-03-24,72.89,33.6,5.88,4.07,-15.35,-1.77,1911977197.8000002,1.6468789968295747,7.653490328006729,11.838811617651835,0.02108835017823074,0.00549,0.00337,0.01205,0.02828,0.65,0.55,1.0,72.74,69.75,71.33,88.23,2,趋势中继原型,2026-03-24,2026-03-30,回踩均线承接,2026-03-30,2.52,1.315,0.04454,0.07063,0.08741,0.10578,0.04545,7.06293,1.32,-13.69,0.4168,0.81847,0.998,回踩均线承接,2026-03-31,26.34,26.4058,2026-04-24,2026-04-24,39.81,39.7105,51.14,50.39,54.52,-9.72,16,window_end,567595255.97,567595255.97,0.02291,0.0,0,16,True
sz002733,2026-03-24,69.49,29.74,5.37,-0.38,-19.81,-8.67,1157160057.35,1.065707442447533,5.71208027788499,4.481056133128888,-0.03861190641363965,0.04677,0.03242,0.05105,0.02925,0.55,0.65,1.0,54.81,93.46,53.79,68.86,4,趋势中继原型,2026-03-24,2026-03-27,回踩均线承接,2026-03-27,1.01,0.624,0.00452,0.00053,-0.06883,-0.05496,-0.06307,0.05304,-10.07,-7.14,0.00115,1.6021,0.871,回踩均线承接,2026-03-30,26.61,26.6765,2026-04-15,2026-04-17,32.21,32.1295,21.04,20.44,21.72,-8.38,12,cum_super_peak_dd_20pct_3d,-18410520.87,188180556.13,-0.00185,109.78,3,17,True
sz000883,2026-03-26,61.25,12.63,4.16,7.79,-9.79,-0.19,608146844.3000001,2.1008079274337916,0.7604562737642651,10.727849698060169,0.04060951834491022,-0.00124,-0.0156,0.03059,0.02191,0.5,0.25,1.0,44.24,67.54,68.83,71.33,10,趋势中继原型,2026-03-26,2026-03-27,回踩均线承接,2026-03-27,-1.51,1.484,0.00143,0.03277,0.14193,0.29537,-0.01124,3.27676,-2.79,-4.28,0.00013,1.51318,2.107,回踩均线承接,2026-03-30,5.17,5.1829,2026-04-02,2026-04-03,4.72,4.7082,-8.7,-9.16,0.77,-9.28,4,hard_stop_8pct,-29365686.86,0.0,-0.02696,0.0,1,17,True
sh600152,2026-03-30,69.07,12.04,-3.07,15.52,-20.66,4.04,1516304426.74,2.2536680885703224,8.733205374280239,6.958436990574853,0.11736683874399545,0.0126,0.02574,0.02914,0.03278,0.5,0.65,1.0,37.02,88.64,67.76,100.0,3,趋势中继原型,2026-03-30,2026-04-01,回踩均线承接,2026-04-01,-0.57,1.329,0.00915,0.00738,0.02528,0.05782,-0.05025,0.7378,-11.94,-14.82,0.35139,0.98733,1.704,回踩均线承接,2026-04-02,10.35,10.3759,2026-04-03,2026-04-07,10.0,9.975,-3.38,-3.86,1.74,-8.31,2,hard_stop_8pct,-4677615.0,23624983.0,-0.00428,119.8,1,14,True
sz002294,2026-03-30,67.63,26.8,11.8,13.13,-15.32,1.97,859182327.2499999,1.6836292595941533,1.971557853910788,7.690437041633171,-0.06343789383384335,0.01335,0.03558,0.00576,0.02037,0.6,0.65,1.0,69.28,76.77,48.23,79.15,4,趋势中继原型,2026-03-30,2026-04-02,回踩均线承接,2026-04-02,3.41,2.159,-0.00208,0.03083,0.00828,0.0536,0.07583,3.08323,2.55,-14.21,0.0024,1.31932,1.448,回踩均线承接,2026-04-03,67.0,67.1675,2026-04-17,2026-04-20,58.15,58.0046,-13.21,-13.64,2.06,-13.25,9,hard_stop_8pct,-110166158.09,0.0,-0.0155,0.0,1,13,True
sh600186,2026-03-30,67.42,15.16,15.91,15.72,-20.3,-0.67,2185844481.38,1.8039248199209155,3.5014005602240994,6.117138837598528,-0.10923885173626369,0.03456,0.01161,0.05916,0.05056,0.55,0.4,1.0,57.98,87.14,40.7,93.46,5,趋势中继原型,2026-03-30,2026-04-01,回踩均线承接,2026-04-01,3.38,1.383,0.00378,0.02842,0.01147,0.06086,-0.12022,2.84242,-1.34,-9.47,0.31287,1.01233,1.488,回踩均线承接,2026-04-02,7.34,7.3583,2026-04-13,2026-04-14,7.57,7.5511,3.13,2.62,8.58,-6.4,7,cum_super_peak_dd_20pct_3d,263708773.74,376454706.72,0.03064,29.95,3,14,True
sh603529,2026-03-30,59.58,12.42,12.18,3.89,-14.86,-3.73,957628685.79,2.208137296000658,-0.9591584158415878,-2.6049931168697853,-0.014975418377499272,0.03237,0.0393,0.04184,0.04617,0.35,0.5,1.0,47.89,82.86,26.09,96.9,9,趋势中继原型,2026-03-30,2026-03-31,回踩均线承接,2026-03-31,1.06,1.861,0.03345,-0.00018,0.00204,0.00202,-0.08655,-0.01823,-4.2,-5.51,0.42342,0.98183,2.151,回踩均线承接,2026-04-01,32.23,32.3106,2026-04-07,2026-04-08,29.31,29.2367,-9.06,-9.51,1.02,-9.28,4,hard_stop_8pct,-109824965.12,0.0,-0.04944,0.0,3,15,True
sz002460,2026-03-30,58.89,10.75,12.85,17.89,-20.76,0.6,9112677025.35,2.2892922671633644,0.6024852516631096,-13.756005361573251,-0.00490149608899193,0.02759,0.01292,0.06462,0.04967,0.5,0.5,1.0,49.58,82.86,20.07,100.0,10,趋势中继原型,2026-03-30,2026-04-02,回踩均线承接,2026-04-02,3.39,1.61,0.01183,0.02561,-0.05888,-0.05494,-0.02794,2.56126,-1.93,-6.69,0.00105,1.36573,1.695,回踩均线承接,2026-04-03,79.95,80.1499,2026-04-24,2026-04-24,84.99,84.7775,6.3,5.77,10.04,-3.05,13,window_end,-2518552300.9,0.0,-0.02952,0.0,0,13,True
sz002370,2026-03-31,66.61,10.97,10.63,16.94,-19.22,3.48,997373237.7700001,5.88148814839692,3.481894150417819,0.07684797936965282,0.04237334004920035,0.04804,0.01208,0.10696,0.07602,0.5,0.15,1.0,47.88,82.86,53.07,99.81,3,趋势中继原型,2026-03-31,2026-04-01,回踩均线承接,2026-04-01,3.63,4.694,0.02992,0.01838,0.19298,0.18749,-0.17842,1.83781,-1.03,-9.51,0.00073,1.62521,3.948,回踩均线承接,2026-04-02,7.46,7.4786,2026-04-23,2026-04-24,6.81,6.793,-8.71,-9.17,10.19,-8.31,13,hard_stop_8pct,-143174109.12,0.0,-0.01913,0.0,4,14,True
sh600066,2026-03-31,63.22,10.1,4.55,1.49,-9.46,8.44,1095848960.02,1.7696113987957307,9.999999999999986,11.864183103995202,1.0783514938212222,0.0087,0.01357,0.00044,-0.00756,0.55,0.65,1.0,41.33,53.95,90.81,92.32,6,趋势中继原型,2026-03-31,2026-04-08,回踩均线承接,2026-04-08,0.99,1.272,0.03868,0.05023,0.02395,0.04905,0.07894,5.02297,-4.65,-8.31,0.44451,0.87371,1.62,回踩均线承接,2026-04-09,36.52,36.6113,2026-04-24,2026-04-24,36.97,36.8776,1.23,0.73,3.42,-2.79,10,window_end,117052681.5,117052681.5,0.01693,0.0,0,10,True
sh603052,2026-03-31,60.31,11.25,10.29,6.67,-21.5,-4.68,771975643.74,1.2720798490675724,3.0788564247565375,10.176907797166198,0.00376621656858811,0.03547,0.03233,0.04892,0.03061,0.5,0.55,1.0,42.92,84.81,47.37,59.05,8,趋势中继原型,2026-03-31,2026-04-01,回踩均线承接,2026-04-01,-2.09,1.044,0.00531,0.03604,0.07532,0.15369,0.12516,3.60405,-6.67,-11.86,0.39769,1.0315,0.919,回踩均线承接,2026-04-02,63.54,63.6988,2026-04-08,2026-04-09,63.09,62.9323,-0.71,-1.2,3.01,-6.36,4,cum_super_peak_dd_20pct_3d,-35622400.84,471059.0,-0.01795,7662.2,3,14,True
sh603165,2026-03-31,59.24,20.09,9.88,3.79,-17.49,-5.44,269715945.64,0.9569465334793583,-2.767295597484276,-4.576073472672569,0.11829744872625031,0.04182,0.05753,0.05034,0.05868,0.6,0.7,1.0,52.48,100.0,29.28,11.8,10,趋势中继原型,2026-03-31,2026-04-02,回踩均线承接,2026-04-02,1.85,0.997,0.02713,0.10975,-0.02289,-0.00051,-0.09378,10.9753,-5.57,-6.46,0.41132,1.02226,1.157,回踩均线承接,2026-04-03,15.4,15.4385,2026-04-15,2026-04-17,15.7,15.6608,1.95,1.44,7.4,-6.95,8,cum_super_peak_dd_20pct_3d,-9023125.01,2572824.9,-0.00625,450.71,3,13,True
sh605116,2026-04-01,67.69,19.08,11.54,17.33,-18.0,5.78,578548031.73,3.54434819685485,5.784280367471917,-0.7952462384570325,0.02258826405635206,0.02421,0.06895,0.01995,0.03999,0.6,0.8,1.0,59.12,90.56,45.39,69.16,7,趋势中继原型,2026-04-01,2026-04-07,回踩均线承接,2026-04-07,-0.42,1.332,0.03652,0.01633,-0.06751,-0.1359,0.07925,1.63269,-11.5,-13.12,0.38296,0.96932,2.764,回踩均线承接,2026-04-08,28.69,28.7617,2026-04-14,2026-04-15,27.12,27.0522,-5.47,-5.94,1.43,-9.2,5,hard_stop_8pct,-34250209.0,0.0,-0.02713,0.0,4,11,True
sz002990,2026-04-01,67.16,15.28,2.09,-0.34,-7.71,1.02,476619461.77,2.94373392244579,4.748889648103871,16.100079844626695,-0.019504558134233463,0.02795,0.02813,0.00333,0.01609,0.6,0.4,1.0,45.8,79.25,78.07,61.7,8,趋势中继原型,2026-04-01,2026-04-07,回踩均线承接,2026-04-07,2.86,1.901,-0.00179,0.05822,-0.102,0.02259,-0.01312,5.82183,-2.0,-10.34,0.00075,1.47082,2.448,回踩均线承接,2026-04-08,31.42,31.4986,2026-04-20,2026-04-21,48.88,48.7578,55.57,54.79,72.02,-0.86,8,violent_super_outflow,76966382.1,357532525.46,0.01132,78.47,2,11,True
sz002645,2026-04-02,65.11,19.44,13.84,11.29,-19.97,-2.28,1038176632.3700001,1.906449078809948,-2.2788931090613085,-1.6292058213049785,0.049353717703154,0.04688,0.05671,0.07959,0.09949,0.6,0.6,1.0,61.11,91.43,20.35,96.88,3,趋势中继原型,2026-04-02,2026-04-03,回踩均线承接,2026-04-03,-1.72,0.951,-0.00467,0.05678,0.35805,0.35528,-0.16995,5.67806,-4.84,-6.29,0.02385,1.5093,1.221,回踩均线承接,2026-04-07,17.69,17.7342,2026-04-24,2026-04-24,22.41,22.354,26.68,26.05,34.93,0.0,12,window_end,-88234831.16,297294809.02,-0.00648,129.68,0,12,True
sh603588,2026-04-02,62.77,15.19,6.87,7.4,-21.59,-5.9,1249184853.6899998,0.9877975462975347,2.5182239893969616,5.405278263704929,-0.10506910761229193,0.02046,0.03196,0.03373,0.05178,0.75,0.6,1.0,42.64,98.89,34.96,66.26,5,趋势中继原型,2026-04-02,2026-04-03,回踩均线承接,2026-04-03,0.26,1.126,0.01854,0.01436,0.07483,0.09525,0.13568,1.43614,-5.66,-5.36,0.43261,0.85903,1.13,回踩均线承接,2026-04-07,15.36,15.3984,2026-04-10,2026-04-13,16.25,16.2094,5.79,5.27,21.48,-3.26,4,violent_super_outflow,41983556.82,493489859.74,0.00471,91.49,1,12,True
sz000951,2026-04-02,61.57,21.39,12.69,5.06,-12.84,-2.04,427396872.38,0.9163122444355314,-1.6324822101297598,1.7117986215620142,0.1479343198931622,0.00653,0.0246,0.00875,0.03782,0.6,0.65,1.0,63.04,72.75,60.01,21.98,7,趋势中继原型,2026-04-02,2026-04-03,回踩均线承接,2026-04-03,4.0,1.446,0.01033,0.12607,0.08079,0.25104,0.0788,12.60719,1.88,-7.73,0.00054,1.34087,1.061,回踩均线承接,2026-04-07,24.52,24.5813,2026-04-24,2026-04-24,23.42,23.3615,-4.49,-4.96,9.5,-5.67,12,window_end,-3853519.11,36343243.8,-0.0006,110.6,0,12,True
