feature,importance
volatility_20d,0.07394157397226082
volatility_10d,0.061794139059418156
dist_ma60_pct,0.045629731802756195
gem_index_ma20,0.03371810051730477
return_20d_pct,0.025790529715709342
hs300_ma20,0.024313469323301074
gem_index_close,0.024177434264617746
price_position_60d,0.023803116112814184
csi500_close,0.023495992311129556
hs300_close,0.021761403882102303
close_ask_resting_amount_yi_signed_log,0.01863970715281588
csi1000_ma20_slope_5d_pct,0.01771114092340721
cancel_sell_ratio,0.017293080531156732
dist_ma20_pct,0.015672357232774478
gem_index_ma20_slope_5d_pct,0.015567709129088779
csi1000_close,0.014607900590540715
close_bid_resting_amount_yi,0.014370021971751327
csi1000_return_20d_pct,0.014226753739525201
market_limit_up_count,0.013837291648491101
market_total_amount_yi_signed_log,0.013255694765550174
return_10d_pct,0.012848339610469384
sh_index_close,0.01277183579639562
close_ask_resting_amount_yi,0.01269614304569653
csi500_ma20,0.012604647151058582
price_position_20d,0.012394857494288841
csi500_ma20_slope_5d_pct,0.012243062814586099
close_bid_resting_amount_yi_signed_log,0.012039493005459232
buy_support_ratio,0.011743621781998831
market_total_amount_yi,0.011340615287807197
cancel_buy_ratio,0.011337914279570989
sell_pressure_ratio,0.010996923972850266
high,0.010714542773189914
breakout_vs_prev20_high_pct,0.010588822677754527
sh_index_return_20d_pct,0.010267904514770696
return_5d_pct,0.010240755542617504
hs300_ma20_slope_5d_pct,0.010100936133990136
close_bid_ask_resting_total_yi,0.009798587754091898
csi1000_ma20,0.00969051997261054
ma20,0.009359881871314507
hot_theme_score,0.009163036478363213
low,0.009130944242948472
return_3d_pct,0.009035426943375646
csi500_return_20d_pct,0.008975982859672443
hot_theme_best_rank,0.008721349489558808
sh_index_ma20_slope_5d_pct,0.00852753845063404
drawdown_from_20d_high_pct,0.008262225097956523
ma60,0.008151854261887774
open,0.008036452870166967
sh_index_ma20,0.007754109572147858
gem_index_return_20d_pct,0.007723437985833185
gem_index_dist_ma20_pct,0.007377527106030781
close,0.007134007122591612
sh_index_dist_ma20_pct,0.006804532071550231
prev_close,0.006669463763489901
hs300_return_20d_pct,0.006265232850183618
hot_theme_persistence_score,0.005845362909677636
add_buy_ratio,0.005653993585831979
return_1d_pct,0.0049072619102168155
csi1000_dist_ma20_pct,0.004866714368537262
add_sell_ratio,0.003943542631381725
amount_yi,0.00391867430895259
amount_yi_signed_log,0.0038297293878820217
csi500_dist_ma20_pct,0.003745837975409034
trade_count,0.0034084385653491036
close_book_depth_ratio,0.0033925038152994866
amount_ratio_20d,0.0033723502026209947
hot_theme_l2_main_net_yi,0.0033094509037637945
sh_index_return_5d_pct,0.003218145908780042
market_amount_ratio_20d,0.003155957543566967
hs300_dist_ma20_pct,0.0030779504173152703
gem_index_return_5d_pct,0.002931386197644962
csi1000_return_5d_pct,0.002856008525282205
hot_theme_member_count,0.002698482766534187
close_bid_ask_resting_spread_yi,0.0026225193142167553
trade_count_signed_log,0.002540716637177799
hs300_return_5d_pct,0.0024871055004508477
trade_count_ratio_20d,0.0024785700723950884
csi500_return_5d_pct,0.0024104452926485415
csi1000_return_1d_pct,0.002129891026359328
gem_index_return_1d_pct,0.0020576225785718335
close_book_imbalance_ratio,0.0019381416586914887
l1_main_net_yi_signed_log,0.0019205589866118729
l1_super_net_yi_signed_log,0.001871296055654603
oib_ratio,0.0018385184777739243
support_pressure_spread,0.001816433627516566
oib_delta_yi_signed_log,0.0018125805306514224
oib_delta_yi,0.0017252162288252566
l2_main_net_yi,0.0016693715890169771
open_60m_oib_ratio,0.0015815622959668473
cvd_ratio,0.0015617620106082883
bid_dominant_bar_ratio,0.0015298719247532123
sh_index_above_ma20,0.0015297858216349789
avg_book_depth_ratio,0.0015128904184459843
avg_book_imbalance_ratio,0.001443630543940452
l2_super_net_yi_signed_log,0.0014104281059183243
csi500_return_1d_pct,0.001370319642245667
cvd_delta_yi,0.0013502134778651624
sh_index_return_1d_pct,0.001343076039937949
cvd_delta_yi_signed_log,0.001315919124613177
last_30m_oib_ratio,0.001270314534162253
oib_top3_concentration_ratio,0.001256702924105572
l1_super_net_yi,0.001218000959895485
csi500_above_ma20,0.0012174825827875521
l1_main_net_ratio,0.0011872472600573923
hs300_return_1d_pct,0.001144246223628305
l1_main_net_yi,0.0011320217999649127
ask_dominant_bar_ratio,0.0011101776661551197
last_30m_l2_main_net_ratio,0.0011041376496342228
active_buy_strength,0.001037786793713524
open_60m_cvd_ratio,0.0010199411716627063
close_bid_ask_amount_ratio,0.0010106921848268985
l1_super_net_ratio,0.0009532227103779145
positive_cvd_bar_ratio,0.0008901729336410781
l2_super_net_ratio,0.0008587199125853838
positive_oib_bar_ratio,0.0008295095936073084
open_30m_l2_main_net_ratio,0.0008239156538983785
gem_index_above_ma20,0.000823811034076042
l2_super_net_yi,0.0008067289903632869
limit_up_first_touch_early_score,0.0007762882267494948
touch_limit_up,0.0007761935763824173
am_l2_main_net_ratio,0.0007460939315728339
market_advancer_ratio,0.0007182970628346629
l2_main_net_yi_signed_log,0.0007070567203965322
market_median_return_pct,0.0006850104801820459
last_30m_cvd_ratio,0.0006580592030538298
l2_main_net_ratio,0.0006336321543659831
market_broken_limit_up_ratio,0.0006279269911036144
hs300_above_ma20,0.0005984546678055077
positive_l2_bar_ratio,0.0005134244337377004
pm_l2_main_net_ratio,0.0003709064761983723
is_limit_down_close,0.0003240646027534535
first_touch_limit_up_min,0.0003114519763450614
limit_up_touch_span_min,0.00028844334753714055
thin_book_bar_ratio,0.00023989464855326176
positive_oib_streak_max,0.0001869201961383783
hot_theme_is_continuing_hot,0.0001595784441447903
csi1000_above_ma20,0.00015248521602060136
hot_theme_is_fading,0.0001366436026443237
last_touch_limit_up_min,0.00010879317933869884
is_limit_up_close,6.563408303138883e-05
hot_theme_is_top10,0.0
market_cap_signed_log,0.0
hot_theme_is_new_hot,0.0
touch_limit_down,0.0
broken_limit_down,0.0
broken_limit_up,0.0
hot_theme_is_climax_hot,0.0
