model_id,period,month,bucket,days,picks,avg_mfe_22d_pct,median_mfe_22d_pct,hit10_rate,hit15_rate,hit20_rate,hit30_rate,no_runup_lt5_rate,painful_no_runup_rate,avg_mdd_pct
tfu_001_spark10_like_spark10_opportunity,internal_a,2025-10,top1,17,17,45.0354,43.6207,0.8824,0.7647,0.7647,0.5294,0.1176,0.1176,-5.9946
tfu_001_spark10_like_spark10_opportunity,internal_a,2025-10,top3,17,51,30.9734,25.1462,0.7255,0.6471,0.6078,0.3922,0.1765,0.1373,-8.3015
tfu_001_spark10_like_spark10_opportunity,internal_a,2025-11,top1,20,20,31.3695,22.0798,0.75,0.7,0.5,0.4,0.2,0.2,-8.9837
tfu_001_spark10_like_spark10_opportunity,internal_a,2025-11,top3,20,60,30.0574,17.7845,0.7333,0.6167,0.4667,0.3333,0.2,0.2,-9.6954
tfu_001_spark10_like_spark10_opportunity,internal_b,2025-12,top1,23,23,44.1855,21.5504,0.8261,0.6957,0.5217,0.4348,0.087,0.087,-5.9956
tfu_001_spark10_like_spark10_opportunity,internal_b,2025-12,top3,23,69,33.7578,21.5504,0.8261,0.6522,0.5362,0.4058,0.1014,0.1014,-5.5621
tfu_001_spark10_like_spark10_opportunity,final_2026,2026-01,top1,20,20,18.9217,12.2602,0.65,0.45,0.35,0.15,0.2,0.15,-9.4971
tfu_001_spark10_like_spark10_opportunity,final_2026,2026-01,top3,20,60,20.0888,11.793,0.6167,0.4167,0.3167,0.25,0.1333,0.1167,-8.6201
tfu_001_spark10_like_spark10_opportunity,final_2026,2026-02,top1,14,14,8.8596,7.8115,0.2857,0.0714,0.0,0.0,0.1429,0.1429,-16.7181
tfu_001_spark10_like_spark10_opportunity,final_2026,2026-02,top3,14,42,13.0683,9.1883,0.4762,0.3571,0.1905,0.0714,0.2143,0.2143,-13.6399
tfu_001_spark10_like_spark10_opportunity,final_2026,2026-03,top1,22,22,15.2935,7.1,0.4091,0.3636,0.2727,0.1818,0.3636,0.3636,-16.0604
tfu_001_spark10_like_spark10_opportunity,final_2026,2026-03,top3,22,66,15.7635,8.9147,0.4394,0.3636,0.2879,0.1818,0.303,0.303,-13.8026
tfu_001_spark10_like_spark10_opportunity,final_2026,2026-04,top1,8,8,18.6709,20.8304,0.75,0.625,0.625,0.0,0.0,0.0,-5.2382
tfu_001_spark10_like_spark10_opportunity,final_2026,2026-04,top3,8,24,20.1378,16.7292,0.6667,0.5833,0.4583,0.1667,0.0833,0.0833,-7.2709
tfu_002_spark10_like_stable_opportunity,internal_a,2025-10,top1,17,17,17.9106,10.9209,0.5882,0.4118,0.3529,0.2353,0.1765,0.1176,-9.596
tfu_002_spark10_like_stable_opportunity,internal_a,2025-10,top3,17,51,23.8943,16.5105,0.7255,0.5294,0.4706,0.2353,0.1569,0.1176,-7.8125
tfu_002_spark10_like_stable_opportunity,internal_a,2025-11,top1,20,20,23.4268,17.3929,0.65,0.6,0.35,0.25,0.25,0.2,-8.9522
tfu_002_spark10_like_stable_opportunity,internal_a,2025-11,top3,20,60,19.8146,12.6413,0.5833,0.4667,0.3,0.1833,0.2667,0.2,-7.9656
tfu_002_spark10_like_stable_opportunity,internal_b,2025-12,top1,23,23,18.6973,12.7993,0.6087,0.4783,0.3043,0.1739,0.1739,0.1739,-7.1019
tfu_002_spark10_like_stable_opportunity,internal_b,2025-12,top3,23,69,17.5019,14.694,0.6812,0.4783,0.3043,0.1304,0.1449,0.1159,-5.5255
tfu_002_spark10_like_stable_opportunity,final_2026,2026-01,top1,20,20,10.1749,6.4517,0.3,0.15,0.15,0.15,0.3,0.15,-7.6384
tfu_002_spark10_like_stable_opportunity,final_2026,2026-01,top3,20,60,12.7887,8.561,0.4167,0.2667,0.2167,0.1167,0.2167,0.1333,-6.4931
tfu_002_spark10_like_stable_opportunity,final_2026,2026-02,top1,14,14,13.3619,11.9497,0.5714,0.2143,0.1429,0.0714,0.2143,0.2143,-9.453
tfu_002_spark10_like_stable_opportunity,final_2026,2026-02,top3,14,42,10.9297,6.1171,0.381,0.2381,0.1905,0.0952,0.4286,0.4286,-12.4408
tfu_002_spark10_like_stable_opportunity,final_2026,2026-03,top1,22,22,10.8855,5.9519,0.3636,0.2273,0.1364,0.0455,0.4091,0.4091,-12.6772
tfu_002_spark10_like_stable_opportunity,final_2026,2026-03,top3,22,66,14.0285,6.8623,0.4394,0.3333,0.2576,0.1212,0.3333,0.3182,-11.4656
tfu_002_spark10_like_stable_opportunity,final_2026,2026-04,top1,8,8,19.0973,18.9978,0.75,0.625,0.5,0.125,0.125,0.125,-4.9045
tfu_002_spark10_like_stable_opportunity,final_2026,2026-04,top3,8,24,15.5314,10.6394,0.5417,0.375,0.2917,0.125,0.2083,0.1667,-6.9718
tfu_003_spark10_like_hit15,internal_a,2025-10,top1,17,17,18.8241,7.732,0.4118,0.3529,0.3529,0.2353,0.2353,0.1176,-11.4894
tfu_003_spark10_like_hit15,internal_a,2025-10,top3,17,51,22.6631,12.1447,0.5686,0.4706,0.3725,0.2745,0.2157,0.1765,-10.6231
tfu_003_spark10_like_hit15,internal_a,2025-11,top1,20,20,15.4123,9.4956,0.45,0.45,0.3,0.15,0.4,0.4,-11.0541
tfu_003_spark10_like_hit15,internal_a,2025-11,top3,20,60,26.7935,16.0268,0.5833,0.5167,0.3833,0.2667,0.25,0.25,-11.4764
tfu_003_spark10_like_hit15,internal_b,2025-12,top1,23,23,22.2103,18.0396,0.8696,0.6522,0.4348,0.2609,0.087,0.087,-5.4968
tfu_003_spark10_like_hit15,internal_b,2025-12,top3,23,69,21.2111,16.9004,0.7536,0.5797,0.4348,0.2319,0.1159,0.1159,-6.6095
tfu_003_spark10_like_hit15,final_2026,2026-01,top1,20,20,16.507,10.9918,0.6,0.3,0.3,0.2,0.3,0.15,-6.6251
tfu_003_spark10_like_hit15,final_2026,2026-01,top3,20,60,15.0853,10.8531,0.5167,0.3333,0.2667,0.1667,0.2667,0.1833,-8.1553
tfu_003_spark10_like_hit15,final_2026,2026-02,top1,14,14,12.7381,8.6338,0.4286,0.3571,0.2143,0.0714,0.2857,0.2857,-9.5898
tfu_003_spark10_like_hit15,final_2026,2026-02,top3,14,42,11.5569,8.4064,0.381,0.2381,0.1667,0.119,0.3095,0.3095,-11.8071
tfu_003_spark10_like_hit15,final_2026,2026-03,top1,22,22,10.9446,8.749,0.5,0.3182,0.1364,0.0,0.2273,0.2273,-14.5115
tfu_003_spark10_like_hit15,final_2026,2026-03,top3,22,66,12.7301,7.2845,0.4394,0.303,0.1515,0.0606,0.303,0.303,-14.1023
tfu_003_spark10_like_hit15,final_2026,2026-04,top1,8,8,19.442,20.9373,0.875,0.75,0.625,0.0,0.0,0.0,-4.305
tfu_003_spark10_like_hit15,final_2026,2026-04,top3,8,24,20.7683,16.7873,0.7917,0.5833,0.4583,0.125,0.0417,0.0417,-7.2764
tfu_004_spark10_like_hit20,internal_a,2025-10,top1,17,17,26.1435,7.732,0.4706,0.3529,0.3529,0.2941,0.3529,0.3529,-13.0533
tfu_004_spark10_like_hit20,internal_a,2025-10,top3,17,51,24.9475,14.8831,0.5882,0.4902,0.4314,0.2941,0.2941,0.2353,-10.3704
tfu_004_spark10_like_hit20,internal_a,2025-11,top1,20,20,17.4916,14.4285,0.55,0.5,0.3,0.15,0.3,0.3,-11.8193
tfu_004_spark10_like_hit20,internal_a,2025-11,top3,20,60,24.5681,13.5703,0.6,0.4833,0.3833,0.2333,0.25,0.25,-11.1687
tfu_004_spark10_like_hit20,internal_b,2025-12,top1,23,23,21.5021,16.9004,0.913,0.5652,0.3913,0.2174,0.0,0.0,-5.1972
tfu_004_spark10_like_hit20,internal_b,2025-12,top3,23,69,17.9185,15.5625,0.7971,0.5507,0.2899,0.1449,0.1304,0.1304,-6.9926
tfu_004_spark10_like_hit20,final_2026,2026-01,top1,20,20,16.5395,11.8135,0.65,0.25,0.25,0.2,0.2,0.1,-8.0795
tfu_004_spark10_like_hit20,final_2026,2026-01,top3,20,60,16.748,11.0965,0.5167,0.3333,0.2833,0.1833,0.2167,0.1833,-9.2231
tfu_004_spark10_like_hit20,final_2026,2026-02,top1,14,14,12.734,8.6338,0.4286,0.3571,0.2143,0.0714,0.2857,0.2857,-11.6441
tfu_004_spark10_like_hit20,final_2026,2026-02,top3,14,42,12.642,9.8962,0.4762,0.2857,0.1905,0.1429,0.2857,0.2857,-12.1482
tfu_004_spark10_like_hit20,final_2026,2026-03,top1,22,22,18.4968,10.1195,0.5455,0.4091,0.3182,0.1818,0.3182,0.3182,-12.7684
tfu_004_spark10_like_hit20,final_2026,2026-03,top3,22,66,15.4543,7.2569,0.4697,0.3788,0.2273,0.1061,0.303,0.303,-14.5401
tfu_004_spark10_like_hit20,final_2026,2026-04,top1,8,8,25.525,18.0503,0.625,0.5,0.5,0.125,0.0,0.0,-5.01
tfu_004_spark10_like_hit20,final_2026,2026-04,top3,8,24,18.3643,11.9036,0.5833,0.3333,0.2917,0.0833,0.0417,0.0417,-6.3298
tfu_005_spark10_like_rank_score,internal_a,2025-10,top1,17,17,20.1779,15.0,0.6471,0.5294,0.4118,0.2941,0.2353,0.1765,-8.0528
tfu_005_spark10_like_rank_score,internal_a,2025-10,top3,17,51,30.6892,25.2181,0.6863,0.6078,0.5294,0.451,0.2157,0.1961,-7.4148
tfu_005_spark10_like_rank_score,internal_a,2025-11,top1,20,20,38.4789,19.3602,0.75,0.65,0.5,0.35,0.1,0.1,-10.2746
tfu_005_spark10_like_rank_score,internal_a,2025-11,top3,20,60,33.3997,22.0743,0.8167,0.7,0.6,0.3833,0.1,0.1,-8.4665
tfu_005_spark10_like_rank_score,internal_b,2025-12,top1,23,23,27.5215,23.5357,0.8696,0.6522,0.5217,0.2609,0.087,0.087,-4.8839
tfu_005_spark10_like_rank_score,internal_b,2025-12,top3,23,69,32.93,21.7287,0.8551,0.6812,0.5217,0.3478,0.058,0.0435,-4.5179
tfu_005_spark10_like_rank_score,final_2026,2026-01,top1,20,20,18.1958,12.3002,0.65,0.45,0.35,0.2,0.25,0.25,-11.5668
tfu_005_spark10_like_rank_score,final_2026,2026-01,top3,20,60,19.1179,11.9098,0.6,0.4333,0.3833,0.2333,0.2167,0.2167,-9.6781
tfu_005_spark10_like_rank_score,final_2026,2026-02,top1,14,14,11.204,12.0904,0.5714,0.3571,0.2143,0.0,0.3571,0.3571,-14.0202
tfu_005_spark10_like_rank_score,final_2026,2026-02,top3,14,42,15.6714,15.0073,0.619,0.5,0.3333,0.119,0.2619,0.2619,-13.4788
tfu_005_spark10_like_rank_score,final_2026,2026-03,top1,22,22,16.0779,15.055,0.6818,0.5,0.3182,0.0455,0.2727,0.2727,-16.0406
tfu_005_spark10_like_rank_score,final_2026,2026-03,top3,22,66,14.3041,10.9863,0.5455,0.3788,0.2273,0.0758,0.3182,0.3182,-13.8067
tfu_005_spark10_like_rank_score,final_2026,2026-04,top1,8,8,15.2087,13.8702,0.5,0.5,0.375,0.25,0.375,0.375,-16.5574
tfu_005_spark10_like_rank_score,final_2026,2026-04,top3,8,24,16.3211,14.5989,0.5417,0.5,0.375,0.1667,0.25,0.25,-10.1881
tfu_006_spark10_like_tail_rank,internal_a,2025-10,top1,17,17,24.817,25.2181,0.7059,0.6471,0.6471,0.2941,0.2353,0.1765,-7.8358
tfu_006_spark10_like_tail_rank,internal_a,2025-10,top3,17,51,26.0128,16.9608,0.6471,0.549,0.4706,0.2941,0.1961,0.1569,-7.7152
tfu_006_spark10_like_tail_rank,internal_a,2025-11,top1,20,20,40.2054,24.4882,0.75,0.75,0.6,0.45,0.05,0.05,-8.8316
tfu_006_spark10_like_tail_rank,internal_a,2025-11,top3,20,60,40.1161,26.6804,0.7,0.6667,0.5833,0.4833,0.1333,0.1333,-9.1593
tfu_006_spark10_like_tail_rank,internal_b,2025-12,top1,23,23,23.0143,16.8741,0.8696,0.6087,0.3913,0.2174,0.0,0.0,-3.5564
tfu_006_spark10_like_tail_rank,internal_b,2025-12,top3,23,69,25.5753,19.9058,0.8261,0.6522,0.4928,0.2609,0.0435,0.029,-3.7348
tfu_006_spark10_like_tail_rank,final_2026,2026-01,top1,20,20,13.6893,9.9362,0.5,0.3,0.2,0.1,0.2,0.15,-10.8966
tfu_006_spark10_like_tail_rank,final_2026,2026-01,top3,20,60,12.9402,8.748,0.45,0.2833,0.2167,0.0833,0.2167,0.1833,-10.3963
tfu_006_spark10_like_tail_rank,final_2026,2026-02,top1,14,14,14.3702,15.0073,0.6429,0.5,0.2857,0.0714,0.2143,0.2143,-11.5676
tfu_006_spark10_like_tail_rank,final_2026,2026-02,top3,14,42,13.1244,11.5736,0.5714,0.381,0.2619,0.0714,0.2381,0.2381,-11.8448
tfu_006_spark10_like_tail_rank,final_2026,2026-03,top1,22,22,14.9094,9.0012,0.3636,0.3182,0.2273,0.1364,0.3636,0.3636,-14.0232
tfu_006_spark10_like_tail_rank,final_2026,2026-03,top3,22,66,15.0368,9.4351,0.4545,0.3182,0.197,0.1061,0.3636,0.3485,-13.1089
tfu_006_spark10_like_tail_rank,final_2026,2026-04,top1,8,8,12.5589,7.5742,0.5,0.375,0.25,0.125,0.375,0.375,-10.0511
tfu_006_spark10_like_tail_rank,final_2026,2026-04,top3,8,24,15.0584,16.0967,0.625,0.5,0.4167,0.0833,0.25,0.25,-9.721
tfu_007_spark10_like_raw_mfe,internal_a,2025-10,top1,17,17,32.0127,26.0306,0.7059,0.7059,0.6471,0.2941,0.1176,0.1176,-8.7803
tfu_007_spark10_like_raw_mfe,internal_a,2025-10,top3,17,51,33.6226,24.3532,0.7059,0.6471,0.5882,0.2941,0.1961,0.1765,-8.391
tfu_007_spark10_like_raw_mfe,internal_a,2025-11,top1,20,20,32.7462,22.7165,0.75,0.7,0.6,0.35,0.05,0.05,-6.822
tfu_007_spark10_like_raw_mfe,internal_a,2025-11,top3,20,60,33.0625,22.7165,0.75,0.65,0.5833,0.4,0.15,0.15,-7.2339
tfu_007_spark10_like_raw_mfe,internal_b,2025-12,top1,23,23,31.7185,26.1444,0.8261,0.6957,0.6957,0.3913,0.0435,0.0435,-4.8407
tfu_007_spark10_like_raw_mfe,internal_b,2025-12,top3,23,69,33.1048,26.1444,0.8406,0.7246,0.6087,0.4493,0.058,0.058,-3.9853
tfu_007_spark10_like_raw_mfe,final_2026,2026-01,top1,20,20,19.3761,14.4494,0.6,0.45,0.3,0.2,0.35,0.25,-6.9606
tfu_007_spark10_like_raw_mfe,final_2026,2026-01,top3,20,60,26.3914,13.4128,0.6333,0.4333,0.3333,0.25,0.2,0.15,-8.0213
tfu_007_spark10_like_raw_mfe,final_2026,2026-02,top1,14,14,20.2437,17.8888,0.7857,0.5714,0.3571,0.1429,0.1429,0.1429,-15.1281
tfu_007_spark10_like_raw_mfe,final_2026,2026-02,top3,14,42,17.1596,14.5764,0.619,0.4762,0.381,0.1667,0.2381,0.2143,-13.7214
tfu_007_spark10_like_raw_mfe,final_2026,2026-03,top1,22,22,13.7676,5.9784,0.4091,0.3182,0.2273,0.1818,0.4091,0.3182,-13.217
tfu_007_spark10_like_raw_mfe,final_2026,2026-03,top3,22,66,15.0989,9.4789,0.4697,0.3788,0.303,0.1364,0.3333,0.2879,-13.3055
tfu_007_spark10_like_raw_mfe,final_2026,2026-04,top1,8,8,21.6268,25.1503,0.875,0.75,0.75,0.0,0.0,0.0,-6.7888
tfu_007_spark10_like_raw_mfe,final_2026,2026-04,top3,8,24,15.2181,13.7159,0.5417,0.4583,0.4167,0.0417,0.2917,0.2917,-10.5208
tfu_008_spark10_plus_heat_spark10_opportunity,internal_a,2025-10,top1,17,17,30.2286,23.0364,0.7059,0.6471,0.6471,0.4118,0.1765,0.1765,-7.4484
tfu_008_spark10_plus_heat_spark10_opportunity,internal_a,2025-10,top3,17,51,24.9431,23.0364,0.6667,0.5882,0.549,0.2745,0.2353,0.2157,-8.2624
tfu_008_spark10_plus_heat_spark10_opportunity,internal_a,2025-11,top1,20,20,42.2459,34.9353,0.85,0.8,0.7,0.55,0.15,0.15,-7.0111
tfu_008_spark10_plus_heat_spark10_opportunity,internal_a,2025-11,top3,20,60,33.7852,19.9719,0.7833,0.6833,0.5,0.3667,0.1833,0.1833,-9.0708
tfu_008_spark10_plus_heat_spark10_opportunity,internal_b,2025-12,top1,23,23,36.7161,23.6596,0.7826,0.6087,0.5217,0.3913,0.1739,0.1739,-6.0269
tfu_008_spark10_plus_heat_spark10_opportunity,internal_b,2025-12,top3,23,69,30.2734,20.3511,0.8261,0.6377,0.5362,0.4203,0.1159,0.1159,-5.4471
tfu_008_spark10_plus_heat_spark10_opportunity,final_2026,2026-01,top1,20,20,20.3528,12.6636,0.7,0.4,0.4,0.2,0.05,0.0,-8.3566
tfu_008_spark10_plus_heat_spark10_opportunity,final_2026,2026-01,top3,20,60,21.4438,14.0277,0.6833,0.4667,0.4,0.2667,0.1,0.0667,-8.718
tfu_008_spark10_plus_heat_spark10_opportunity,final_2026,2026-02,top1,14,14,13.2068,8.7978,0.4286,0.2857,0.2143,0.1429,0.3571,0.2857,-15.338
tfu_008_spark10_plus_heat_spark10_opportunity,final_2026,2026-02,top3,14,42,12.1686,8.4966,0.381,0.2619,0.1905,0.0952,0.4048,0.3333,-13.2909
tfu_008_spark10_plus_heat_spark10_opportunity,final_2026,2026-03,top1,22,22,13.5863,8.7662,0.5,0.4545,0.2727,0.1364,0.4545,0.4091,-15.1852
tfu_008_spark10_plus_heat_spark10_opportunity,final_2026,2026-03,top3,22,66,15.571,9.6577,0.5,0.3333,0.2273,0.1515,0.303,0.2879,-14.1076
tfu_008_spark10_plus_heat_spark10_opportunity,final_2026,2026-04,top1,8,8,12.2744,11.1052,0.625,0.25,0.25,0.0,0.125,0.125,-6.8905
tfu_008_spark10_plus_heat_spark10_opportunity,final_2026,2026-04,top3,8,24,22.2808,18.8063,0.75,0.5833,0.5,0.25,0.0833,0.0833,-6.2889
tfu_009_spark10_plus_heat_stable_opportunity,internal_a,2025-10,top1,17,17,12.8426,8.4802,0.4118,0.2353,0.2353,0.1176,0.1765,0.0588,-8.1682
tfu_009_spark10_plus_heat_stable_opportunity,internal_a,2025-10,top3,17,51,24.8276,10.3792,0.5294,0.3922,0.3725,0.2353,0.2157,0.1176,-7.4163
tfu_009_spark10_plus_heat_stable_opportunity,internal_a,2025-11,top1,20,20,23.1349,12.8699,0.6,0.45,0.3,0.2,0.25,0.15,-8.3659
tfu_009_spark10_plus_heat_stable_opportunity,internal_a,2025-11,top3,20,60,18.3413,11.4535,0.55,0.4,0.25,0.15,0.3,0.25,-9.0524
tfu_009_spark10_plus_heat_stable_opportunity,internal_b,2025-12,top1,23,23,15.7717,12.2482,0.6522,0.4348,0.3043,0.087,0.1739,0.1304,-7.2372
tfu_009_spark10_plus_heat_stable_opportunity,internal_b,2025-12,top3,23,69,18.9978,13.7566,0.6957,0.4783,0.3623,0.1449,0.0725,0.0435,-5.3157
tfu_009_spark10_plus_heat_stable_opportunity,final_2026,2026-01,top1,20,20,8.2587,6.9775,0.25,0.05,0.05,0.05,0.25,0.15,-6.4634
tfu_009_spark10_plus_heat_stable_opportunity,final_2026,2026-01,top3,20,60,11.5708,8.4693,0.3833,0.2167,0.1333,0.0833,0.2333,0.15,-6.1122
tfu_009_spark10_plus_heat_stable_opportunity,final_2026,2026-02,top1,14,14,22.7497,7.9525,0.4286,0.2143,0.2143,0.1429,0.3571,0.3571,-10.2041
tfu_009_spark10_plus_heat_stable_opportunity,final_2026,2026-02,top3,14,42,13.4021,6.544,0.381,0.1667,0.119,0.0952,0.4048,0.381,-11.0355
tfu_009_spark10_plus_heat_stable_opportunity,final_2026,2026-03,top1,22,22,12.1738,5.9519,0.3182,0.2727,0.1818,0.0909,0.4091,0.3636,-12.4995
tfu_009_spark10_plus_heat_stable_opportunity,final_2026,2026-03,top3,22,66,12.2661,7.1883,0.4091,0.2879,0.197,0.1061,0.3333,0.3182,-11.9988
tfu_009_spark10_plus_heat_stable_opportunity,final_2026,2026-04,top1,8,8,12.3573,12.0992,0.625,0.375,0.125,0.0,0.125,0.125,-5.9456
tfu_009_spark10_plus_heat_stable_opportunity,final_2026,2026-04,top3,8,24,15.1279,12.0992,0.5833,0.375,0.2083,0.125,0.1667,0.0833,-7.2854
tfu_010_spark10_plus_heat_hit15,internal_a,2025-10,top1,17,17,18.8045,8.3223,0.4118,0.3529,0.3529,0.2353,0.2353,0.1765,-11.3517
tfu_010_spark10_plus_heat_hit15,internal_a,2025-10,top3,17,51,23.2797,16.1409,0.6471,0.5098,0.4706,0.2353,0.1765,0.1373,-9.0315
tfu_010_spark10_plus_heat_hit15,internal_a,2025-11,top1,20,20,15.8483,10.81,0.5,0.45,0.3,0.15,0.35,0.35,-10.4429
tfu_010_spark10_plus_heat_hit15,internal_a,2025-11,top3,20,60,29.052,16.8822,0.6333,0.5333,0.4333,0.2667,0.2667,0.2667,-10.2209
tfu_010_spark10_plus_heat_hit15,internal_b,2025-12,top1,23,23,21.4979,18.0396,0.8696,0.6522,0.4783,0.2174,0.0,0.0,-4.4745
tfu_010_spark10_plus_heat_hit15,internal_b,2025-12,top3,23,69,19.9393,16.3029,0.7971,0.5797,0.3623,0.2174,0.1014,0.087,-6.471
tfu_010_spark10_plus_heat_hit15,final_2026,2026-01,top1,20,20,11.5359,10.7743,0.55,0.2,0.15,0.1,0.2,0.1,-9.3746
tfu_010_spark10_plus_heat_hit15,final_2026,2026-01,top3,20,60,14.0848,10.3542,0.5167,0.3,0.2667,0.1333,0.25,0.2,-8.7697
tfu_010_spark10_plus_heat_hit15,final_2026,2026-02,top1,14,14,12.5842,7.8644,0.3571,0.2857,0.2143,0.1429,0.4286,0.3571,-10.9025
tfu_010_spark10_plus_heat_hit15,final_2026,2026-02,top3,14,42,10.0482,7.866,0.3571,0.2143,0.0952,0.0714,0.3571,0.2857,-12.4103
tfu_010_spark10_plus_heat_hit15,final_2026,2026-03,top1,22,22,11.5636,9.0732,0.4545,0.3636,0.1818,0.0,0.2727,0.2273,-12.6954
tfu_010_spark10_plus_heat_hit15,final_2026,2026-03,top3,22,66,11.557,6.1087,0.3485,0.2576,0.1667,0.0606,0.3788,0.3485,-14.2136
tfu_010_spark10_plus_heat_hit15,final_2026,2026-04,top1,8,8,27.357,20.1162,0.75,0.625,0.5,0.125,0.0,0.0,-7.4785
tfu_010_spark10_plus_heat_hit15,final_2026,2026-04,top3,8,24,24.9084,14.7261,0.6667,0.4583,0.3333,0.125,0.0,0.0,-7.725
tfu_011_spark10_plus_heat_hit20,internal_a,2025-10,top1,17,17,15.4888,11.3924,0.5294,0.2941,0.2941,0.1765,0.3529,0.2941,-12.13
tfu_011_spark10_plus_heat_hit20,internal_a,2025-10,top3,17,51,17.7102,13.8856,0.6078,0.451,0.3529,0.1373,0.2353,0.2157,-10.2829
tfu_011_spark10_plus_heat_hit20,internal_a,2025-11,top1,20,20,17.4523,15.5365,0.6,0.5,0.35,0.15,0.3,0.3,-9.7944
tfu_011_spark10_plus_heat_hit20,internal_a,2025-11,top3,20,60,27.6095,17.4527,0.6333,0.55,0.4333,0.2833,0.2667,0.2667,-10.5384
tfu_011_spark10_plus_heat_hit20,internal_b,2025-12,top1,23,23,19.5659,16.8033,0.7826,0.6087,0.3043,0.1739,0.1304,0.1304,-7.1064
tfu_011_spark10_plus_heat_hit20,internal_b,2025-12,top3,23,69,18.9441,15.4336,0.7246,0.5217,0.3478,0.1594,0.1304,0.1159,-6.7566
tfu_011_spark10_plus_heat_hit20,final_2026,2026-01,top1,20,20,16.6757,11.8135,0.65,0.4,0.35,0.25,0.1,0.05,-7.7297
tfu_011_spark10_plus_heat_hit20,final_2026,2026-01,top3,20,60,15.6458,11.5862,0.55,0.4,0.3167,0.1667,0.2,0.1667,-8.1357
tfu_011_spark10_plus_heat_hit20,final_2026,2026-02,top1,14,14,12.931,10.3315,0.5,0.2857,0.2143,0.0714,0.3571,0.3571,-10.8589
tfu_011_spark10_plus_heat_hit20,final_2026,2026-02,top3,14,42,17.6514,9.3246,0.4762,0.381,0.2857,0.1667,0.3095,0.2619,-10.3474
tfu_011_spark10_plus_heat_hit20,final_2026,2026-03,top1,22,22,9.7191,7.1883,0.3636,0.2727,0.1364,0.0,0.3182,0.3182,-14.242
tfu_011_spark10_plus_heat_hit20,final_2026,2026-03,top3,22,66,14.5325,7.2845,0.4697,0.3636,0.2121,0.0909,0.2879,0.2727,-13.6783
tfu_011_spark10_plus_heat_hit20,final_2026,2026-04,top1,8,8,21.3958,9.6609,0.375,0.25,0.25,0.125,0.125,0.125,-8.659
tfu_011_spark10_plus_heat_hit20,final_2026,2026-04,top3,8,24,18.9869,14.7261,0.625,0.4583,0.3333,0.0833,0.0417,0.0417,-7.5431
tfu_012_spark10_plus_heat_rank_score,internal_a,2025-10,top1,17,17,40.303,31.0855,0.9412,0.9412,0.7647,0.5294,0.0,0.0,-5.343
tfu_012_spark10_plus_heat_rank_score,internal_a,2025-10,top3,17,51,38.0976,28.4871,0.8235,0.7451,0.6078,0.451,0.1373,0.1373,-7.2941
tfu_012_spark10_plus_heat_rank_score,internal_a,2025-11,top1,20,20,37.9657,21.6525,0.75,0.7,0.6,0.4,0.1,0.1,-10.5161
tfu_012_spark10_plus_heat_rank_score,internal_a,2025-11,top3,20,60,32.5085,20.6869,0.7,0.6333,0.5333,0.3333,0.15,0.15,-9.3976
tfu_012_spark10_plus_heat_rank_score,internal_b,2025-12,top1,23,23,23.2158,15.2809,0.7826,0.5217,0.3478,0.3043,0.0435,0.0,-3.7464
tfu_012_spark10_plus_heat_rank_score,internal_b,2025-12,top3,23,69,25.1013,17.1212,0.7681,0.6232,0.4493,0.2754,0.0725,0.058,-4.9517
tfu_012_spark10_plus_heat_rank_score,final_2026,2026-01,top1,20,20,15.9611,11.3287,0.6,0.35,0.25,0.15,0.2,0.15,-10.4818
tfu_012_spark10_plus_heat_rank_score,final_2026,2026-01,top3,20,60,15.8372,10.7666,0.5167,0.2667,0.2167,0.1167,0.2167,0.1833,-10.1082
tfu_012_spark10_plus_heat_rank_score,final_2026,2026-02,top1,14,14,17.7787,14.6795,0.6429,0.5,0.3571,0.1429,0.2143,0.2143,-10.7423
tfu_012_spark10_plus_heat_rank_score,final_2026,2026-02,top3,14,42,16.877,14.6795,0.5714,0.5,0.3571,0.1905,0.2857,0.2381,-12.5668
tfu_012_spark10_plus_heat_rank_score,final_2026,2026-03,top1,22,22,14.9024,10.4852,0.5455,0.3636,0.2727,0.1364,0.2727,0.2273,-11.9356
tfu_012_spark10_plus_heat_rank_score,final_2026,2026-03,top3,22,66,13.5443,7.5648,0.4242,0.3182,0.2121,0.1061,0.3788,0.3636,-12.2568
tfu_012_spark10_plus_heat_rank_score,final_2026,2026-04,top1,8,8,19.6067,20.8228,0.75,0.625,0.625,0.25,0.25,0.25,-13.7828
tfu_012_spark10_plus_heat_rank_score,final_2026,2026-04,top3,8,24,18.418,17.1163,0.625,0.5,0.5,0.2083,0.2083,0.1667,-12.3601
tfu_013_spark10_plus_heat_tail_rank,internal_a,2025-10,top1,17,17,28.2735,28.6117,0.8235,0.8235,0.7059,0.4118,0.1765,0.1176,-6.7278
tfu_013_spark10_plus_heat_tail_rank,internal_a,2025-10,top3,17,51,24.0584,24.2259,0.6471,0.5686,0.5098,0.3333,0.2157,0.1961,-8.8192
tfu_013_spark10_plus_heat_tail_rank,internal_a,2025-11,top1,20,20,48.8546,25.1103,0.8,0.75,0.65,0.4,0.05,0.05,-8.3578
tfu_013_spark10_plus_heat_tail_rank,internal_a,2025-11,top3,20,60,33.2114,20.8864,0.7667,0.6833,0.5167,0.3,0.0667,0.0667,-9.1142
tfu_013_spark10_plus_heat_tail_rank,internal_b,2025-12,top1,23,23,25.8149,16.6536,0.8696,0.6957,0.4348,0.3043,0.0,0.0,-3.6752
tfu_013_spark10_plus_heat_tail_rank,internal_b,2025-12,top3,23,69,24.3753,16.6536,0.8261,0.5797,0.4348,0.2754,0.0435,0.0145,-4.1573
tfu_013_spark10_plus_heat_tail_rank,final_2026,2026-01,top1,20,20,14.2916,12.5121,0.75,0.45,0.25,0.05,0.1,0.1,-10.4101
tfu_013_spark10_plus_heat_tail_rank,final_2026,2026-01,top3,20,60,14.0746,10.803,0.5333,0.3167,0.2167,0.1167,0.1833,0.1833,-9.9831
tfu_013_spark10_plus_heat_tail_rank,final_2026,2026-02,top1,14,14,12.2534,11.6445,0.5,0.5,0.2857,0.0714,0.4286,0.4286,-12.7344
tfu_013_spark10_plus_heat_tail_rank,final_2026,2026-02,top3,14,42,11.9642,8.0939,0.4524,0.3333,0.2619,0.119,0.3333,0.3333,-13.5575
tfu_013_spark10_plus_heat_tail_rank,final_2026,2026-03,top1,22,22,18.5049,12.688,0.5909,0.4545,0.2273,0.1818,0.3182,0.3182,-12.9497
tfu_013_spark10_plus_heat_tail_rank,final_2026,2026-03,top3,22,66,13.1832,8.9902,0.4697,0.3333,0.2121,0.0758,0.3788,0.3636,-12.8625
tfu_013_spark10_plus_heat_tail_rank,final_2026,2026-04,top1,8,8,9.5363,8.4045,0.375,0.125,0.125,0.0,0.25,0.25,-8.9849
tfu_013_spark10_plus_heat_tail_rank,final_2026,2026-04,top3,8,24,15.8526,10.7423,0.5417,0.4167,0.2917,0.1667,0.2917,0.2917,-9.7177
tfu_014_spark10_plus_heat_raw_mfe,internal_a,2025-10,top1,17,17,43.2022,30.7143,0.7647,0.7647,0.6471,0.5294,0.0588,0.0588,-6.9438
tfu_014_spark10_plus_heat_raw_mfe,internal_a,2025-10,top3,17,51,42.0222,29.1616,0.8039,0.7647,0.6471,0.4706,0.0784,0.0588,-6.1817
tfu_014_spark10_plus_heat_raw_mfe,internal_a,2025-11,top1,20,20,47.1195,49.6736,0.9,0.9,0.8,0.65,0.05,0.05,-8.4325
tfu_014_spark10_plus_heat_raw_mfe,internal_a,2025-11,top3,20,60,41.9693,34.1969,0.8167,0.7333,0.6667,0.5333,0.1167,0.1167,-7.5601
tfu_014_spark10_plus_heat_raw_mfe,internal_b,2025-12,top1,23,23,36.9031,29.0749,0.913,0.7826,0.6957,0.4783,0.0435,0.0435,-4.0939
tfu_014_spark10_plus_heat_raw_mfe,internal_b,2025-12,top3,23,69,35.3956,27.7934,0.8406,0.6957,0.6087,0.4348,0.058,0.058,-5.0478
tfu_014_spark10_plus_heat_raw_mfe,final_2026,2026-01,top1,20,20,23.5972,11.9215,0.55,0.45,0.4,0.2,0.1,0.1,-9.0138
tfu_014_spark10_plus_heat_raw_mfe,final_2026,2026-01,top3,20,60,24.2644,15.1175,0.6333,0.5,0.45,0.25,0.15,0.1,-8.1722
tfu_014_spark10_plus_heat_raw_mfe,final_2026,2026-02,top1,14,14,13.6273,10.413,0.5,0.3571,0.2857,0.1429,0.2857,0.2857,-16.9902
tfu_014_spark10_plus_heat_raw_mfe,final_2026,2026-02,top3,14,42,14.9824,13.9141,0.5952,0.4524,0.3333,0.0952,0.2619,0.1905,-13.9413
tfu_014_spark10_plus_heat_raw_mfe,final_2026,2026-03,top1,22,22,15.0025,15.4896,0.6818,0.5455,0.3182,0.0909,0.1818,0.1818,-14.5695
tfu_014_spark10_plus_heat_raw_mfe,final_2026,2026-03,top3,22,66,14.8512,9.1877,0.4848,0.3788,0.2424,0.1364,0.2727,0.2727,-14.4199
tfu_014_spark10_plus_heat_raw_mfe,final_2026,2026-04,top1,8,8,22.0427,22.0768,1.0,0.875,0.75,0.0,0.0,0.0,-4.5077
tfu_014_spark10_plus_heat_raw_mfe,final_2026,2026-04,top3,8,24,17.8038,18.9106,0.75,0.625,0.4583,0.0417,0.0833,0.0417,-5.3244
tfu_015_spark10_plus_market_spark10_opportunity,internal_a,2025-10,top1,17,17,37.3504,40.2251,0.9412,0.8235,0.6471,0.5882,0.0588,0.0588,-6.9435
tfu_015_spark10_plus_market_spark10_opportunity,internal_a,2025-10,top3,17,51,36.5694,32.3204,0.8627,0.7451,0.6471,0.5294,0.098,0.0784,-7.3802
tfu_015_spark10_plus_market_spark10_opportunity,internal_a,2025-11,top1,20,20,24.0867,15.2248,0.7,0.5,0.35,0.3,0.05,0.05,-11.4272
tfu_015_spark10_plus_market_spark10_opportunity,internal_a,2025-11,top3,20,60,29.4097,13.2358,0.6167,0.45,0.35,0.2833,0.2167,0.2167,-11.591
tfu_015_spark10_plus_market_spark10_opportunity,internal_b,2025-12,top1,23,23,19.4311,17.082,0.5652,0.5217,0.3043,0.1739,0.2174,0.2174,-10.0506
tfu_015_spark10_plus_market_spark10_opportunity,internal_b,2025-12,top3,23,69,23.3314,17.082,0.6957,0.5362,0.4058,0.2319,0.2029,0.2029,-8.5513
tfu_015_spark10_plus_market_spark10_opportunity,final_2026,2026-01,top1,20,20,17.6745,12.4596,0.7,0.35,0.35,0.15,0.05,0.05,-9.4235
tfu_015_spark10_plus_market_spark10_opportunity,final_2026,2026-01,top3,20,60,20.3802,12.5548,0.6333,0.4333,0.3667,0.2167,0.15,0.1167,-7.6575
tfu_015_spark10_plus_market_spark10_opportunity,final_2026,2026-02,top1,14,14,15.003,15.2856,0.5714,0.5,0.2857,0.0714,0.2143,0.2143,-11.9552
tfu_015_spark10_plus_market_spark10_opportunity,final_2026,2026-02,top3,14,42,13.3563,11.0075,0.5476,0.4048,0.2143,0.0714,0.2381,0.1905,-12.1425
tfu_015_spark10_plus_market_spark10_opportunity,final_2026,2026-03,top1,22,22,16.1967,8.7868,0.4545,0.2727,0.1818,0.1364,0.1818,0.1818,-15.1778
tfu_015_spark10_plus_market_spark10_opportunity,final_2026,2026-03,top3,22,66,14.9694,9.1089,0.4697,0.303,0.1818,0.1364,0.3182,0.3182,-14.9056
tfu_015_spark10_plus_market_spark10_opportunity,final_2026,2026-04,top1,8,8,32.8792,23.5874,0.75,0.75,0.5,0.375,0.0,0.0,-6.285
tfu_015_spark10_plus_market_spark10_opportunity,final_2026,2026-04,top3,8,24,36.211,24.9586,0.7917,0.7083,0.5833,0.4583,0.0417,0.0417,-6.4553
tfu_016_spark10_plus_market_stable_opportunity,internal_a,2025-10,top1,17,17,25.0293,23.8724,0.6471,0.5882,0.5294,0.2941,0.2353,0.0588,-5.3116
tfu_016_spark10_plus_market_stable_opportunity,internal_a,2025-10,top3,17,51,29.6273,24.3369,0.7451,0.6667,0.5882,0.3725,0.1765,0.098,-5.9893
tfu_016_spark10_plus_market_stable_opportunity,internal_a,2025-11,top1,20,20,23.0732,13.26,0.55,0.35,0.25,0.2,0.25,0.25,-10.2996
tfu_016_spark10_plus_market_stable_opportunity,internal_a,2025-11,top3,20,60,24.1704,13.4145,0.5667,0.45,0.35,0.25,0.1833,0.1667,-8.9445
tfu_016_spark10_plus_market_stable_opportunity,internal_b,2025-12,top1,23,23,23.3616,22.4888,0.6957,0.5652,0.5217,0.2609,0.1304,0.1304,-6.0021
tfu_016_spark10_plus_market_stable_opportunity,internal_b,2025-12,top3,23,69,22.1148,19.8356,0.7681,0.6377,0.4638,0.2609,0.1449,0.1449,-5.839
tfu_016_spark10_plus_market_stable_opportunity,final_2026,2026-01,top1,20,20,15.3562,12.2101,0.6,0.45,0.4,0.2,0.3,0.2,-6.2558
tfu_016_spark10_plus_market_stable_opportunity,final_2026,2026-01,top3,20,60,12.9273,10.4745,0.5167,0.3667,0.2667,0.1,0.3167,0.2333,-6.9953
tfu_016_spark10_plus_market_stable_opportunity,final_2026,2026-02,top1,14,14,21.9147,10.0911,0.5,0.3571,0.3571,0.2857,0.1429,0.1429,-9.4806
tfu_016_spark10_plus_market_stable_opportunity,final_2026,2026-02,top3,14,42,19.1024,14.9129,0.619,0.5,0.3571,0.2619,0.2143,0.2143,-9.0885
tfu_016_spark10_plus_market_stable_opportunity,final_2026,2026-03,top1,22,22,14.4446,6.4563,0.2727,0.2727,0.2273,0.1818,0.3636,0.3182,-13.6493
tfu_016_spark10_plus_market_stable_opportunity,final_2026,2026-03,top3,22,66,12.5406,6.3085,0.3182,0.2424,0.1818,0.1364,0.3939,0.3636,-12.1515
tfu_016_spark10_plus_market_stable_opportunity,final_2026,2026-04,top1,8,8,34.8318,17.6923,0.75,0.625,0.375,0.375,0.125,0.125,-5.3917
tfu_016_spark10_plus_market_stable_opportunity,final_2026,2026-04,top3,8,24,24.4794,15.6655,0.6667,0.5417,0.2917,0.2083,0.1667,0.125,-7.5121
tfu_017_spark10_plus_market_hit15,internal_a,2025-10,top1,17,17,28.7291,23.8724,0.8235,0.6471,0.5294,0.3529,0.1765,0.1765,-8.4163
tfu_017_spark10_plus_market_hit15,internal_a,2025-10,top3,17,51,29.8069,23.0442,0.7451,0.5882,0.549,0.3922,0.2353,0.2157,-9.7396
tfu_017_spark10_plus_market_hit15,internal_a,2025-11,top1,20,20,31.8433,20.4509,0.65,0.6,0.55,0.3,0.1,0.1,-14.1047
tfu_017_spark10_plus_market_hit15,internal_a,2025-11,top3,20,60,28.1548,15.6808,0.6167,0.5167,0.3833,0.25,0.1833,0.1833,-14.3598
tfu_017_spark10_plus_market_hit15,internal_b,2025-12,top1,23,23,32.2946,22.6396,0.913,0.7391,0.6522,0.3913,0.0435,0.0435,-7.1
tfu_017_spark10_plus_market_hit15,internal_b,2025-12,top3,23,69,26.1739,20.5668,0.7536,0.6232,0.5072,0.3043,0.1739,0.1739,-8.7526
tfu_017_spark10_plus_market_hit15,final_2026,2026-01,top1,20,20,18.6662,15.197,0.75,0.5,0.45,0.15,0.2,0.15,-8.4314
tfu_017_spark10_plus_market_hit15,final_2026,2026-01,top3,20,60,17.134,11.9776,0.6333,0.4167,0.3333,0.15,0.15,0.1167,-8.9838
tfu_017_spark10_plus_market_hit15,final_2026,2026-02,top1,14,14,14.0417,12.2886,0.5714,0.2857,0.1429,0.0714,0.2857,0.2857,-14.8282
tfu_017_spark10_plus_market_hit15,final_2026,2026-02,top3,14,42,16.932,13.5212,0.6667,0.4524,0.3095,0.1667,0.1667,0.1667,-12.3729
tfu_017_spark10_plus_market_hit15,final_2026,2026-03,top1,22,22,15.1351,10.2104,0.5909,0.3636,0.2727,0.1364,0.2273,0.2273,-14.246
tfu_017_spark10_plus_market_hit15,final_2026,2026-03,top3,22,66,15.6016,9.0712,0.4545,0.3333,0.2424,0.1818,0.3485,0.3485,-15.1257
tfu_017_spark10_plus_market_hit15,final_2026,2026-04,top1,8,8,48.5281,37.1706,0.75,0.75,0.625,0.5,0.0,0.0,-4.301
tfu_017_spark10_plus_market_hit15,final_2026,2026-04,top3,8,24,38.6863,30.2207,0.7917,0.7917,0.6667,0.5,0.0,0.0,-7.1435
tfu_018_spark10_plus_market_hit20,internal_a,2025-10,top1,17,17,32.4974,23.8724,0.8235,0.7059,0.5294,0.4706,0.1765,0.1765,-8.5811
tfu_018_spark10_plus_market_hit20,internal_a,2025-10,top3,17,51,33.1246,23.8724,0.7647,0.6667,0.549,0.451,0.1765,0.1569,-9.5548
tfu_018_spark10_plus_market_hit20,internal_a,2025-11,top1,20,20,25.2828,18.4826,0.6,0.55,0.45,0.3,0.25,0.25,-15.8291
tfu_018_spark10_plus_market_hit20,internal_a,2025-11,top3,20,60,23.3793,13.0645,0.55,0.4667,0.35,0.2167,0.2333,0.2333,-13.6703
tfu_018_spark10_plus_market_hit20,internal_b,2025-12,top1,23,23,27.9433,20.5668,0.7391,0.6522,0.5652,0.3043,0.1739,0.1739,-8.4588
tfu_018_spark10_plus_market_hit20,internal_b,2025-12,top3,23,69,28.1783,20.5668,0.7536,0.5942,0.5217,0.3188,0.1449,0.1449,-9.4062
tfu_018_spark10_plus_market_hit20,final_2026,2026-01,top1,20,20,24.2407,17.5434,0.75,0.55,0.45,0.35,0.15,0.15,-8.8582
tfu_018_spark10_plus_market_hit20,final_2026,2026-01,top3,20,60,23.0973,15.4984,0.6833,0.5167,0.4167,0.2667,0.1667,0.1333,-9.1242
tfu_018_spark10_plus_market_hit20,final_2026,2026-02,top1,14,14,16.9344,14.4435,0.7857,0.4286,0.3571,0.1429,0.2143,0.2143,-12.3003
tfu_018_spark10_plus_market_hit20,final_2026,2026-02,top3,14,42,13.6894,12.6989,0.5714,0.3333,0.2381,0.0952,0.2143,0.1667,-12.1475
tfu_018_spark10_plus_market_hit20,final_2026,2026-03,top1,22,22,19.5858,8.8683,0.4545,0.3636,0.2727,0.1818,0.1818,0.1818,-15.029
tfu_018_spark10_plus_market_hit20,final_2026,2026-03,top3,22,66,21.5131,14.7342,0.6061,0.4848,0.3636,0.2424,0.2424,0.2424,-13.5762
tfu_018_spark10_plus_market_hit20,final_2026,2026-04,top1,8,8,26.8786,29.5309,0.875,0.875,0.75,0.5,0.125,0.125,-8.4007
tfu_018_spark10_plus_market_hit20,final_2026,2026-04,top3,8,24,28.3129,22.881,0.75,0.75,0.625,0.4167,0.0417,0.0417,-10.8195
tfu_019_spark10_plus_market_rank_score,internal_a,2025-10,top1,17,17,40.8142,31.0855,0.8235,0.7647,0.7647,0.5294,0.1176,0.1176,-6.8526
tfu_019_spark10_plus_market_rank_score,internal_a,2025-10,top3,17,51,32.8208,29.9316,0.7647,0.6667,0.6078,0.4902,0.1373,0.1373,-6.6738
tfu_019_spark10_plus_market_rank_score,internal_a,2025-11,top1,20,20,35.9785,15.7916,0.8,0.55,0.45,0.35,0.1,0.1,-12.7277
tfu_019_spark10_plus_market_rank_score,internal_a,2025-11,top3,20,60,34.1772,22.3093,0.8333,0.7333,0.5667,0.3667,0.1333,0.1333,-10.8691
tfu_019_spark10_plus_market_rank_score,internal_b,2025-12,top1,23,23,29.142,16.6227,0.7391,0.5652,0.4348,0.3913,0.2174,0.2174,-8.8736
tfu_019_spark10_plus_market_rank_score,internal_b,2025-12,top3,23,69,27.483,19.7168,0.7536,0.5942,0.4928,0.3333,0.1159,0.1159,-8.4234
tfu_019_spark10_plus_market_rank_score,final_2026,2026-01,top1,20,20,22.7656,17.0244,0.7,0.5,0.45,0.25,0.1,0.05,-8.0297
tfu_019_spark10_plus_market_rank_score,final_2026,2026-01,top3,20,60,22.6918,19.1564,0.7167,0.55,0.45,0.2833,0.1333,0.1167,-8.8091
tfu_019_spark10_plus_market_rank_score,final_2026,2026-02,top1,14,14,22.2363,16.8306,0.8571,0.5,0.4286,0.2857,0.1429,0.1429,-10.8176
tfu_019_spark10_plus_market_rank_score,final_2026,2026-02,top3,14,42,15.3918,11.0471,0.5476,0.3095,0.2619,0.1429,0.2143,0.1905,-12.3513
tfu_019_spark10_plus_market_rank_score,final_2026,2026-03,top1,22,22,17.0274,13.4008,0.6364,0.3636,0.1818,0.1364,0.2273,0.2273,-13.914
tfu_019_spark10_plus_market_rank_score,final_2026,2026-03,top3,22,66,15.7811,9.8749,0.5,0.3182,0.2273,0.1667,0.3182,0.3182,-13.3905
tfu_019_spark10_plus_market_rank_score,final_2026,2026-04,top1,8,8,18.6145,18.1392,0.625,0.5,0.5,0.25,0.0,0.0,-6.1024
tfu_019_spark10_plus_market_rank_score,final_2026,2026-04,top3,8,24,27.8412,24.4744,0.75,0.6667,0.6667,0.4167,0.0,0.0,-5.3006
tfu_020_spark10_plus_market_tail_rank,internal_a,2025-10,top1,17,17,32.0923,22.9897,0.7647,0.6471,0.5882,0.4706,0.1765,0.1765,-5.7029
tfu_020_spark10_plus_market_tail_rank,internal_a,2025-10,top3,17,51,29.2655,25.6204,0.7843,0.7059,0.6275,0.3922,0.1373,0.1373,-6.9921
tfu_020_spark10_plus_market_tail_rank,internal_a,2025-11,top1,20,20,27.0864,23.2113,0.8,0.65,0.6,0.3,0.1,0.1,-11.1346
tfu_020_spark10_plus_market_tail_rank,internal_a,2025-11,top3,20,60,39.331,28.8993,0.7833,0.7,0.6333,0.4667,0.1167,0.1167,-9.4224
tfu_020_spark10_plus_market_tail_rank,internal_b,2025-12,top1,23,23,20.9958,20.9593,0.7391,0.6522,0.5217,0.1739,0.087,0.0435,-8.0183
tfu_020_spark10_plus_market_tail_rank,internal_b,2025-12,top3,23,69,24.2107,21.5504,0.7536,0.5942,0.5217,0.2464,0.087,0.0725,-8.8198
tfu_020_spark10_plus_market_tail_rank,final_2026,2026-01,top1,20,20,22.6797,20.9172,0.65,0.55,0.5,0.4,0.15,0.05,-7.2254
tfu_020_spark10_plus_market_tail_rank,final_2026,2026-01,top3,20,60,16.8994,11.8135,0.5667,0.45,0.3167,0.1833,0.2,0.1167,-7.6234
tfu_020_spark10_plus_market_tail_rank,final_2026,2026-02,top1,14,14,18.7594,15.1666,0.6429,0.5,0.3571,0.1429,0.2143,0.1429,-7.2271
tfu_020_spark10_plus_market_tail_rank,final_2026,2026-02,top3,14,42,14.7812,12.077,0.5238,0.3571,0.2619,0.0714,0.2143,0.1905,-9.8634
tfu_020_spark10_plus_market_tail_rank,final_2026,2026-03,top1,22,22,15.1501,8.0403,0.4545,0.3182,0.2273,0.1818,0.4091,0.4091,-11.3101
tfu_020_spark10_plus_market_tail_rank,final_2026,2026-03,top3,22,66,17.0445,9.3006,0.4848,0.3636,0.2424,0.2273,0.3636,0.3485,-11.8745
tfu_020_spark10_plus_market_tail_rank,final_2026,2026-04,top1,8,8,50.5278,22.3898,0.875,0.875,0.625,0.375,0.0,0.0,-8.9818
tfu_020_spark10_plus_market_tail_rank,final_2026,2026-04,top3,8,24,37.1525,22.2308,0.7083,0.7083,0.5833,0.3333,0.0833,0.0833,-9.649
tfu_021_spark10_plus_market_raw_mfe,internal_a,2025-10,top1,17,17,50.5872,49.3473,0.7647,0.7647,0.7059,0.5882,0.1765,0.1765,-7.0302
tfu_021_spark10_plus_market_raw_mfe,internal_a,2025-10,top3,17,51,36.5779,31.194,0.7255,0.6863,0.6078,0.5098,0.1765,0.1765,-7.7235
tfu_021_spark10_plus_market_raw_mfe,internal_a,2025-11,top1,20,20,41.5104,32.7294,0.9,0.65,0.6,0.5,0.05,0.05,-7.2049
tfu_021_spark10_plus_market_raw_mfe,internal_a,2025-11,top3,20,60,37.8134,25.6159,0.9,0.7167,0.6333,0.4167,0.0667,0.0667,-8.8652
tfu_021_spark10_plus_market_raw_mfe,internal_b,2025-12,top1,23,23,32.6083,29.0749,0.7826,0.6957,0.6522,0.4348,0.1304,0.1304,-8.0927
tfu_021_spark10_plus_market_raw_mfe,internal_b,2025-12,top3,23,69,35.476,29.8913,0.8116,0.7681,0.6957,0.4928,0.1159,0.1159,-6.9435
tfu_021_spark10_plus_market_raw_mfe,final_2026,2026-01,top1,20,20,20.1852,8.8362,0.5,0.35,0.25,0.2,0.3,0.3,-9.9209
tfu_021_spark10_plus_market_raw_mfe,final_2026,2026-01,top3,20,60,19.2729,10.0955,0.5,0.3833,0.3167,0.25,0.2833,0.2833,-8.7368
tfu_021_spark10_plus_market_raw_mfe,final_2026,2026-02,top1,14,14,16.3243,15.1702,0.7143,0.5,0.2857,0.0714,0.0714,0.0714,-12.1354
tfu_021_spark10_plus_market_raw_mfe,final_2026,2026-02,top3,14,42,17.3502,15.1702,0.7381,0.5,0.4048,0.119,0.0714,0.0476,-11.9191
tfu_021_spark10_plus_market_raw_mfe,final_2026,2026-03,top1,22,22,11.044,7.1165,0.4091,0.3182,0.2273,0.0455,0.4545,0.4545,-14.5512
tfu_021_spark10_plus_market_raw_mfe,final_2026,2026-03,top3,22,66,10.8425,6.2827,0.3788,0.2727,0.197,0.1061,0.4697,0.4697,-14.4294
tfu_021_spark10_plus_market_raw_mfe,final_2026,2026-04,top1,8,8,17.5508,22.0368,0.625,0.625,0.625,0.125,0.125,0.125,-9.5441
tfu_021_spark10_plus_market_raw_mfe,final_2026,2026-04,top3,8,24,23.4312,21.9136,0.625,0.625,0.5833,0.25,0.125,0.0833,-7.4918
tfu_022_spark10_plus_orderbook_spark10_opportunity,internal_a,2025-10,top1,17,17,40.2842,30.343,0.7059,0.7059,0.7059,0.5294,0.2353,0.1765,-6.5792
tfu_022_spark10_plus_orderbook_spark10_opportunity,internal_a,2025-10,top3,17,51,32.6707,27.8788,0.7255,0.6275,0.6078,0.4118,0.2157,0.1961,-7.2606
tfu_022_spark10_plus_orderbook_spark10_opportunity,internal_a,2025-11,top1,20,20,30.0,18.9964,0.7,0.7,0.5,0.35,0.3,0.3,-9.5029
tfu_022_spark10_plus_orderbook_spark10_opportunity,internal_a,2025-11,top3,20,60,35.1284,22.2791,0.7667,0.7,0.5833,0.4333,0.15,0.15,-8.3174
tfu_022_spark10_plus_orderbook_spark10_opportunity,internal_b,2025-12,top1,23,23,37.0681,30.2171,0.9565,0.6522,0.6087,0.5217,0.0,0.0,-4.1263
tfu_022_spark10_plus_orderbook_spark10_opportunity,internal_b,2025-12,top3,23,69,30.9934,21.1718,0.8116,0.6377,0.5217,0.4203,0.1014,0.087,-5.3084
tfu_022_spark10_plus_orderbook_spark10_opportunity,final_2026,2026-01,top1,20,20,29.8738,25.4171,0.9,0.8,0.65,0.35,0.05,0.05,-8.1428
tfu_022_spark10_plus_orderbook_spark10_opportunity,final_2026,2026-01,top3,20,60,21.9888,15.3438,0.7,0.5167,0.4167,0.2667,0.1333,0.1167,-8.9887
tfu_022_spark10_plus_orderbook_spark10_opportunity,final_2026,2026-02,top1,14,14,13.8008,9.7826,0.4286,0.3571,0.2143,0.1429,0.2857,0.2857,-13.0922
tfu_022_spark10_plus_orderbook_spark10_opportunity,final_2026,2026-02,top3,14,42,15.2476,10.3978,0.5238,0.3571,0.2381,0.1429,0.2143,0.1667,-12.6705
tfu_022_spark10_plus_orderbook_spark10_opportunity,final_2026,2026-03,top1,22,22,14.6024,4.963,0.3182,0.2727,0.2273,0.1364,0.5,0.5,-15.6738
tfu_022_spark10_plus_orderbook_spark10_opportunity,final_2026,2026-03,top3,22,66,12.7975,7.1883,0.4242,0.2576,0.1364,0.0909,0.3788,0.3788,-15.2676
tfu_022_spark10_plus_orderbook_spark10_opportunity,final_2026,2026-04,top1,8,8,15.1883,14.2598,0.625,0.5,0.25,0.125,0.125,0.125,-7.0233
tfu_022_spark10_plus_orderbook_spark10_opportunity,final_2026,2026-04,top3,8,24,21.6073,11.2137,0.5833,0.4583,0.375,0.25,0.0833,0.0833,-10.2731
tfu_023_spark10_plus_orderbook_stable_opportunity,internal_a,2025-10,top1,17,17,30.8762,21.2766,0.5882,0.5882,0.5294,0.2941,0.3529,0.1765,-7.3835
tfu_023_spark10_plus_orderbook_stable_opportunity,internal_a,2025-10,top3,17,51,34.1224,18.3059,0.6471,0.549,0.4314,0.2745,0.2157,0.1176,-6.6183
tfu_023_spark10_plus_orderbook_stable_opportunity,internal_a,2025-11,top1,20,20,22.8929,16.3669,0.7,0.6,0.4,0.25,0.15,0.1,-8.4619
tfu_023_spark10_plus_orderbook_stable_opportunity,internal_a,2025-11,top3,20,60,24.3402,14.961,0.5833,0.5,0.3667,0.2667,0.2167,0.1833,-7.7573
tfu_023_spark10_plus_orderbook_stable_opportunity,internal_b,2025-12,top1,23,23,16.1102,12.5846,0.6087,0.3478,0.3478,0.1739,0.2174,0.1739,-6.7675
tfu_023_spark10_plus_orderbook_stable_opportunity,internal_b,2025-12,top3,23,69,20.4693,13.7566,0.7101,0.4783,0.3913,0.2319,0.1304,0.1159,-5.0587
tfu_023_spark10_plus_orderbook_stable_opportunity,final_2026,2026-01,top1,20,20,20.9644,11.2389,0.65,0.4,0.35,0.3,0.25,0.15,-6.1545
tfu_023_spark10_plus_orderbook_stable_opportunity,final_2026,2026-01,top3,20,60,15.4561,11.3545,0.5833,0.3333,0.2167,0.1333,0.2,0.1333,-5.5017
tfu_023_spark10_plus_orderbook_stable_opportunity,final_2026,2026-02,top1,14,14,19.2791,7.8214,0.4286,0.4286,0.3571,0.2143,0.3571,0.3571,-6.4738
tfu_023_spark10_plus_orderbook_stable_opportunity,final_2026,2026-02,top3,14,42,20.0446,8.1581,0.4286,0.3571,0.2857,0.1905,0.3333,0.3095,-7.5086
tfu_023_spark10_plus_orderbook_stable_opportunity,final_2026,2026-03,top1,22,22,13.903,8.801,0.4545,0.3636,0.1364,0.0909,0.1818,0.1818,-12.9021
tfu_023_spark10_plus_orderbook_stable_opportunity,final_2026,2026-03,top3,22,66,9.3333,6.7915,0.303,0.197,0.0758,0.0455,0.4242,0.4091,-12.4237
tfu_023_spark10_plus_orderbook_stable_opportunity,final_2026,2026-04,top1,8,8,13.6311,11.0129,0.75,0.375,0.25,0.0,0.125,0.0,-5.4644
tfu_023_spark10_plus_orderbook_stable_opportunity,final_2026,2026-04,top3,8,24,18.5113,11.4066,0.625,0.4583,0.3333,0.2083,0.1667,0.0833,-5.741
tfu_024_spark10_plus_orderbook_hit15,internal_a,2025-10,top1,17,17,26.7183,19.3528,0.6471,0.5294,0.4118,0.3529,0.2353,0.2353,-9.6716
tfu_024_spark10_plus_orderbook_hit15,internal_a,2025-10,top3,17,51,25.0156,19.3528,0.6667,0.5686,0.4706,0.2745,0.2157,0.1373,-7.8231
tfu_024_spark10_plus_orderbook_hit15,internal_a,2025-11,top1,20,20,18.9922,14.278,0.55,0.5,0.35,0.2,0.35,0.35,-13.3359
tfu_024_spark10_plus_orderbook_hit15,internal_a,2025-11,top3,20,60,22.0127,13.803,0.5667,0.4667,0.3667,0.2667,0.2667,0.2667,-10.7171
tfu_024_spark10_plus_orderbook_hit15,internal_b,2025-12,top1,23,23,21.3764,15.4336,0.8696,0.5217,0.3913,0.2174,0.0435,0.0435,-4.7845
tfu_024_spark10_plus_orderbook_hit15,internal_b,2025-12,top3,23,69,19.1889,13.7761,0.6667,0.4638,0.3333,0.2029,0.1594,0.1304,-6.1128
tfu_024_spark10_plus_orderbook_hit15,final_2026,2026-01,top1,20,20,16.8625,11.3545,0.6,0.4,0.35,0.25,0.15,0.1,-6.7361
tfu_024_spark10_plus_orderbook_hit15,final_2026,2026-01,top3,20,60,16.2616,10.3467,0.5333,0.35,0.2833,0.1833,0.1833,0.1167,-8.057
tfu_024_spark10_plus_orderbook_hit15,final_2026,2026-02,top1,14,14,11.0572,8.7376,0.3571,0.2143,0.0714,0.0714,0.1429,0.1429,-11.994
tfu_024_spark10_plus_orderbook_hit15,final_2026,2026-02,top3,14,42,12.6962,9.0816,0.4286,0.2857,0.1429,0.0952,0.2619,0.2619,-11.4365
tfu_024_spark10_plus_orderbook_hit15,final_2026,2026-03,top1,22,22,12.8632,7.7345,0.4091,0.2273,0.0909,0.0909,0.2273,0.2273,-15.7833
tfu_024_spark10_plus_orderbook_hit15,final_2026,2026-03,top3,22,66,11.3054,7.2337,0.3788,0.2576,0.1212,0.0606,0.3485,0.3182,-14.3405
tfu_024_spark10_plus_orderbook_hit15,final_2026,2026-04,top1,8,8,18.2286,18.9878,0.625,0.625,0.5,0.125,0.125,0.125,-5.0071
tfu_024_spark10_plus_orderbook_hit15,final_2026,2026-04,top3,8,24,17.8331,14.561,0.625,0.5,0.375,0.1667,0.125,0.125,-7.1686
tfu_025_spark10_plus_orderbook_hit20,internal_a,2025-10,top1,17,17,28.3605,23.0972,0.6471,0.6471,0.5882,0.3529,0.1765,0.1765,-8.0072
tfu_025_spark10_plus_orderbook_hit20,internal_a,2025-10,top3,17,51,25.8343,20.1175,0.6667,0.5686,0.5098,0.2745,0.1569,0.1373,-8.2502
tfu_025_spark10_plus_orderbook_hit20,internal_a,2025-11,top1,20,20,25.8787,15.1271,0.6,0.5,0.35,0.3,0.25,0.25,-13.3703
tfu_025_spark10_plus_orderbook_hit20,internal_a,2025-11,top3,20,60,26.441,15.4784,0.6167,0.5167,0.4167,0.3167,0.2167,0.2167,-10.5497
tfu_025_spark10_plus_orderbook_hit20,internal_b,2025-12,top1,23,23,20.2982,18.0396,0.8261,0.5652,0.4783,0.2609,0.1304,0.1304,-5.9269
tfu_025_spark10_plus_orderbook_hit20,internal_b,2025-12,top3,23,69,22.3987,16.776,0.7536,0.5652,0.4203,0.2899,0.1304,0.1159,-6.1146
tfu_025_spark10_plus_orderbook_hit20,final_2026,2026-01,top1,20,20,19.1026,12.297,0.75,0.45,0.35,0.25,0.15,0.05,-9.1569
tfu_025_spark10_plus_orderbook_hit20,final_2026,2026-01,top3,20,60,21.2235,12.1989,0.65,0.4333,0.3333,0.2333,0.2,0.1333,-8.0944
tfu_025_spark10_plus_orderbook_hit20,final_2026,2026-02,top1,14,14,12.8543,11.6874,0.5,0.3571,0.0714,0.0714,0.0714,0.0714,-8.1062
tfu_025_spark10_plus_orderbook_hit20,final_2026,2026-02,top3,14,42,13.6184,10.0237,0.5,0.3095,0.1667,0.119,0.1905,0.1905,-10.9078
tfu_025_spark10_plus_orderbook_hit20,final_2026,2026-03,top1,22,22,11.1403,6.8467,0.4091,0.2727,0.0909,0.0909,0.3182,0.3182,-15.8377
tfu_025_spark10_plus_orderbook_hit20,final_2026,2026-03,top3,22,66,11.9523,7.2337,0.4091,0.2727,0.1364,0.0909,0.303,0.2879,-14.0305
tfu_025_spark10_plus_orderbook_hit20,final_2026,2026-04,top1,8,8,14.6186,15.1811,0.75,0.5,0.25,0.0,0.125,0.125,-4.7158
tfu_025_spark10_plus_orderbook_hit20,final_2026,2026-04,top3,8,24,14.9596,13.5164,0.5833,0.4167,0.2917,0.0833,0.125,0.125,-8.4208
tfu_026_spark10_plus_orderbook_rank_score,internal_a,2025-10,top1,17,17,25.2523,23.0364,0.7647,0.7059,0.6471,0.3529,0.1176,0.0588,-4.8986
tfu_026_spark10_plus_orderbook_rank_score,internal_a,2025-10,top3,17,51,30.7042,25.2181,0.7451,0.6078,0.5882,0.4314,0.1765,0.1373,-6.5466
tfu_026_spark10_plus_orderbook_rank_score,internal_a,2025-11,top1,20,20,59.0157,47.5184,0.9,0.85,0.75,0.7,0.05,0.05,-9.7186
tfu_026_spark10_plus_orderbook_rank_score,internal_a,2025-11,top3,20,60,42.0333,36.6723,0.8167,0.75,0.6833,0.55,0.1,0.1,-8.7089
tfu_026_spark10_plus_orderbook_rank_score,internal_b,2025-12,top1,23,23,28.5277,23.4886,0.7391,0.6957,0.6087,0.3913,0.1304,0.087,-5.3504
tfu_026_spark10_plus_orderbook_rank_score,internal_b,2025-12,top3,23,69,29.5748,23.5357,0.8116,0.6522,0.5652,0.4203,0.087,0.058,-4.169
tfu_026_spark10_plus_orderbook_rank_score,final_2026,2026-01,top1,20,20,24.7936,13.692,0.6,0.45,0.4,0.2,0.3,0.2,-7.6725
tfu_026_spark10_plus_orderbook_rank_score,final_2026,2026-01,top3,20,60,24.8467,15.9033,0.6667,0.5167,0.3833,0.1833,0.2167,0.1833,-9.011
tfu_026_spark10_plus_orderbook_rank_score,final_2026,2026-02,top1,14,14,22.587,20.6846,0.7143,0.5714,0.5,0.3571,0.1429,0.1429,-8.3581
tfu_026_spark10_plus_orderbook_rank_score,final_2026,2026-02,top3,14,42,16.8556,12.6527,0.5714,0.4762,0.3333,0.1905,0.1667,0.1667,-11.6621
tfu_026_spark10_plus_orderbook_rank_score,final_2026,2026-03,top1,22,22,17.6174,11.934,0.5909,0.3182,0.2727,0.1364,0.4091,0.4091,-12.9664
tfu_026_spark10_plus_orderbook_rank_score,final_2026,2026-03,top3,22,66,16.0672,8.6435,0.4697,0.303,0.2273,0.1212,0.3939,0.3939,-13.0378
tfu_026_spark10_plus_orderbook_rank_score,final_2026,2026-04,top1,8,8,25.4857,23.4466,0.875,0.75,0.75,0.125,0.125,0.125,-10.6291
tfu_026_spark10_plus_orderbook_rank_score,final_2026,2026-04,top3,8,24,19.1751,17.259,0.75,0.6667,0.4583,0.125,0.125,0.0833,-9.119
tfu_027_spark10_plus_orderbook_tail_rank,internal_a,2025-10,top1,17,17,31.2201,25.2181,0.8235,0.7059,0.6471,0.2941,0.0588,0.0588,-4.7321
tfu_027_spark10_plus_orderbook_tail_rank,internal_a,2025-10,top3,17,51,27.6481,23.0364,0.7647,0.6078,0.549,0.3333,0.1765,0.1176,-6.5767
tfu_027_spark10_plus_orderbook_tail_rank,internal_a,2025-11,top1,20,20,43.2569,36.9906,0.8,0.7,0.65,0.55,0.05,0.05,-9.806
tfu_027_spark10_plus_orderbook_tail_rank,internal_a,2025-11,top3,20,60,36.3316,26.1106,0.7833,0.6667,0.6167,0.4167,0.0667,0.05,-8.36
tfu_027_spark10_plus_orderbook_tail_rank,internal_b,2025-12,top1,23,23,35.8561,33.9339,0.8696,0.6957,0.6087,0.5217,0.0435,0.0435,-3.1687
tfu_027_spark10_plus_orderbook_tail_rank,internal_b,2025-12,top3,23,69,32.6622,26.1134,0.8261,0.6812,0.5797,0.4493,0.0725,0.0435,-3.7861
tfu_027_spark10_plus_orderbook_tail_rank,final_2026,2026-01,top1,20,20,16.8832,15.0841,0.65,0.5,0.35,0.1,0.3,0.25,-11.2619
tfu_027_spark10_plus_orderbook_tail_rank,final_2026,2026-01,top3,20,60,20.6517,15.6527,0.6833,0.5167,0.3833,0.2167,0.2333,0.2,-9.7861
tfu_027_spark10_plus_orderbook_tail_rank,final_2026,2026-02,top1,14,14,22.4208,15.9061,0.5714,0.5,0.5,0.4286,0.3571,0.3571,-11.0556
tfu_027_spark10_plus_orderbook_tail_rank,final_2026,2026-02,top3,14,42,19.1983,17.6354,0.6667,0.5238,0.4048,0.2619,0.2143,0.2143,-10.2805
tfu_027_spark10_plus_orderbook_tail_rank,final_2026,2026-03,top1,22,22,10.3685,4.8771,0.4091,0.3182,0.1364,0.0909,0.5455,0.5455,-12.7611
tfu_027_spark10_plus_orderbook_tail_rank,final_2026,2026-03,top3,22,66,14.3904,6.7767,0.4091,0.3333,0.2121,0.1061,0.4091,0.3939,-13.6598
tfu_027_spark10_plus_orderbook_tail_rank,final_2026,2026-04,top1,8,8,16.5287,21.2761,0.75,0.625,0.625,0.0,0.25,0.125,-6.7465
tfu_027_spark10_plus_orderbook_tail_rank,final_2026,2026-04,top3,8,24,22.6608,20.0231,0.75,0.625,0.5,0.2083,0.2083,0.1667,-8.2425
tfu_028_spark10_plus_orderbook_raw_mfe,internal_a,2025-10,top1,17,17,41.8868,31.3743,0.7059,0.6471,0.5882,0.5294,0.2353,0.1765,-6.714
tfu_028_spark10_plus_orderbook_raw_mfe,internal_a,2025-10,top3,17,51,43.5819,29.1616,0.7255,0.6471,0.5882,0.4706,0.2353,0.1961,-6.685
tfu_028_spark10_plus_orderbook_raw_mfe,internal_a,2025-11,top1,20,20,55.7441,59.3448,1.0,0.95,0.9,0.8,0.0,0.0,-6.4704
tfu_028_spark10_plus_orderbook_raw_mfe,internal_a,2025-11,top3,20,60,47.9311,48.2934,0.8167,0.7833,0.7667,0.6667,0.1333,0.1167,-7.1739
tfu_028_spark10_plus_orderbook_raw_mfe,internal_b,2025-12,top1,23,23,45.3001,46.8504,0.913,0.7826,0.7826,0.7391,0.087,0.0,-3.8615
tfu_028_spark10_plus_orderbook_raw_mfe,internal_b,2025-12,top3,23,69,52.6891,42.7168,0.8841,0.7971,0.7536,0.6957,0.0725,0.0145,-3.5887
tfu_028_spark10_plus_orderbook_raw_mfe,final_2026,2026-01,top1,20,20,27.1739,11.4964,0.65,0.35,0.25,0.2,0.25,0.2,-8.3298
tfu_028_spark10_plus_orderbook_raw_mfe,final_2026,2026-01,top3,20,60,24.5506,12.1765,0.65,0.4667,0.4,0.2167,0.2,0.1667,-8.4169
tfu_028_spark10_plus_orderbook_raw_mfe,final_2026,2026-02,top1,14,14,11.4953,9.2635,0.3571,0.2143,0.1429,0.1429,0.2143,0.2143,-14.4252
tfu_028_spark10_plus_orderbook_raw_mfe,final_2026,2026-02,top3,14,42,12.5367,9.7826,0.4762,0.3095,0.1667,0.0952,0.2381,0.2143,-14.8299
tfu_028_spark10_plus_orderbook_raw_mfe,final_2026,2026-03,top1,22,22,14.6247,6.4712,0.4091,0.4091,0.2273,0.1818,0.3182,0.3182,-15.1141
tfu_028_spark10_plus_orderbook_raw_mfe,final_2026,2026-03,top3,22,66,12.4172,6.0547,0.3485,0.3333,0.1818,0.0909,0.3939,0.3939,-14.1011
tfu_028_spark10_plus_orderbook_raw_mfe,final_2026,2026-04,top1,8,8,14.3541,14.3796,0.75,0.5,0.25,0.0,0.25,0.25,-8.1971
tfu_028_spark10_plus_orderbook_raw_mfe,final_2026,2026-04,top3,8,24,16.8475,16.8593,0.75,0.5417,0.3333,0.0417,0.125,0.125,-7.2367
tfu_029_spark10_plus_oib_cvd_spark10_opportunity,internal_a,2025-10,top1,17,17,39.9706,29.1616,0.8235,0.7647,0.7647,0.4706,0.1176,0.0588,-5.847
tfu_029_spark10_plus_oib_cvd_spark10_opportunity,internal_a,2025-10,top3,17,51,30.7687,23.9669,0.7647,0.6471,0.6078,0.3725,0.1373,0.1176,-7.5695
tfu_029_spark10_plus_oib_cvd_spark10_opportunity,internal_a,2025-11,top1,20,20,38.5208,34.2776,0.8,0.75,0.7,0.5,0.15,0.15,-8.1725
tfu_029_spark10_plus_oib_cvd_spark10_opportunity,internal_a,2025-11,top3,20,60,32.4466,21.8875,0.8,0.7167,0.55,0.4,0.1667,0.1667,-8.9859
tfu_029_spark10_plus_oib_cvd_spark10_opportunity,internal_b,2025-12,top1,23,23,31.6721,19.8454,0.8696,0.6957,0.4783,0.3913,0.1304,0.1304,-5.9196
tfu_029_spark10_plus_oib_cvd_spark10_opportunity,internal_b,2025-12,top3,23,69,33.6097,20.7547,0.8551,0.7101,0.5217,0.3768,0.0725,0.0725,-5.5483
tfu_029_spark10_plus_oib_cvd_spark10_opportunity,final_2026,2026-01,top1,20,20,31.9667,13.7197,0.65,0.5,0.4,0.3,0.2,0.05,-7.7138
tfu_029_spark10_plus_oib_cvd_spark10_opportunity,final_2026,2026-01,top3,20,60,23.0095,11.967,0.6,0.45,0.3667,0.2333,0.15,0.0667,-8.2033
tfu_029_spark10_plus_oib_cvd_spark10_opportunity,final_2026,2026-02,top1,14,14,16.3531,12.9005,0.5714,0.3571,0.2143,0.2143,0.2857,0.2143,-10.3682
tfu_029_spark10_plus_oib_cvd_spark10_opportunity,final_2026,2026-02,top3,14,42,14.9846,12.5614,0.5714,0.4048,0.2143,0.119,0.2381,0.2143,-11.3481
tfu_029_spark10_plus_oib_cvd_spark10_opportunity,final_2026,2026-03,top1,22,22,11.7142,7.5614,0.4545,0.2727,0.1364,0.0909,0.3182,0.3182,-15.666
tfu_029_spark10_plus_oib_cvd_spark10_opportunity,final_2026,2026-03,top3,22,66,19.1754,10.7904,0.5152,0.3485,0.2727,0.197,0.2576,0.2576,-13.5372
tfu_029_spark10_plus_oib_cvd_spark10_opportunity,final_2026,2026-04,top1,8,8,17.0588,13.4899,0.625,0.5,0.375,0.125,0.0,0.0,-8.083
tfu_029_spark10_plus_oib_cvd_spark10_opportunity,final_2026,2026-04,top3,8,24,18.0174,10.0708,0.5,0.4167,0.2917,0.1667,0.2083,0.125,-8.4022
tfu_030_spark10_plus_oib_cvd_stable_opportunity,internal_a,2025-10,top1,17,17,31.1139,21.2766,0.8235,0.5882,0.5294,0.2941,0.1176,0.0588,-5.9971
tfu_030_spark10_plus_oib_cvd_stable_opportunity,internal_a,2025-10,top3,17,51,30.0822,21.2766,0.6667,0.549,0.5098,0.3137,0.1961,0.1373,-6.9493
tfu_030_spark10_plus_oib_cvd_stable_opportunity,internal_a,2025-11,top1,20,20,14.3212,5.9995,0.4,0.35,0.25,0.1,0.5,0.5,-9.3852
tfu_030_spark10_plus_oib_cvd_stable_opportunity,internal_a,2025-11,top3,20,60,14.7645,9.1267,0.45,0.3333,0.25,0.1,0.4167,0.3667,-8.6154
tfu_030_spark10_plus_oib_cvd_stable_opportunity,internal_b,2025-12,top1,23,23,22.7039,15.7177,0.7391,0.5652,0.3913,0.2609,0.0435,0.0435,-4.6573
tfu_030_spark10_plus_oib_cvd_stable_opportunity,internal_b,2025-12,top3,23,69,21.9015,15.4336,0.7246,0.5217,0.3913,0.2754,0.1159,0.0725,-4.5457
tfu_030_spark10_plus_oib_cvd_stable_opportunity,final_2026,2026-01,top1,20,20,14.9689,8.6172,0.45,0.3,0.2,0.15,0.2,0.1,-6.2387
tfu_030_spark10_plus_oib_cvd_stable_opportunity,final_2026,2026-01,top3,20,60,14.0098,10.983,0.55,0.3667,0.2167,0.1333,0.2667,0.15,-6.079
tfu_030_spark10_plus_oib_cvd_stable_opportunity,final_2026,2026-02,top1,14,14,21.2863,5.5225,0.2857,0.2857,0.2143,0.0714,0.4286,0.2857,-8.7419
tfu_030_spark10_plus_oib_cvd_stable_opportunity,final_2026,2026-02,top3,14,42,14.8397,6.0007,0.3333,0.2381,0.1429,0.0952,0.4048,0.3095,-9.3573
tfu_030_spark10_plus_oib_cvd_stable_opportunity,final_2026,2026-03,top1,22,22,8.4712,5.877,0.2727,0.1818,0.1818,0.0455,0.4545,0.4545,-12.6663
tfu_030_spark10_plus_oib_cvd_stable_opportunity,final_2026,2026-03,top3,22,66,14.5181,8.8804,0.4545,0.3182,0.2727,0.1364,0.3182,0.303,-11.5612
tfu_030_spark10_plus_oib_cvd_stable_opportunity,final_2026,2026-04,top1,8,8,24.4523,26.0975,0.625,0.625,0.625,0.25,0.125,0.125,-9.7983
tfu_030_spark10_plus_oib_cvd_stable_opportunity,final_2026,2026-04,top3,8,24,14.7302,9.7577,0.5,0.2917,0.25,0.125,0.25,0.1667,-6.8961
tfu_031_spark10_plus_oib_cvd_hit15,internal_a,2025-10,top1,17,17,28.0862,20.9647,0.5882,0.5294,0.5294,0.3529,0.2941,0.2353,-9.3413
tfu_031_spark10_plus_oib_cvd_hit15,internal_a,2025-10,top3,17,51,25.4488,19.1882,0.6667,0.5686,0.451,0.2941,0.1961,0.1569,-7.5105
tfu_031_spark10_plus_oib_cvd_hit15,internal_a,2025-11,top1,20,20,9.4307,4.3067,0.25,0.2,0.05,0.05,0.55,0.55,-13.1557
tfu_031_spark10_plus_oib_cvd_hit15,internal_a,2025-11,top3,20,60,14.6348,7.275,0.4,0.3167,0.2333,0.15,0.4333,0.4333,-12.3241
tfu_031_spark10_plus_oib_cvd_hit15,internal_b,2025-12,top1,23,23,23.8651,16.9092,0.7826,0.6087,0.4348,0.3043,0.0435,0.0435,-6.3862
tfu_031_spark10_plus_oib_cvd_hit15,internal_b,2025-12,top3,23,69,25.1882,16.776,0.7391,0.5507,0.4203,0.3043,0.1014,0.1014,-6.1126
tfu_031_spark10_plus_oib_cvd_hit15,final_2026,2026-01,top1,20,20,13.769,11.9155,0.55,0.4,0.3,0.15,0.25,0.15,-10.0715
tfu_031_spark10_plus_oib_cvd_hit15,final_2026,2026-01,top3,20,60,13.8804,10.1247,0.5167,0.35,0.2667,0.15,0.2333,0.15,-9.0066
tfu_031_spark10_plus_oib_cvd_hit15,final_2026,2026-02,top1,14,14,9.6031,8.6338,0.4286,0.2143,0.0714,0.0,0.2143,0.2143,-10.9075
tfu_031_spark10_plus_oib_cvd_hit15,final_2026,2026-02,top3,14,42,13.0227,10.6731,0.5476,0.3095,0.1667,0.119,0.2619,0.2619,-11.5325
tfu_031_spark10_plus_oib_cvd_hit15,final_2026,2026-03,top1,22,22,20.8752,10.1695,0.5455,0.4091,0.2273,0.1818,0.3182,0.3182,-13.8189
tfu_031_spark10_plus_oib_cvd_hit15,final_2026,2026-03,top3,22,66,15.6099,10.1695,0.5152,0.3788,0.2121,0.1212,0.3636,0.3485,-13.8972
tfu_031_spark10_plus_oib_cvd_hit15,final_2026,2026-04,top1,8,8,14.5945,12.539,0.625,0.375,0.25,0.0,0.0,0.0,-7.8841
tfu_031_spark10_plus_oib_cvd_hit15,final_2026,2026-04,top3,8,24,14.0751,9.7102,0.4583,0.2917,0.25,0.0833,0.1667,0.1667,-9.1094
tfu_032_spark10_plus_oib_cvd_hit20,internal_a,2025-10,top1,17,17,27.1563,23.0972,0.6471,0.5882,0.5882,0.3529,0.3529,0.2941,-9.5317
tfu_032_spark10_plus_oib_cvd_hit20,internal_a,2025-10,top3,17,51,31.9488,25.1462,0.7451,0.6863,0.5882,0.3922,0.2353,0.1961,-8.2935
tfu_032_spark10_plus_oib_cvd_hit20,internal_a,2025-11,top1,20,20,16.5864,5.3191,0.4,0.35,0.3,0.25,0.5,0.5,-12.061
tfu_032_spark10_plus_oib_cvd_hit20,internal_a,2025-11,top3,20,60,22.6983,14.2756,0.6,0.4833,0.3833,0.2667,0.2833,0.2833,-11.7094
tfu_032_spark10_plus_oib_cvd_hit20,internal_b,2025-12,top1,23,23,25.7375,14.6079,0.8261,0.4783,0.3913,0.3043,0.0435,0.0435,-5.6831
tfu_032_spark10_plus_oib_cvd_hit20,internal_b,2025-12,top3,23,69,23.6976,15.5625,0.7246,0.5362,0.3478,0.2464,0.1014,0.1014,-6.1035
tfu_032_spark10_plus_oib_cvd_hit20,final_2026,2026-01,top1,20,20,14.5309,11.8082,0.7,0.4,0.25,0.15,0.2,0.15,-10.5858
tfu_032_spark10_plus_oib_cvd_hit20,final_2026,2026-01,top3,20,60,16.0582,11.6669,0.6167,0.4,0.2833,0.1667,0.2333,0.1333,-7.543
tfu_032_spark10_plus_oib_cvd_hit20,final_2026,2026-02,top1,14,14,14.8814,9.7452,0.5,0.2857,0.2143,0.1429,0.1429,0.1429,-10.9276
tfu_032_spark10_plus_oib_cvd_hit20,final_2026,2026-02,top3,14,42,14.7722,10.7975,0.5476,0.3333,0.2143,0.1667,0.2381,0.2381,-10.4916
tfu_032_spark10_plus_oib_cvd_hit20,final_2026,2026-03,top1,22,22,14.1971,8.6796,0.5,0.3636,0.1364,0.1364,0.3636,0.3636,-14.5641
tfu_032_spark10_plus_oib_cvd_hit20,final_2026,2026-03,top3,22,66,13.0973,7.864,0.4242,0.2879,0.1364,0.1212,0.3485,0.3333,-14.5917
tfu_032_spark10_plus_oib_cvd_hit20,final_2026,2026-04,top1,8,8,9.7392,8.1884,0.375,0.25,0.0,0.0,0.125,0.125,-11.1778
tfu_032_spark10_plus_oib_cvd_hit20,final_2026,2026-04,top3,8,24,16.2193,13.9988,0.5417,0.4583,0.25,0.125,0.1667,0.1667,-9.3941
tfu_033_spark10_plus_oib_cvd_rank_score,internal_a,2025-10,top1,17,17,44.0878,33.7349,0.9412,0.9412,0.9412,0.5882,0.0588,0.0588,-4.8093
tfu_033_spark10_plus_oib_cvd_rank_score,internal_a,2025-10,top3,17,51,40.2264,29.1849,0.7843,0.7451,0.6863,0.4902,0.1961,0.1961,-7.2036
tfu_033_spark10_plus_oib_cvd_rank_score,internal_a,2025-11,top1,20,20,38.6667,38.3044,0.8,0.65,0.65,0.55,0.1,0.1,-10.299
tfu_033_spark10_plus_oib_cvd_rank_score,internal_a,2025-11,top3,20,60,32.7775,28.8868,0.8,0.7,0.6333,0.4833,0.1333,0.1333,-8.7938
tfu_033_spark10_plus_oib_cvd_rank_score,internal_b,2025-12,top1,23,23,21.5528,14.6079,0.6957,0.4783,0.3913,0.1739,0.087,0.0435,-4.8397
tfu_033_spark10_plus_oib_cvd_rank_score,internal_b,2025-12,top3,23,69,25.4296,17.267,0.7681,0.5942,0.4638,0.3188,0.087,0.058,-4.7609
tfu_033_spark10_plus_oib_cvd_rank_score,final_2026,2026-01,top1,20,20,20.2238,11.7829,0.55,0.4,0.3,0.15,0.3,0.2,-9.6158
tfu_033_spark10_plus_oib_cvd_rank_score,final_2026,2026-01,top3,20,60,18.5735,12.1732,0.5667,0.4167,0.35,0.1167,0.3,0.2667,-8.9395
tfu_033_spark10_plus_oib_cvd_rank_score,final_2026,2026-02,top1,14,14,14.4957,11.5293,0.6429,0.4286,0.2857,0.0714,0.2143,0.1429,-10.7762
tfu_033_spark10_plus_oib_cvd_rank_score,final_2026,2026-02,top3,14,42,13.2643,9.5779,0.4762,0.3571,0.2381,0.0952,0.2619,0.2381,-10.7219
tfu_033_spark10_plus_oib_cvd_rank_score,final_2026,2026-03,top1,22,22,8.9896,5.9409,0.3182,0.2273,0.1364,0.0,0.5,0.5,-15.3786
tfu_033_spark10_plus_oib_cvd_rank_score,final_2026,2026-03,top3,22,66,13.5318,8.0584,0.4242,0.303,0.197,0.0909,0.3788,0.3485,-13.5289
tfu_033_spark10_plus_oib_cvd_rank_score,final_2026,2026-04,top1,8,8,24.2541,21.565,0.75,0.75,0.625,0.25,0.25,0.25,-4.6942
tfu_033_spark10_plus_oib_cvd_rank_score,final_2026,2026-04,top3,8,24,20.7737,16.8636,0.625,0.5417,0.4583,0.1667,0.1667,0.1667,-8.4979
tfu_034_spark10_plus_oib_cvd_tail_rank,internal_a,2025-10,top1,17,17,22.7728,22.7679,0.6471,0.5882,0.5882,0.2353,0.2353,0.1765,-7.2613
tfu_034_spark10_plus_oib_cvd_tail_rank,internal_a,2025-10,top3,17,51,31.4555,23.0364,0.7255,0.6275,0.5686,0.3529,0.1765,0.1569,-6.9908
tfu_034_spark10_plus_oib_cvd_tail_rank,internal_a,2025-11,top1,20,20,30.292,21.3134,0.65,0.6,0.6,0.3,0.2,0.2,-8.5675
tfu_034_spark10_plus_oib_cvd_tail_rank,internal_a,2025-11,top3,20,60,29.0958,20.9706,0.6667,0.6,0.5333,0.3667,0.1,0.1,-8.5074
tfu_034_spark10_plus_oib_cvd_tail_rank,internal_b,2025-12,top1,23,23,24.9021,14.2259,0.6957,0.4348,0.3478,0.2609,0.1304,0.087,-3.6505
tfu_034_spark10_plus_oib_cvd_tail_rank,internal_b,2025-12,top3,23,69,25.8152,16.776,0.7536,0.5797,0.4203,0.2899,0.1159,0.087,-3.9132
tfu_034_spark10_plus_oib_cvd_tail_rank,final_2026,2026-01,top1,20,20,14.584,10.0768,0.5,0.4,0.35,0.1,0.35,0.25,-6.9906
tfu_034_spark10_plus_oib_cvd_tail_rank,final_2026,2026-01,top3,20,60,17.3985,13.8618,0.5833,0.45,0.3333,0.15,0.3333,0.2833,-7.0525
tfu_034_spark10_plus_oib_cvd_tail_rank,final_2026,2026-02,top1,14,14,13.9682,9.4471,0.5,0.2857,0.2857,0.1429,0.0714,0.0714,-9.7002
tfu_034_spark10_plus_oib_cvd_tail_rank,final_2026,2026-02,top3,14,42,12.5425,6.9441,0.4048,0.3095,0.2381,0.1429,0.3095,0.2619,-11.1927
tfu_034_spark10_plus_oib_cvd_tail_rank,final_2026,2026-03,top1,22,22,10.9538,7.1139,0.3636,0.2273,0.1818,0.0909,0.4091,0.4091,-13.534
tfu_034_spark10_plus_oib_cvd_tail_rank,final_2026,2026-03,top3,22,66,15.9958,9.3957,0.4545,0.3333,0.1818,0.1212,0.3333,0.3333,-13.1469
tfu_034_spark10_plus_oib_cvd_tail_rank,final_2026,2026-04,top1,8,8,15.8385,17.1637,0.75,0.5,0.5,0.0,0.125,0.125,-7.7163
tfu_034_spark10_plus_oib_cvd_tail_rank,final_2026,2026-04,top3,8,24,14.9406,13.9019,0.625,0.4583,0.4167,0.0417,0.1667,0.1667,-7.653
tfu_035_spark10_plus_oib_cvd_raw_mfe,internal_a,2025-10,top1,17,17,39.174,29.869,0.8824,0.8235,0.8235,0.4706,0.0588,0.0588,-7.8214
tfu_035_spark10_plus_oib_cvd_raw_mfe,internal_a,2025-10,top3,17,51,45.1051,26.3619,0.7647,0.7255,0.6667,0.4118,0.1569,0.1373,-7.6281
tfu_035_spark10_plus_oib_cvd_raw_mfe,internal_a,2025-11,top1,20,20,38.5113,22.8081,0.7,0.7,0.55,0.35,0.15,0.15,-9.3393
tfu_035_spark10_plus_oib_cvd_raw_mfe,internal_a,2025-11,top3,20,60,36.786,22.8081,0.7167,0.6833,0.5667,0.4167,0.2,0.2,-8.0202
tfu_035_spark10_plus_oib_cvd_raw_mfe,internal_b,2025-12,top1,23,23,39.45,37.5238,0.913,0.8261,0.7826,0.5217,0.0435,0.0435,-3.9088
tfu_035_spark10_plus_oib_cvd_raw_mfe,internal_b,2025-12,top3,23,69,42.4988,33.766,0.8696,0.7681,0.7101,0.5362,0.0725,0.0435,-4.0492
tfu_035_spark10_plus_oib_cvd_raw_mfe,final_2026,2026-01,top1,20,20,25.2174,15.6325,0.65,0.5,0.4,0.25,0.25,0.2,-9.0877
tfu_035_spark10_plus_oib_cvd_raw_mfe,final_2026,2026-01,top3,20,60,25.4121,15.5114,0.6,0.5,0.4,0.2,0.2167,0.1667,-7.9838
tfu_035_spark10_plus_oib_cvd_raw_mfe,final_2026,2026-02,top1,14,14,16.2944,8.6063,0.4286,0.4286,0.3571,0.2143,0.2857,0.1429,-9.2991
tfu_035_spark10_plus_oib_cvd_raw_mfe,final_2026,2026-02,top3,14,42,16.6841,14.319,0.5714,0.4524,0.3333,0.1667,0.2143,0.1429,-10.3799
tfu_035_spark10_plus_oib_cvd_raw_mfe,final_2026,2026-03,top1,22,22,17.0275,7.8243,0.3636,0.3182,0.1818,0.1364,0.3636,0.3182,-14.0115
tfu_035_spark10_plus_oib_cvd_raw_mfe,final_2026,2026-03,top3,22,66,14.3174,8.6209,0.4242,0.3485,0.2121,0.0909,0.3485,0.3182,-14.6002
tfu_035_spark10_plus_oib_cvd_raw_mfe,final_2026,2026-04,top1,8,8,23.4639,25.6209,1.0,1.0,0.625,0.0,0.0,0.0,-4.5634
tfu_035_spark10_plus_oib_cvd_raw_mfe,final_2026,2026-04,top3,8,24,20.279,21.8801,0.7917,0.75,0.5833,0.0833,0.0417,0.0417,-6.1231
tfu_036_spark10_plus_limit_risk_spark10_opportunity,internal_a,2025-10,top1,17,17,34.779,29.9316,0.9412,0.8824,0.7647,0.4706,0.0,0.0,-6.4946
tfu_036_spark10_plus_limit_risk_spark10_opportunity,internal_a,2025-10,top3,17,51,28.3345,24.5492,0.8039,0.6863,0.6078,0.3725,0.1569,0.1176,-7.1555
tfu_036_spark10_plus_limit_risk_spark10_opportunity,internal_a,2025-11,top1,20,20,29.1714,18.4714,0.65,0.55,0.45,0.35,0.3,0.3,-10.553
tfu_036_spark10_plus_limit_risk_spark10_opportunity,internal_a,2025-11,top3,20,60,30.4202,15.625,0.7,0.55,0.4333,0.3167,0.2167,0.2167,-10.0643
tfu_036_spark10_plus_limit_risk_spark10_opportunity,internal_b,2025-12,top1,23,23,20.2563,17.1179,0.8261,0.6087,0.3478,0.1739,0.087,0.087,-6.2446
tfu_036_spark10_plus_limit_risk_spark10_opportunity,internal_b,2025-12,top3,23,69,25.7301,17.7348,0.8261,0.6087,0.4203,0.2754,0.1014,0.1014,-5.3404
tfu_036_spark10_plus_limit_risk_spark10_opportunity,final_2026,2026-01,top1,20,20,16.9497,11.9434,0.55,0.35,0.3,0.2,0.2,0.15,-8.1389
tfu_036_spark10_plus_limit_risk_spark10_opportunity,final_2026,2026-01,top3,20,60,19.6221,12.5911,0.6833,0.4667,0.35,0.2167,0.15,0.1,-8.0671
tfu_036_spark10_plus_limit_risk_spark10_opportunity,final_2026,2026-02,top1,14,14,10.1115,7.3306,0.2857,0.2857,0.1429,0.0714,0.3571,0.3571,-14.8923
tfu_036_spark10_plus_limit_risk_spark10_opportunity,final_2026,2026-02,top3,14,42,15.1354,8.3122,0.4286,0.381,0.2619,0.1667,0.2619,0.2619,-12.7602
tfu_036_spark10_plus_limit_risk_spark10_opportunity,final_2026,2026-03,top1,22,22,14.8439,9.3168,0.4545,0.2727,0.2273,0.0909,0.3182,0.3182,-14.3932
tfu_036_spark10_plus_limit_risk_spark10_opportunity,final_2026,2026-03,top3,22,66,11.6828,7.6053,0.4091,0.2576,0.1818,0.0606,0.3939,0.3788,-14.1421
tfu_036_spark10_plus_limit_risk_spark10_opportunity,final_2026,2026-04,top1,8,8,40.3322,46.1028,1.0,0.75,0.75,0.625,0.0,0.0,-3.3438
tfu_036_spark10_plus_limit_risk_spark10_opportunity,final_2026,2026-04,top3,8,24,26.1022,15.1918,0.7083,0.5417,0.4167,0.3333,0.0417,0.0417,-6.8112
tfu_037_spark10_plus_limit_risk_stable_opportunity,internal_a,2025-10,top1,17,17,33.4218,20.1175,0.8235,0.6471,0.5294,0.4118,0.1176,0.0588,-4.5969
tfu_037_spark10_plus_limit_risk_stable_opportunity,internal_a,2025-10,top3,17,51,27.5261,19.1882,0.6667,0.5686,0.4706,0.3137,0.2157,0.1569,-6.7636
tfu_037_spark10_plus_limit_risk_stable_opportunity,internal_a,2025-11,top1,20,20,24.2877,19.9495,0.7,0.65,0.5,0.35,0.1,0.1,-8.1589
tfu_037_spark10_plus_limit_risk_stable_opportunity,internal_a,2025-11,top3,20,60,22.1747,14.0858,0.5667,0.4667,0.35,0.2833,0.2833,0.2667,-7.9048
tfu_037_spark10_plus_limit_risk_stable_opportunity,internal_b,2025-12,top1,23,23,18.4472,15.4624,0.6957,0.5217,0.3478,0.1739,0.087,0.087,-4.4435
tfu_037_spark10_plus_limit_risk_stable_opportunity,internal_b,2025-12,top3,23,69,23.1479,15.7177,0.7101,0.5652,0.3623,0.1884,0.1304,0.087,-4.3468
tfu_037_spark10_plus_limit_risk_stable_opportunity,final_2026,2026-01,top1,20,20,16.1981,7.9396,0.4,0.3,0.2,0.2,0.2,0.05,-4.5915
tfu_037_spark10_plus_limit_risk_stable_opportunity,final_2026,2026-01,top3,20,60,14.6704,7.7484,0.4333,0.35,0.2333,0.1667,0.3,0.1667,-5.8506
tfu_037_spark10_plus_limit_risk_stable_opportunity,final_2026,2026-02,top1,14,14,12.2494,7.6462,0.3571,0.2143,0.1429,0.1429,0.3571,0.3571,-9.1306
tfu_037_spark10_plus_limit_risk_stable_opportunity,final_2026,2026-02,top3,14,42,11.0337,7.0607,0.4048,0.2619,0.1429,0.0714,0.381,0.3571,-11.4781
tfu_037_spark10_plus_limit_risk_stable_opportunity,final_2026,2026-03,top1,22,22,11.5465,5.9764,0.3636,0.1818,0.1818,0.0909,0.4545,0.4091,-12.185
tfu_037_spark10_plus_limit_risk_stable_opportunity,final_2026,2026-03,top3,22,66,11.7943,7.0848,0.4091,0.2576,0.197,0.0758,0.3939,0.3788,-11.6927
tfu_037_spark10_plus_limit_risk_stable_opportunity,final_2026,2026-04,top1,8,8,11.1986,10.1979,0.5,0.125,0.125,0.0,0.125,0.125,-5.5235
tfu_037_spark10_plus_limit_risk_stable_opportunity,final_2026,2026-04,top3,8,24,13.2526,10.1126,0.5,0.2917,0.2917,0.0833,0.1667,0.125,-6.9951
tfu_038_spark10_plus_limit_risk_hit15,internal_a,2025-10,top1,17,17,33.8264,27.6991,0.8235,0.7647,0.5882,0.2941,0.1765,0.1765,-8.5996
tfu_038_spark10_plus_limit_risk_hit15,internal_a,2025-10,top3,17,51,33.0289,26.6816,0.7451,0.7059,0.5882,0.3529,0.1176,0.098,-7.3192
tfu_038_spark10_plus_limit_risk_hit15,internal_a,2025-11,top1,20,20,22.0573,15.9302,0.55,0.5,0.45,0.25,0.35,0.35,-10.7844
tfu_038_spark10_plus_limit_risk_hit15,internal_a,2025-11,top3,20,60,27.9402,17.9426,0.6,0.5333,0.4667,0.35,0.3,0.3,-9.4839
tfu_038_spark10_plus_limit_risk_hit15,internal_b,2025-12,top1,23,23,22.6419,15.4624,0.913,0.5217,0.3913,0.3043,0.0435,0.0435,-6.8506
tfu_038_spark10_plus_limit_risk_hit15,internal_b,2025-12,top3,23,69,24.2887,19.4872,0.8261,0.6087,0.4928,0.2754,0.058,0.058,-6.0515
tfu_038_spark10_plus_limit_risk_hit15,final_2026,2026-01,top1,20,20,17.4045,16.4361,0.55,0.55,0.45,0.15,0.25,0.15,-8.9971
tfu_038_spark10_plus_limit_risk_hit15,final_2026,2026-01,top3,20,60,20.554,15.3978,0.6167,0.5167,0.3833,0.2167,0.2333,0.1167,-7.4093
tfu_038_spark10_plus_limit_risk_hit15,final_2026,2026-02,top1,14,14,10.6365,8.6338,0.3571,0.2857,0.0714,0.0714,0.3571,0.3571,-10.5461
tfu_038_spark10_plus_limit_risk_hit15,final_2026,2026-02,top3,14,42,10.4844,7.7932,0.3095,0.2381,0.0952,0.0952,0.3333,0.3333,-13.9872
tfu_038_spark10_plus_limit_risk_hit15,final_2026,2026-03,top1,22,22,10.321,6.8065,0.4091,0.2273,0.1364,0.0455,0.3636,0.3636,-16.3521
tfu_038_spark10_plus_limit_risk_hit15,final_2026,2026-03,top3,22,66,13.1139,7.3846,0.4242,0.2879,0.2273,0.1212,0.3636,0.3485,-15.418
tfu_038_spark10_plus_limit_risk_hit15,final_2026,2026-04,top1,8,8,25.6147,23.6363,0.75,0.75,0.625,0.25,0.25,0.25,-10.4994
tfu_038_spark10_plus_limit_risk_hit15,final_2026,2026-04,top3,8,24,23.9955,18.4052,0.5833,0.5417,0.4583,0.25,0.125,0.125,-10.4897
tfu_039_spark10_plus_limit_risk_hit20,internal_a,2025-10,top1,17,17,24.6137,19.9278,0.7059,0.5882,0.4706,0.2941,0.1765,0.1176,-9.626
tfu_039_spark10_plus_limit_risk_hit20,internal_a,2025-10,top3,17,51,28.0319,19.9278,0.7255,0.6275,0.4902,0.2941,0.1961,0.1373,-8.1154
tfu_039_spark10_plus_limit_risk_hit20,internal_a,2025-11,top1,20,20,26.2549,13.635,0.6,0.45,0.4,0.3,0.2,0.2,-10.7038
tfu_039_spark10_plus_limit_risk_hit20,internal_a,2025-11,top3,20,60,28.0456,15.1532,0.6167,0.5,0.4167,0.3333,0.2667,0.2667,-11.4713
tfu_039_spark10_plus_limit_risk_hit20,internal_b,2025-12,top1,23,23,21.9278,16.9092,0.7826,0.5652,0.4783,0.3043,0.1304,0.1304,-6.2982
tfu_039_spark10_plus_limit_risk_hit20,internal_b,2025-12,top3,23,69,23.954,17.434,0.8116,0.6087,0.4058,0.2174,0.058,0.058,-5.61
tfu_039_spark10_plus_limit_risk_hit20,final_2026,2026-01,top1,20,20,18.9419,12.1082,0.6,0.4,0.3,0.2,0.3,0.2,-10.6426
tfu_039_spark10_plus_limit_risk_hit20,final_2026,2026-01,top3,20,60,19.9238,12.0226,0.6,0.4167,0.35,0.2167,0.2667,0.2,-10.0562
tfu_039_spark10_plus_limit_risk_hit20,final_2026,2026-02,top1,14,14,15.3425,8.1541,0.4286,0.3571,0.2857,0.2857,0.2857,0.2857,-11.557
tfu_039_spark10_plus_limit_risk_hit20,final_2026,2026-02,top3,14,42,14.2847,9.4062,0.4762,0.3571,0.2381,0.1667,0.2381,0.2381,-11.6225
tfu_039_spark10_plus_limit_risk_hit20,final_2026,2026-03,top1,22,22,9.3786,6.8942,0.3636,0.2273,0.1364,0.0455,0.4091,0.4091,-17.3271
tfu_039_spark10_plus_limit_risk_hit20,final_2026,2026-03,top3,22,66,14.1284,7.7754,0.4394,0.3182,0.197,0.1212,0.3485,0.3485,-14.9138
tfu_039_spark10_plus_limit_risk_hit20,final_2026,2026-04,top1,8,8,26.588,23.027,0.75,0.75,0.625,0.25,0.125,0.125,-7.752
tfu_039_spark10_plus_limit_risk_hit20,final_2026,2026-04,top3,8,24,21.8966,20.0675,0.6667,0.5833,0.5,0.25,0.1667,0.1667,-10.3378
tfu_040_spark10_plus_limit_risk_rank_score,internal_a,2025-10,top1,17,17,32.0837,17.0756,0.7647,0.5882,0.4706,0.3529,0.1765,0.1765,-7.1991
tfu_040_spark10_plus_limit_risk_rank_score,internal_a,2025-10,top3,17,51,25.4179,17.0756,0.6863,0.549,0.4706,0.2745,0.2549,0.2549,-8.4893
tfu_040_spark10_plus_limit_risk_rank_score,internal_a,2025-11,top1,20,20,48.952,24.7905,1.0,0.9,0.7,0.4,0.0,0.0,-8.5276
tfu_040_spark10_plus_limit_risk_rank_score,internal_a,2025-11,top3,20,60,36.3405,22.1095,0.85,0.75,0.5833,0.3667,0.0667,0.0667,-8.1382
tfu_040_spark10_plus_limit_risk_rank_score,internal_b,2025-12,top1,23,23,25.103,16.6031,0.8696,0.6087,0.3913,0.2609,0.0,0.0,-5.0122
tfu_040_spark10_plus_limit_risk_rank_score,internal_b,2025-12,top3,23,69,29.8563,19.8251,0.8406,0.6522,0.4928,0.3333,0.029,0.0145,-4.6734
tfu_040_spark10_plus_limit_risk_rank_score,final_2026,2026-01,top1,20,20,17.59,12.2027,0.6,0.45,0.35,0.15,0.1,0.1,-8.8933
tfu_040_spark10_plus_limit_risk_rank_score,final_2026,2026-01,top3,20,60,21.1475,13.2853,0.5833,0.4833,0.3667,0.2167,0.2,0.15,-8.721
tfu_040_spark10_plus_limit_risk_rank_score,final_2026,2026-02,top1,14,14,18.4021,21.7313,0.7857,0.6429,0.5714,0.0714,0.1429,0.1429,-11.0194
tfu_040_spark10_plus_limit_risk_rank_score,final_2026,2026-02,top3,14,42,18.2491,18.1928,0.7619,0.5952,0.4524,0.0952,0.1429,0.119,-11.0567
tfu_040_spark10_plus_limit_risk_rank_score,final_2026,2026-03,top1,22,22,14.0766,5.0271,0.4091,0.2727,0.1818,0.1364,0.5,0.4545,-14.2826
tfu_040_spark10_plus_limit_risk_rank_score,final_2026,2026-03,top3,22,66,14.5926,8.0191,0.4545,0.2879,0.197,0.1364,0.3939,0.3788,-13.813
tfu_040_spark10_plus_limit_risk_rank_score,final_2026,2026-04,top1,8,8,17.0488,12.6915,0.625,0.5,0.375,0.25,0.25,0.25,-12.6717
tfu_040_spark10_plus_limit_risk_rank_score,final_2026,2026-04,top3,8,24,13.581,11.4327,0.5417,0.375,0.3333,0.0833,0.2083,0.2083,-11.4883
tfu_041_spark10_plus_limit_risk_tail_rank,internal_a,2025-10,top1,17,17,23.8774,26.4775,0.6471,0.5882,0.5294,0.2941,0.2353,0.2353,-8.4976
tfu_041_spark10_plus_limit_risk_tail_rank,internal_a,2025-10,top3,17,51,23.2056,17.5393,0.7059,0.5686,0.4706,0.2941,0.2353,0.2157,-7.507
tfu_041_spark10_plus_limit_risk_tail_rank,internal_a,2025-11,top1,20,20,48.8074,22.1434,0.95,0.75,0.6,0.35,0.0,0.0,-7.6681
tfu_041_spark10_plus_limit_risk_tail_rank,internal_a,2025-11,top3,20,60,42.3394,23.752,0.8167,0.7,0.6,0.4333,0.1167,0.1167,-7.9733
tfu_041_spark10_plus_limit_risk_tail_rank,internal_b,2025-12,top1,23,23,25.0124,16.6536,0.7826,0.5652,0.3913,0.2609,0.0,0.0,-3.7017
tfu_041_spark10_plus_limit_risk_tail_rank,internal_b,2025-12,top3,23,69,25.439,18.2628,0.8261,0.6522,0.4493,0.2609,0.029,0.0145,-3.8104
tfu_041_spark10_plus_limit_risk_tail_rank,final_2026,2026-01,top1,20,20,23.0661,13.0455,0.55,0.5,0.35,0.3,0.25,0.2,-8.9614
tfu_041_spark10_plus_limit_risk_tail_rank,final_2026,2026-01,top3,20,60,23.7636,9.2721,0.4667,0.4167,0.3333,0.2667,0.2667,0.25,-8.0982
tfu_041_spark10_plus_limit_risk_tail_rank,final_2026,2026-02,top1,14,14,19.5867,20.4422,0.7143,0.5714,0.5714,0.1429,0.1429,0.1429,-10.9987
tfu_041_spark10_plus_limit_risk_tail_rank,final_2026,2026-02,top3,14,42,17.2455,15.2817,0.6667,0.5238,0.4048,0.1429,0.1905,0.1667,-10.3267
tfu_041_spark10_plus_limit_risk_tail_rank,final_2026,2026-03,top1,22,22,17.9573,4.8416,0.4091,0.3636,0.3182,0.1818,0.5455,0.5,-14.7181
tfu_041_spark10_plus_limit_risk_tail_rank,final_2026,2026-03,top3,22,66,16.4999,6.634,0.4242,0.3485,0.2727,0.1818,0.4091,0.3939,-13.4342
tfu_041_spark10_plus_limit_risk_tail_rank,final_2026,2026-04,top1,8,8,28.3587,30.4806,0.75,0.75,0.625,0.625,0.125,0.125,-6.6134
tfu_041_spark10_plus_limit_risk_tail_rank,final_2026,2026-04,top3,8,24,20.7693,18.5187,0.6667,0.625,0.4167,0.2917,0.1667,0.0833,-6.2222
tfu_042_spark10_plus_limit_risk_raw_mfe,internal_a,2025-10,top1,17,17,55.6728,48.1959,0.8235,0.8235,0.7647,0.6471,0.0,0.0,-6.4484
tfu_042_spark10_plus_limit_risk_raw_mfe,internal_a,2025-10,top3,17,51,35.8153,24.2259,0.7059,0.6275,0.5686,0.3922,0.1569,0.1569,-7.8759
tfu_042_spark10_plus_limit_risk_raw_mfe,internal_a,2025-11,top1,20,20,41.9363,34.7975,0.85,0.8,0.7,0.5,0.1,0.1,-7.5691
tfu_042_spark10_plus_limit_risk_raw_mfe,internal_a,2025-11,top3,20,60,34.3253,22.8871,0.8,0.6667,0.55,0.3333,0.1667,0.1667,-7.9384
tfu_042_spark10_plus_limit_risk_raw_mfe,internal_b,2025-12,top1,23,23,37.6772,34.9057,0.8261,0.8261,0.7826,0.6087,0.1304,0.1304,-5.3143
tfu_042_spark10_plus_limit_risk_raw_mfe,internal_b,2025-12,top3,23,69,34.9745,31.2545,0.8406,0.7536,0.6667,0.5072,0.0435,0.0435,-4.29
tfu_042_spark10_plus_limit_risk_raw_mfe,final_2026,2026-01,top1,20,20,22.8774,9.9312,0.5,0.35,0.25,0.2,0.25,0.25,-10.0725
tfu_042_spark10_plus_limit_risk_raw_mfe,final_2026,2026-01,top3,20,60,25.6057,13.656,0.6167,0.45,0.35,0.2333,0.1833,0.1833,-8.6235
tfu_042_spark10_plus_limit_risk_raw_mfe,final_2026,2026-02,top1,14,14,20.8582,20.595,0.7857,0.7143,0.5,0.2143,0.0714,0.0714,-15.9254
tfu_042_spark10_plus_limit_risk_raw_mfe,final_2026,2026-02,top3,14,42,19.0924,19.1593,0.6905,0.619,0.4524,0.1905,0.119,0.0714,-12.8471
tfu_042_spark10_plus_limit_risk_raw_mfe,final_2026,2026-03,top1,22,22,14.5218,12.1294,0.5455,0.4545,0.2727,0.1818,0.2727,0.1818,-13.7173
tfu_042_spark10_plus_limit_risk_raw_mfe,final_2026,2026-03,top3,22,66,15.2626,10.6444,0.5152,0.4091,0.303,0.1515,0.2879,0.2576,-12.9289
tfu_042_spark10_plus_limit_risk_raw_mfe,final_2026,2026-04,top1,8,8,17.517,16.3163,0.625,0.625,0.375,0.25,0.25,0.25,-10.5895
tfu_042_spark10_plus_limit_risk_raw_mfe,final_2026,2026-04,top3,8,24,17.0837,10.7345,0.5833,0.4583,0.2917,0.1667,0.25,0.2083,-8.6042
tfu_043_v2_full_spark10_opportunity,internal_a,2025-10,top1,17,17,50.9043,46.9396,1.0,0.9412,0.8824,0.7647,0.0,0.0,-5.2064
tfu_043_v2_full_spark10_opportunity,internal_a,2025-10,top3,17,51,46.1204,46.9396,0.8039,0.7843,0.7451,0.6471,0.0784,0.0784,-6.9461
tfu_043_v2_full_spark10_opportunity,internal_a,2025-11,top1,20,20,29.152,20.8818,0.8,0.7,0.65,0.35,0.15,0.15,-9.9407
tfu_043_v2_full_spark10_opportunity,internal_a,2025-11,top3,20,60,32.3857,21.6035,0.7333,0.6833,0.6167,0.4,0.1333,0.1333,-10.1759
tfu_043_v2_full_spark10_opportunity,internal_b,2025-12,top1,23,23,40.6598,30.2171,0.8261,0.7391,0.6957,0.5217,0.0435,0.0435,-6.8422
tfu_043_v2_full_spark10_opportunity,internal_b,2025-12,top3,23,69,42.5535,36.3873,0.8406,0.7826,0.7391,0.5797,0.058,0.058,-5.7519
tfu_043_v2_full_spark10_opportunity,final_2026,2026-01,top1,20,20,21.8179,13.4443,0.6,0.45,0.4,0.25,0.15,0.15,-9.3838
tfu_043_v2_full_spark10_opportunity,final_2026,2026-01,top3,20,60,20.1983,15.6568,0.65,0.5167,0.4667,0.1833,0.1833,0.15,-8.8969
tfu_043_v2_full_spark10_opportunity,final_2026,2026-02,top1,14,14,26.9705,26.5637,0.7143,0.7143,0.5714,0.3571,0.1429,0.0714,-9.2302
tfu_043_v2_full_spark10_opportunity,final_2026,2026-02,top3,14,42,17.1491,13.6687,0.5476,0.4762,0.3095,0.1429,0.1667,0.1429,-11.341
tfu_043_v2_full_spark10_opportunity,final_2026,2026-03,top1,22,22,25.189,10.9473,0.5,0.4545,0.4545,0.3636,0.3636,0.3636,-13.0772
tfu_043_v2_full_spark10_opportunity,final_2026,2026-03,top3,22,66,17.1376,7.5805,0.4545,0.3182,0.2879,0.2424,0.3939,0.3939,-15.2497
tfu_043_v2_full_spark10_opportunity,final_2026,2026-04,top1,8,8,45.3184,53.6199,0.75,0.75,0.625,0.625,0.125,0.125,-8.0806
tfu_043_v2_full_spark10_opportunity,final_2026,2026-04,top3,8,24,29.3401,16.0034,0.5417,0.5,0.4583,0.375,0.2083,0.2083,-9.6409
tfu_044_v2_full_stable_opportunity,internal_a,2025-10,top1,17,17,41.6439,27.6991,0.8824,0.8235,0.7647,0.4706,0.0,0.0,-5.964
tfu_044_v2_full_stable_opportunity,internal_a,2025-10,top3,17,51,32.8742,24.5492,0.8039,0.7059,0.6471,0.4118,0.1373,0.098,-6.6889
tfu_044_v2_full_stable_opportunity,internal_a,2025-11,top1,20,20,39.4934,18.1282,0.8,0.65,0.45,0.35,0.15,0.1,-8.7198
tfu_044_v2_full_stable_opportunity,internal_a,2025-11,top3,20,60,26.3434,16.291,0.6167,0.5167,0.4333,0.2667,0.2333,0.2167,-8.2356
tfu_044_v2_full_stable_opportunity,internal_b,2025-12,top1,23,23,40.0619,19.9937,0.8261,0.6522,0.4783,0.2609,0.0435,0.0435,-4.0762
tfu_044_v2_full_stable_opportunity,internal_b,2025-12,top3,23,69,32.5636,20.2703,0.8261,0.6522,0.5072,0.2609,0.029,0.029,-4.5125
tfu_044_v2_full_stable_opportunity,final_2026,2026-01,top1,20,20,20.2091,13.1618,0.6,0.45,0.35,0.2,0.15,0.05,-5.272
tfu_044_v2_full_stable_opportunity,final_2026,2026-01,top3,20,60,17.5623,11.9776,0.6,0.4,0.2833,0.1667,0.1833,0.1167,-5.8778
tfu_044_v2_full_stable_opportunity,final_2026,2026-02,top1,14,14,23.2437,9.0242,0.4286,0.2857,0.2857,0.0714,0.2857,0.2857,-11.2445
tfu_044_v2_full_stable_opportunity,final_2026,2026-02,top3,14,42,17.6888,9.4728,0.4762,0.2619,0.2381,0.0714,0.2381,0.2143,-9.4884
tfu_044_v2_full_stable_opportunity,final_2026,2026-03,top1,22,22,8.4875,3.8284,0.2273,0.1818,0.0909,0.0455,0.5909,0.5909,-12.241
tfu_044_v2_full_stable_opportunity,final_2026,2026-03,top3,22,66,11.5534,4.8864,0.3182,0.2424,0.1818,0.0606,0.5152,0.4697,-10.8764
tfu_044_v2_full_stable_opportunity,final_2026,2026-04,top1,8,8,25.7102,20.0908,0.625,0.625,0.5,0.375,0.125,0.125,-4.9207
tfu_044_v2_full_stable_opportunity,final_2026,2026-04,top3,8,24,20.8002,13.6571,0.625,0.4583,0.3333,0.25,0.0833,0.0833,-4.7654
tfu_045_v2_full_hit15,internal_a,2025-10,top1,17,17,34.697,33.2526,0.8235,0.8235,0.8235,0.5294,0.1176,0.1176,-6.9088
tfu_045_v2_full_hit15,internal_a,2025-10,top3,17,51,35.6848,26.4669,0.7059,0.6275,0.5882,0.4706,0.1569,0.1569,-8.2337
tfu_045_v2_full_hit15,internal_a,2025-11,top1,20,20,29.9009,20.8475,0.8,0.65,0.6,0.35,0.05,0.05,-10.0317
tfu_045_v2_full_hit15,internal_a,2025-11,top3,20,60,35.2101,20.8475,0.7333,0.6167,0.55,0.3833,0.1167,0.1167,-11.2033
tfu_045_v2_full_hit15,internal_b,2025-12,top1,23,23,39.7823,24.4032,0.913,0.8261,0.6957,0.4783,0.0435,0.0435,-5.9557
tfu_045_v2_full_hit15,internal_b,2025-12,top3,23,69,29.534,20.9593,0.6812,0.5942,0.5072,0.2754,0.1594,0.1594,-8.4669
tfu_045_v2_full_hit15,final_2026,2026-01,top1,20,20,19.4658,11.9776,0.55,0.3,0.2,0.15,0.25,0.15,-6.8735
tfu_045_v2_full_hit15,final_2026,2026-01,top3,20,60,20.7291,15.3987,0.6333,0.5167,0.3833,0.2,0.2167,0.1333,-6.7298
tfu_045_v2_full_hit15,final_2026,2026-02,top1,14,14,26.5616,13.3821,0.6429,0.3571,0.3571,0.1429,0.1429,0.1429,-11.7549
tfu_045_v2_full_hit15,final_2026,2026-02,top3,14,42,21.093,13.3821,0.5952,0.4286,0.3333,0.1905,0.2381,0.1905,-10.2887
tfu_045_v2_full_hit15,final_2026,2026-03,top1,22,22,24.8273,21.7059,0.7273,0.6364,0.5,0.3182,0.1364,0.1364,-13.24
tfu_045_v2_full_hit15,final_2026,2026-03,top3,22,66,15.7809,9.8206,0.5,0.3485,0.2879,0.1667,0.3485,0.3333,-14.0188
tfu_045_v2_full_hit15,final_2026,2026-04,top1,8,8,56.5264,53.3542,1.0,1.0,0.75,0.625,0.0,0.0,-6.6352
tfu_045_v2_full_hit15,final_2026,2026-04,top3,8,24,44.0249,27.9203,0.75,0.7083,0.625,0.4583,0.0417,0.0417,-8.267
tfu_046_v2_full_hit20,internal_a,2025-10,top1,17,17,34.898,29.8197,0.7647,0.7647,0.7647,0.4706,0.1176,0.1176,-6.4611
tfu_046_v2_full_hit20,internal_a,2025-10,top3,17,51,42.1813,29.8197,0.7255,0.6667,0.6471,0.4902,0.1373,0.1373,-7.2888
tfu_046_v2_full_hit20,internal_a,2025-11,top1,20,20,42.4589,19.2974,0.85,0.7,0.5,0.45,0.05,0.05,-12.0662
tfu_046_v2_full_hit20,internal_a,2025-11,top3,20,60,35.7699,20.7398,0.8,0.65,0.5167,0.3833,0.0667,0.0667,-10.844
tfu_046_v2_full_hit20,internal_b,2025-12,top1,23,23,29.4273,19.5971,0.8261,0.7391,0.4783,0.3478,0.087,0.087,-5.8026
tfu_046_v2_full_hit20,internal_b,2025-12,top3,23,69,26.6314,16.3793,0.6667,0.5217,0.4203,0.2754,0.1739,0.1739,-7.1934
tfu_046_v2_full_hit20,final_2026,2026-01,top1,20,20,22.1257,12.0761,0.6,0.4,0.25,0.15,0.3,0.2,-7.019
tfu_046_v2_full_hit20,final_2026,2026-01,top3,20,60,23.1083,15.4139,0.7,0.5333,0.3667,0.2167,0.2167,0.15,-6.9152
tfu_046_v2_full_hit20,final_2026,2026-02,top1,14,14,16.361,8.9842,0.4286,0.3571,0.2143,0.1429,0.2857,0.2857,-11.042
tfu_046_v2_full_hit20,final_2026,2026-02,top3,14,42,14.0751,9.8431,0.4762,0.3571,0.2381,0.0476,0.1905,0.1905,-10.9864
tfu_046_v2_full_hit20,final_2026,2026-03,top1,22,22,21.6075,14.6702,0.5909,0.4545,0.4545,0.3182,0.2273,0.2273,-14.4101
tfu_046_v2_full_hit20,final_2026,2026-03,top3,22,66,16.9519,8.152,0.4545,0.3333,0.3182,0.2424,0.4091,0.4091,-15.3129
tfu_046_v2_full_hit20,final_2026,2026-04,top1,8,8,27.2201,25.4534,0.875,0.75,0.625,0.375,0.125,0.125,-8.2767
tfu_046_v2_full_hit20,final_2026,2026-04,top3,8,24,33.7722,24.8081,0.8333,0.7917,0.6667,0.4167,0.0833,0.0833,-7.5233
tfu_047_v2_full_rank_score,internal_a,2025-10,top1,17,17,32.163,29.1616,0.8824,0.7647,0.7647,0.4706,0.0588,0.0,-4.6037
tfu_047_v2_full_rank_score,internal_a,2025-10,top3,17,51,41.626,39.1924,0.9216,0.8627,0.8039,0.6078,0.0588,0.0392,-5.6599
tfu_047_v2_full_rank_score,internal_a,2025-11,top1,20,20,29.3468,20.9873,0.85,0.7,0.55,0.35,0.0,0.0,-10.5093
tfu_047_v2_full_rank_score,internal_a,2025-11,top3,20,60,33.2686,26.7367,0.8167,0.7333,0.6833,0.4333,0.0333,0.0167,-9.3747
tfu_047_v2_full_rank_score,internal_b,2025-12,top1,23,23,30.7029,22.6396,0.8261,0.5652,0.5652,0.4348,0.0,0.0,-5.5489
tfu_047_v2_full_rank_score,internal_b,2025-12,top3,23,69,37.936,33.7857,0.8696,0.7101,0.6812,0.5507,0.0145,0.0145,-4.8781
tfu_047_v2_full_rank_score,final_2026,2026-01,top1,20,20,16.9625,12.9456,0.65,0.4,0.2,0.15,0.15,0.05,-6.1383
tfu_047_v2_full_rank_score,final_2026,2026-01,top3,20,60,19.8004,13.5959,0.6333,0.4333,0.2833,0.2,0.1667,0.1333,-7.3305
tfu_047_v2_full_rank_score,final_2026,2026-02,top1,14,14,16.2458,13.6873,0.8571,0.4286,0.3571,0.0714,0.0714,0.0714,-10.0279
tfu_047_v2_full_rank_score,final_2026,2026-02,top3,14,42,17.0322,13.4312,0.7381,0.4524,0.3333,0.0952,0.119,0.119,-9.4906
tfu_047_v2_full_rank_score,final_2026,2026-03,top1,22,22,22.0233,14.5554,0.5909,0.4545,0.3636,0.3182,0.3182,0.3182,-10.0588
tfu_047_v2_full_rank_score,final_2026,2026-03,top3,22,66,17.1409,9.2302,0.4545,0.3182,0.2727,0.2121,0.3939,0.3939,-11.2681
tfu_047_v2_full_rank_score,final_2026,2026-04,top1,8,8,48.756,45.976,0.875,0.75,0.625,0.5,0.0,0.0,-2.3549
tfu_047_v2_full_rank_score,final_2026,2026-04,top3,8,24,32.3403,23.46,0.9167,0.75,0.7083,0.3333,0.0,0.0,-3.5313
tfu_048_v2_full_tail_rank,internal_a,2025-10,top1,17,17,45.3897,47.4569,0.9412,0.8824,0.8824,0.7059,0.0,0.0,-5.306
tfu_048_v2_full_tail_rank,internal_a,2025-10,top3,17,51,40.4235,39.1784,0.8627,0.8431,0.8039,0.6275,0.0588,0.0588,-5.9254
tfu_048_v2_full_tail_rank,internal_a,2025-11,top1,20,20,38.2191,35.2802,0.9,0.8,0.7,0.5,0.1,0.1,-7.9514
tfu_048_v2_full_tail_rank,internal_a,2025-11,top3,20,60,38.9855,29.2677,0.9167,0.7833,0.6833,0.4667,0.0833,0.0833,-8.4096
tfu_048_v2_full_tail_rank,internal_b,2025-12,top1,23,23,30.9448,23.6207,0.913,0.6522,0.6087,0.4348,0.0,0.0,-3.7655
tfu_048_v2_full_tail_rank,internal_b,2025-12,top3,23,69,35.1069,27.0903,0.8986,0.7391,0.7101,0.4348,0.0145,0.0145,-4.7905
tfu_048_v2_full_tail_rank,final_2026,2026-01,top1,20,20,13.3795,12.8374,0.6,0.45,0.25,0.0,0.1,0.1,-6.7559
tfu_048_v2_full_tail_rank,final_2026,2026-01,top3,20,60,19.4776,13.1322,0.5833,0.4333,0.3,0.1333,0.1167,0.0833,-6.7273
tfu_048_v2_full_tail_rank,final_2026,2026-02,top1,14,14,16.248,9.0569,0.4286,0.2857,0.2857,0.1429,0.4286,0.2857,-11.8505
tfu_048_v2_full_tail_rank,final_2026,2026-02,top3,14,42,17.2841,10.941,0.5952,0.4524,0.3095,0.1667,0.1905,0.1429,-9.5224
tfu_048_v2_full_tail_rank,final_2026,2026-03,top1,22,22,19.7537,11.8155,0.5455,0.3636,0.3182,0.3182,0.4091,0.4091,-11.9193
tfu_048_v2_full_tail_rank,final_2026,2026-03,top3,22,66,18.4153,12.1483,0.5303,0.4242,0.3636,0.2424,0.3636,0.3636,-12.0628
tfu_048_v2_full_tail_rank,final_2026,2026-04,top1,8,8,32.2427,21.2211,0.875,0.75,0.625,0.375,0.0,0.0,-4.7246
tfu_048_v2_full_tail_rank,final_2026,2026-04,top3,8,24,27.5013,24.0082,0.6667,0.625,0.5833,0.4167,0.0833,0.0833,-6.4909
tfu_049_v2_full_raw_mfe,internal_a,2025-10,top1,17,17,52.6783,42.3521,0.8824,0.8235,0.8235,0.7647,0.0,0.0,-5.1569
tfu_049_v2_full_raw_mfe,internal_a,2025-10,top3,17,51,63.7233,53.9309,0.902,0.8627,0.8627,0.7647,0.0392,0.0392,-5.5042
tfu_049_v2_full_raw_mfe,internal_a,2025-11,top1,20,20,35.7192,24.9665,0.9,0.8,0.75,0.4,0.0,0.0,-11.0513
tfu_049_v2_full_raw_mfe,internal_a,2025-11,top3,20,60,38.6953,28.3107,0.9,0.8333,0.7667,0.45,0.05,0.05,-8.5661
tfu_049_v2_full_raw_mfe,internal_b,2025-12,top1,23,23,43.0717,36.3873,0.8261,0.8261,0.7391,0.6957,0.1304,0.0,-5.1381
tfu_049_v2_full_raw_mfe,internal_b,2025-12,top3,23,69,38.743,33.9339,0.8116,0.7391,0.6812,0.5217,0.1014,0.0435,-5.2838
tfu_049_v2_full_raw_mfe,final_2026,2026-01,top1,20,20,28.052,18.9574,0.65,0.6,0.5,0.2,0.25,0.2,-8.5781
tfu_049_v2_full_raw_mfe,final_2026,2026-01,top3,20,60,25.4848,14.1003,0.6167,0.4667,0.3833,0.2167,0.2167,0.1833,-8.0676
tfu_049_v2_full_raw_mfe,final_2026,2026-02,top1,14,14,17.1338,15.5487,0.6429,0.5,0.2857,0.1429,0.3571,0.3571,-9.9601
tfu_049_v2_full_raw_mfe,final_2026,2026-02,top3,14,42,15.7689,12.2285,0.5952,0.4286,0.2143,0.119,0.3095,0.2619,-10.9972
tfu_049_v2_full_raw_mfe,final_2026,2026-03,top1,22,22,28.7952,21.9784,0.6364,0.5455,0.5455,0.4091,0.2273,0.2273,-11.1546
tfu_049_v2_full_raw_mfe,final_2026,2026-03,top3,22,66,18.4102,10.7085,0.5,0.4394,0.3636,0.2121,0.3182,0.3182,-13.639
tfu_049_v2_full_raw_mfe,final_2026,2026-04,top1,8,8,23.2326,20.4707,0.625,0.625,0.5,0.25,0.375,0.375,-7.0146
tfu_049_v2_full_raw_mfe,final_2026,2026-04,top3,8,24,30.4923,26.8218,0.7917,0.7917,0.625,0.3333,0.1667,0.1667,-5.4382
