discovery_date,symbol,rank,setup_score,pre20_return_pct,pre20_super_price_divergence,pre20_main_price_divergence,pre5_return_pct,pre5_super_price_divergence,launch_start_date,launch_end_date,pullback_confirm_date,pullback_confirm_reason,launch3_return_pct,launch3_max_drawdown_pct,launch3_super_net_ratio,launch3_main_net_ratio,launch3_add_buy_ratio,pullback_super_net_ratio,pullback_main_net_ratio,pullback_support_spread_avg,pullback_depth_from_launch_peak_pct,confirm_distribution_score,overheat_return_pct,overheat_active_buy_strength,overheat_amount_anomaly,overheat_main_net_ratio,overheat_super_net_ratio,entry_overheated,entry_signal_date,entry_date,gross_entry_price,entry_price,exit_signal_date,exit_date,gross_exit_price,exit_price,return_pct,net_return_pct,max_runup_pct,max_drawdown_pct,holding_days,exit_reason,final_cum_super_ratio,final_cum_main_ratio,final_super_pos_day_ratio,final_main_pos_day_ratio
2026-03-02,sz002558,1,97.6,-19.71,0.18799,0.16851,-11.46,0.10454,2026-03-09,2026-03-11,2026-03-12,pullback_absorption_confirm,6.67,0.0,0.0141,0.07858,1.35171,-0.00662,0.02833,0.12701,-6.62,22.0,-2.81,3.0866,0.9732,0.03969,0.0101,False,2026-03-12,2026-03-13,36.93,37.0223,2026-03-19,2026-03-20,33.0,32.9175,-10.64,-11.09,0.84,-12.73,5,flow_confirmed_stop,-0.0183,-0.02858,0.4,0.4
2026-03-02,sz002865,3,88.01,-13.46,0.13437,0.11866,-3.69,0.08566,2026-03-04,2026-03-06,2026-03-18,pullback_absorption_confirm,10.07,0.0,0.09893,0.10589,1.6158,0.00725,0.02548,-0.13093,-16.48,38.0,-5.15,-0.8314,0.7888,-0.00026,-0.00381,False,2026-03-18,2026-03-19,83.51,83.7188,2026-03-24,2026-03-25,77.45,77.2564,-7.26,-7.72,9.22,-13.35,4,cum_flow_exit,-0.00145,-0.03,0.25,0.25
2026-03-02,sz002759,5,85.66,-13.18,0.14817,0.1308,-13.51,0.14537,2026-03-09,2026-03-11,2026-03-13,pullback_absorption_confirm,8.02,0.0,0.0105,0.05434,1.40279,0.01403,0.01224,-0.17342,-5.74,38.0,-0.24,-4.1073,0.7472,-0.01862,-0.01188,False,2026-03-13,2026-03-16,36.63,36.7216,2026-03-19,2026-03-20,33.0,32.9175,-9.91,-10.36,5.98,-11.49,4,flow_confirmed_stop,-0.0314,-0.0666,0.25,0.25
2026-03-02,sh600370,7,83.89,-14.23,0.16965,0.12653,-16.73,0.23656,2026-03-05,2026-03-09,2026-03-10,pullback_absorption_confirm,4.09,-0.87,0.01041,0.02154,1.17565,0.01238,-0.03486,0.21601,-8.61,56.92,-3.02,1.9753,0.7319,0.05165,0.00441,False,2026-03-10,2026-03-11,2.25,2.2556,2026-04-24,2026-04-24,2.64,2.6334,17.33,16.75,71.56,-2.67,30,window_end,-0.00565,-0.03031,0.4667,0.3667
2026-03-02,sz002326,9,79.4,-9.4,0.09074,0.08799,-14.29,0.14882,2026-03-09,2026-03-11,2026-03-25,pullback_absorption_confirm,4.46,0.0,0.00207,0.02791,1.4102,-0.04771,-0.05288,0.03006,-14.0,22.0,-8.72,-3.1254,0.6901,-0.03145,-0.0291,False,2026-03-25,2026-03-26,22.1,22.1552,2026-04-07,2026-04-08,22.65,22.5934,2.49,1.98,8.01,-1.0,8,cum_flow_exit,-0.01464,-0.01578,0.25,0.25
2026-03-03,sz002558,2,84.61,-21.89,0.2153,0.19874,-5.76,0.04074,2026-03-09,2026-03-11,2026-03-12,pullback_absorption_confirm,6.67,0.0,0.0141,0.07858,1.35171,-0.00662,0.02833,0.12701,-6.62,22.0,-0.19,3.1648,0.9821,0.0415,0.01004,False,2026-03-12,2026-03-13,36.93,37.0223,2026-03-19,2026-03-20,33.0,32.9175,-10.64,-11.09,0.84,-12.73,5,flow_confirmed_stop,-0.0183,-0.02858,0.4,0.4
2026-03-04,sz001309,4,88.85,-17.8,0.15887,0.16636,-8.79,0.02694,2026-03-04,2026-03-06,2026-03-09,pullback_absorption_confirm,7.77,0.0,0.09847,0.06049,1.90137,0.08069,0.1008,0.10696,-5.15,13.26,11.3,7.1571,1.9788,0.0708,0.09392,False,2026-03-09,2026-03-10,288.0,288.72,2026-04-24,2026-04-24,489.88,488.6553,70.1,69.25,89.21,-2.43,31,window_end,-0.01704,-0.02675,0.3871,0.3871
2026-03-04,sz002865,6,88.04,-15.89,0.16334,0.14496,-3.66,0.06184,2026-03-04,2026-03-06,2026-03-18,pullback_absorption_confirm,10.07,0.0,0.09893,0.10589,1.6158,0.00725,0.02548,-0.13093,-16.48,38.0,2.48,0.3099,0.7678,0.01761,0.01136,False,2026-03-18,2026-03-19,83.51,83.7188,2026-03-24,2026-03-25,77.45,77.2564,-7.26,-7.72,9.22,-13.35,4,cum_flow_exit,-0.00145,-0.03,0.25,0.25
2026-03-04,sh601615,7,87.18,-20.86,0.19329,0.1632,-11.15,0.09287,2026-03-06,2026-03-10,2026-03-12,pullback_absorption_confirm,4.79,0.0,0.02402,0.0714,0.88421,0.07436,0.1011,-0.09577,-3.82,50.4,11.38,4.8031,0.6195,0.05426,0.03179,False,2026-03-12,2026-03-13,22.6,22.6565,2026-03-19,2026-03-20,19.61,19.561,-13.23,-13.66,2.35,-14.82,5,flow_confirmed_stop,-0.00665,-0.01572,0.6,0.4
2026-03-04,sz002558,8,85.95,-19.66,0.19376,0.18007,-6.86,0.05781,2026-03-09,2026-03-11,2026-03-12,pullback_absorption_confirm,6.67,0.0,0.0141,0.07858,1.35171,-0.00662,0.02833,0.12701,-6.62,22.0,0.9,3.0753,0.98,0.04204,0.00929,False,2026-03-12,2026-03-13,36.93,37.0223,2026-03-19,2026-03-20,33.0,32.9175,-10.64,-11.09,0.84,-12.73,5,flow_confirmed_stop,-0.0183,-0.02858,0.4,0.4
2026-03-04,sz002654,10,85.01,-14.34,0.1223,0.11205,-13.79,0.08652,2026-03-04,2026-03-06,2026-03-09,pullback_absorption_confirm,9.82,0.0,0.03419,0.04805,1.44689,-0.04653,-0.08389,0.09127,-7.84,55.47,9.6,-0.1261,1.0809,0.01593,0.01454,False,2026-03-09,2026-03-10,14.94,14.9773,2026-03-20,2026-03-23,14.58,14.5436,-2.41,-2.9,11.85,-0.74,9,cum_flow_exit,0.0193,0.01242,0.3333,0.4444
2026-03-05,sh601615,1,97.17,-16.79,0.14875,0.12141,-13.81,0.12665,2026-03-06,2026-03-10,2026-03-12,pullback_absorption_confirm,4.79,0.0,0.02402,0.0714,0.88421,0.07436,0.1011,-0.09577,-3.82,50.4,9.6,6.6717,0.6423,0.0727,0.03787,False,2026-03-12,2026-03-13,22.6,22.6565,2026-03-19,2026-03-20,19.61,19.561,-13.23,-13.66,2.35,-14.82,5,flow_confirmed_stop,-0.00665,-0.01572,0.6,0.4
2026-03-05,sh600602,2,91.75,-11.37,0.10771,0.09775,-7.81,0.12678,2026-03-05,2026-03-09,2026-03-18,pullback_absorption_confirm,12.42,0.0,0.17624,0.14632,2.0526,0.08382,0.10191,-0.01404,-10.06,52.0,14.19,1.8667,1.4018,0.01836,0.03482,False,2026-03-18,2026-03-19,22.32,22.3758,2026-03-24,2026-03-25,21.38,21.3266,-4.21,-4.69,4.39,-9.95,4,cum_flow_exit,-0.0213,-0.04976,0.25,0.25
2026-03-05,sh600481,6,88.97,-18.14,0.17735,0.15081,-12.87,0.17484,2026-03-06,2026-03-10,2026-03-23,pullback_absorption_confirm,4.05,0.0,-0.00185,0.01005,0.86298,0.04471,0.08925,-0.07614,-16.27,52.0,-6.14,-3.4299,0.6156,-0.0152,-0.00719,False,2026-03-23,2026-03-24,7.3,7.3182,2026-03-27,2026-03-30,6.87,6.8528,-5.89,-6.36,3.84,-6.99,4,cum_flow_exit,-0.02966,-0.09404,0.0,0.0
2026-03-06,sz002165,1,92.48,-13.08,0.13368,0.10041,-13.35,0.1167,2026-03-11,2026-03-13,2026-03-17,pullback_absorption_confirm,6.96,-2.77,0.15161,0.15958,1.60949,0.02484,0.04379,-0.09789,-6.74,37.66,4.75,7.4587,1.0737,0.05247,0.0682,False,2026-03-17,2026-03-18,12.38,12.4109,2026-03-19,2026-03-20,10.67,10.6433,-13.81,-14.24,0.08,-10.42,2,flow_confirmed_stop,-0.0507,-0.12143,0.0,0.0
2026-03-06,sz002558,10,85.31,-19.33,0.19238,0.18067,-4.37,0.05363,2026-03-09,2026-03-11,2026-03-12,pullback_absorption_confirm,6.67,0.0,0.0141,0.07858,1.35171,-0.00662,0.02833,0.12701,-6.62,22.0,0.93,5.9481,1.0639,0.06582,0.00755,False,2026-03-12,2026-03-13,36.93,37.0223,2026-03-19,2026-03-20,33.0,32.9175,-10.64,-11.09,0.84,-12.73,5,flow_confirmed_stop,-0.0183,-0.02858,0.4,0.4
2026-03-09,sz002565,5,86.97,-12.87,0.1268,0.09753,-10.62,0.0501,2026-03-13,2026-03-17,2026-03-18,pullback_absorption_confirm,11.75,0.0,0.28902,0.19103,2.35126,0.17368,0.16113,0.46833,-3.8,12.0,11.33,3.254,0.9453,0.08239,0.11558,False,2026-03-18,2026-03-19,16.53,16.5713,2026-03-26,2026-03-27,14.2,14.1645,-14.1,-14.52,5.75,-11.07,6,cum_flow_exit,0.00507,-0.02847,0.1667,0.3333
2026-03-09,sz002558,9,82.23,-16.04,0.15984,0.14686,-3.71,0.0465,2026-03-09,2026-03-11,2026-03-12,pullback_absorption_confirm,6.67,0.0,0.0141,0.07858,1.35171,-0.00662,0.02833,0.12701,-6.62,22.0,4.6,6.6823,1.1792,0.07039,0.01073,False,2026-03-12,2026-03-13,36.93,37.0223,2026-03-19,2026-03-20,33.0,32.9175,-10.64,-11.09,0.84,-12.73,5,flow_confirmed_stop,-0.0183,-0.02858,0.4,0.4
2026-03-10,sz001270,8,81.68,-27.06,0.23279,0.18799,-11.32,0.03619,2026-03-17,2026-03-19,2026-03-26,pullback_absorption_confirm,6.79,0.0,0.0412,0.02593,1.61634,0.01249,0.0393,0.03087,-16.87,22.0,-12.35,-3.5437,0.8175,-0.03662,-0.02448,False,2026-03-26,2026-03-27,105.01,105.2725,2026-04-07,2026-04-08,114.0,113.715,8.56,8.02,14.75,-4.01,7,cum_flow_exit,-0.00873,-0.03114,0.4286,0.1429
2026-03-11,sz002512,1,92.13,-27.5,0.27746,0.25774,-18.57,0.5702,2026-03-11,2026-03-13,2026-03-16,pullback_absorption_confirm,5.56,0.0,-0.00164,0.04762,1.44278,0.06115,0.19953,0.58161,-6.5,12.0,10.88,10.0929,2.8239,0.08079,0.01207,False,2026-03-16,2026-03-17,4.79,4.802,2026-03-19,2026-03-20,4.09,4.0798,-14.61,-15.04,1.04,-13.57,3,flow_confirmed_stop,-0.13889,-0.21483,0.0,0.0
2026-03-11,sz002165,7,70.5,-17.28,0.16585,0.13009,3.64,0.02224,2026-03-11,2026-03-13,2026-03-17,pullback_absorption_confirm,6.96,-2.77,0.15161,0.15958,1.60949,0.02484,0.04379,-0.09789,-6.74,37.66,7.21,7.376,1.3527,0.05777,0.06014,False,2026-03-17,2026-03-18,12.38,12.4109,2026-03-19,2026-03-20,10.67,10.6433,-13.81,-14.24,0.08,-10.42,2,flow_confirmed_stop,-0.0507,-0.12143,0.0,0.0
2026-03-11,sh603737,10,70.27,-15.07,0.13427,0.14042,-4.76,0.03559,2026-03-12,2026-03-16,2026-03-18,pullback_absorption_confirm,4.46,0.0,0.02004,0.02867,0.91286,-0.00342,0.01927,-0.05196,-4.29,44.31,3.14,4.3374,1.0346,0.04115,0.03013,False,2026-03-18,2026-03-19,49.26,49.3831,2026-04-24,2026-04-24,43.58,43.471,-11.53,-11.97,8.36,-13.6,24,window_end,-0.00817,-0.02531,0.3333,0.375
2026-03-12,sh603992,4,75.84,-29.54,0.25729,0.23153,-6.64,0.06286,2026-03-13,2026-03-17,2026-03-18,pullback_absorption_confirm,4.03,-5.69,0.05826,0.08996,1.42499,0.02406,0.16161,0.19614,-4.74,36.0,2.52,11.9618,1.6935,0.12551,0.05629,False,2026-03-18,2026-03-19,32.48,32.5612,2026-04-21,2026-04-23,34.65,34.5634,6.68,6.15,20.75,-3.63,22,cum_flow_exit,-0.01878,-0.03221,0.2727,0.3182
2026-03-12,sh601015,6,72.38,-7.48,0.0889,0.07442,-7.66,0.04572,2026-03-17,2026-03-19,2026-03-20,pullback_absorption_confirm,5.76,-3.91,0.14028,0.11488,1.60454,0.01087,0.04743,-0.0214,-5.0,33.34,4.45,5.3793,1.2406,0.05693,0.06504,False,2026-03-20,2026-03-23,5.64,5.6541,2026-03-26,2026-03-27,5.04,5.0274,-10.64,-11.08,4.26,-11.88,4,cum_flow_exit,-0.02873,-0.05468,0.0,0.0
2026-03-13,sh605499,5,81.6,-17.74,0.17655,0.17287,-3.68,0.04127,2026-03-13,2026-03-17,2026-03-18,pullback_absorption_confirm,4.59,-0.56,0.02275,0.07377,1.11988,-0.01221,-0.03444,0.05788,-4.35,56.66,3.12,4.5075,1.0844,0.06114,0.01867,False,2026-03-18,2026-03-19,232.52,233.1013,2026-03-31,2026-04-01,207.91,207.3902,-10.58,-11.03,0.61,-11.74,9,flow_confirmed_stop,0.01221,-0.02253,0.6667,0.5556
2026-03-16,sz002517,1,96.88,-15.52,0.16693,0.15401,-9.95,0.09674,2026-03-23,2026-03-25,2026-03-26,pullback_absorption_confirm,5.08,0.0,0.01554,0.01141,1.41238,0.07551,0.01828,-0.03808,-4.2,35.71,-6.82,-0.3587,0.67,-0.00025,0.02261,False,2026-03-26,2026-03-27,17.69,17.7342,2026-04-23,2026-04-24,17.21,17.167,-2.71,-3.2,16.11,-2.2,17,cum_flow_exit,-0.01592,-0.02991,0.4118,0.5882
2026-03-16,sz002131,9,79.15,-10.94,0.10107,0.06719,-10.22,0.04762,2026-03-23,2026-03-25,2026-03-27,pullback_absorption_confirm,7.53,0.0,0.02853,0.0323,1.46087,0.00786,0.02824,-0.24745,-5.16,38.0,-1.02,-2.5621,0.6081,-0.0186,-0.0038,False,2026-03-27,2026-03-30,7.59,7.609,2026-04-02,2026-04-03,7.44,7.4214,-1.98,-2.47,6.85,-2.5,4,cum_flow_exit,-0.01842,-0.06064,0.5,0.25
2026-03-16,sz002519,10,79.12,-13.36,0.12828,0.10137,-8.92,0.07033,2026-03-20,2026-03-24,2026-03-27,pullback_absorption_confirm,4.49,-5.01,0.13957,0.08579,2.25421,0.04677,0.05495,-0.25756,-3.98,38.0,0.36,-0.5897,0.6399,0.0053,0.03478,False,2026-03-27,2026-03-30,8.14,8.1603,2026-04-02,2026-04-03,8.03,8.0099,-1.35,-1.84,9.95,-3.56,4,cum_flow_exit,0.00552,-0.02943,0.5,0.25
2026-03-17,sz002517,1,100.0,-21.33,0.22519,0.21033,-11.35,0.11441,2026-03-23,2026-03-25,2026-03-26,pullback_absorption_confirm,5.08,0.0,0.01554,0.01141,1.41238,0.07551,0.01828,-0.03808,-4.2,35.71,-7.49,-0.1257,0.6634,0.00345,0.02304,False,2026-03-26,2026-03-27,17.69,17.7342,2026-04-23,2026-04-24,17.21,17.167,-2.71,-3.2,16.11,-2.2,17,cum_flow_exit,-0.01592,-0.02991,0.4118,0.5882
2026-03-17,sh600481,3,95.4,-31.89,0.30029,0.26474,-11.29,0.09047,2026-03-19,2026-03-23,2026-04-08,pullback_absorption_confirm,4.81,0.0,0.03287,0.05223,0.90414,0.00957,0.00393,-0.03021,-16.89,52.0,-7.22,-4.9349,0.6819,-0.03082,-0.00861,False,2026-04-08,2026-04-09,6.48,6.4962,2026-04-15,2026-04-17,6.43,6.4139,-0.77,-1.27,1.85,-3.55,5,cum_flow_exit,-0.02832,-0.03082,0.2,0.2
2026-03-17,sh603881,4,92.97,-14.58,0.13236,0.11604,-9.55,0.06407,2026-03-17,2026-03-19,2026-03-25,pullback_absorption_confirm,12.38,0.0,0.09605,0.07419,1.83128,0.03082,0.04516,-0.07034,-14.55,52.0,8.75,3.5799,1.0567,0.02273,0.0405,False,2026-03-25,2026-03-26,37.92,38.0148,2026-04-24,2026-04-24,37.92,37.8252,0.0,-0.5,9.97,-6.12,19,window_end,-0.01075,-0.03666,0.4211,0.4211
2026-03-17,sz000506,6,88.96,-11.16,0.10792,0.08946,-14.51,0.12078,2026-03-23,2026-03-25,2026-03-30,pullback_absorption_confirm,7.85,0.0,0.02236,0.01887,1.3595,0.00399,0.02404,0.03746,-7.62,12.0,-4.82,-1.9601,0.6839,-0.00817,0.00085,False,2026-03-30,2026-03-31,17.19,17.233,2026-04-03,2026-04-07,16.42,16.379,-4.48,-4.96,3.84,-4.71,4,cum_flow_exit,-0.01021,-0.01333,0.25,0.25
2026-03-17,sh605376,7,88.95,-17.11,0.1801,0.15216,-7.76,0.05268,2026-03-23,2026-03-25,2026-03-26,pullback_absorption_confirm,6.48,0.0,0.02705,0.02205,1.09117,-0.00585,0.0414,-0.02716,-5.49,40.9,-1.11,3.313,0.6406,0.03818,0.02065,False,2026-03-26,2026-03-27,89.6,89.824,2026-04-24,2026-04-24,118.01,117.715,31.71,31.05,41.74,-1.5,18,window_end,0.01451,0.02027,0.7222,0.6667
2026-03-17,sh600031,8,88.87,-12.32,0.12697,0.12237,-5.49,0.06739,2026-03-23,2026-03-25,2026-03-31,pullback_absorption_confirm,5.79,0.0,-0.0161,0.02908,0.9411,0.02805,0.06866,-0.01053,-6.29,52.0,-7.42,-0.5968,0.959,-0.00651,-0.01207,False,2026-03-31,2026-04-01,19.8,19.8495,2026-04-17,2026-04-20,20.08,20.0298,1.41,0.91,6.77,-1.77,11,cum_flow_exit,0.01149,-0.0046,0.4545,0.3636
2026-03-17,sh603979,10,87.84,-17.77,0.17274,0.15277,-9.79,0.08816,2026-03-23,2026-03-25,2026-03-26,pullback_absorption_confirm,11.51,0.0,0.03147,0.07667,0.88665,-0.06094,-0.02176,0.0332,-7.08,48.25,-2.2,3.262,1.2166,0.03982,0.00707,False,2026-03-26,2026-03-27,56.49,56.6312,2026-04-24,2026-04-24,62.51,62.3537,10.66,10.1,16.92,-2.25,18,window_end,0.0044,0.01133,0.5556,0.6667
2026-03-18,sz002361,1,95.03,-14.41,0.15323,0.12725,-10.91,0.12531,2026-03-24,2026-03-26,2026-03-27,pullback_absorption_confirm,11.71,0.0,0.13814,0.13531,1.83646,0.26169,0.23961,1.31472,-3.15,21.76,10.27,1.6443,0.8435,0.1104,0.12953,False,2026-03-27,2026-03-30,13.37,13.4034,2026-04-24,2026-04-24,21.46,21.4064,60.51,59.71,78.01,-1.2,17,window_end,0.03793,0.00778,0.7647,0.4118
2026-03-18,sz000425,3,94.22,-10.74,0.12489,0.1304,-12.2,0.1378,2026-03-23,2026-03-25,2026-03-27,pullback_absorption_confirm,4.97,0.0,0.01469,0.06644,1.44632,0.0096,0.13282,0.11549,-5.88,12.0,-4.0,4.4383,0.7683,0.03998,-0.00382,False,2026-03-27,2026-03-30,10.15,10.1754,2026-04-02,2026-04-03,10.3,10.2743,1.48,0.97,3.94,-3.65,4,cum_flow_exit,-0.01693,-0.04306,0.25,0.5
2026-03-18,sh600031,4,92.39,-13.21,0.14152,0.13563,-6.74,0.08478,2026-03-23,2026-03-25,2026-03-31,pullback_absorption_confirm,5.79,0.0,-0.0161,0.02908,0.9411,0.02805,0.06866,-0.01053,-6.29,52.0,-7.15,-2.0062,0.978,-0.01763,-0.0194,False,2026-03-31,2026-04-01,19.8,19.8495,2026-04-17,2026-04-20,20.08,20.0298,1.41,0.91,6.77,-1.77,11,cum_flow_exit,0.01149,-0.0046,0.4545,0.3636
2026-03-18,sh601168,6,92.06,-14.24,0.124,0.12538,-10.11,0.0623,2026-03-23,2026-03-25,2026-03-27,pullback_absorption_confirm,7.09,0.0,0.0313,0.01574,0.84205,0.0324,0.03364,0.01585,-7.97,29.11,-8.1,-2.0986,0.9002,-0.02712,0.00121,False,2026-03-27,2026-03-30,25.07,25.1327,2026-04-24,2026-04-24,29.08,29.0073,16.0,15.42,20.46,-1.28,17,window_end,0.01814,0.03506,0.5882,0.7647
2026-03-18,sh603979,7,91.96,-22.43,0.22041,0.20209,-10.76,0.10209,2026-03-23,2026-03-25,2026-03-26,pullback_absorption_confirm,11.51,0.0,0.03147,0.07667,0.88665,-0.06094,-0.02176,0.0332,-7.08,48.25,-0.64,3.157,1.2698,0.03981,0.00642,False,2026-03-26,2026-03-27,56.49,56.6312,2026-04-24,2026-04-24,62.51,62.3537,10.66,10.1,16.92,-2.25,18,window_end,0.0044,0.01133,0.5556,0.6667
2026-03-18,sh603881,8,91.89,-16.14,0.13954,0.12148,-8.83,0.0591,2026-03-23,2026-03-25,2026-03-27,pullback_absorption_confirm,8.5,0.0,0.01622,0.02288,0.91556,0.01816,-0.02839,0.00248,-7.93,53.03,-3.59,0.8774,1.0578,0.00587,0.0309,False,2026-03-27,2026-03-30,36.35,36.4409,2026-04-02,2026-04-03,37.01,36.9175,1.82,1.31,8.86,-1.68,4,cum_flow_exit,-0.00886,-0.01603,0.75,0.75
2026-03-18,sh603993,10,89.92,-16.33,0.12998,0.10454,-9.59,0.04563,2026-03-23,2026-03-25,2026-03-27,pullback_absorption_confirm,8.49,0.0,0.03712,0.0148,0.86978,0.04637,0.06506,-0.0655,-6.72,46.48,-9.43,-3.0333,0.9014,-0.04107,-0.00971,False,2026-03-27,2026-03-30,17.25,17.2931,2026-04-24,2026-04-24,19.37,19.3216,12.29,11.73,19.71,-1.62,17,window_end,0.00393,0.0061,0.4706,0.4118
2026-03-19,sh603979,1,92.67,-23.83,0.23254,0.21691,-9.6,0.08473,2026-03-23,2026-03-25,2026-03-26,pullback_absorption_confirm,11.51,0.0,0.03147,0.07667,0.88665,-0.06094,-0.02176,0.0332,-7.08,48.25,5.01,3.7395,1.2918,0.04548,0.00925,False,2026-03-26,2026-03-27,56.49,56.6312,2026-04-24,2026-04-24,62.51,62.3537,10.66,10.1,16.92,-2.25,18,window_end,0.0044,0.01133,0.5556,0.6667
2026-03-19,sz000425,2,88.04,-11.67,0.13694,0.14148,-6.28,0.07891,2026-03-23,2026-03-25,2026-03-27,pullback_absorption_confirm,4.97,0.0,0.01469,0.06644,1.44632,0.0096,0.13282,0.11549,-5.88,12.0,0.68,4.7069,0.7378,0.0428,-0.00891,False,2026-03-27,2026-03-30,10.15,10.1754,2026-04-02,2026-04-03,10.3,10.2743,1.48,0.97,3.94,-3.65,4,cum_flow_exit,-0.01693,-0.04306,0.25,0.5
2026-03-19,sz002493,4,86.96,-15.66,0.1646,0.14271,-7.54,0.09298,2026-03-23,2026-03-25,2026-03-26,pullback_absorption_confirm,5.85,0.0,0.02287,0.03691,1.42405,0.02705,0.00266,-0.04039,-3.45,36.54,2.78,-3.1564,0.8956,-0.06052,-0.05268,False,2026-03-26,2026-03-27,11.68,11.7092,2026-04-24,2026-04-24,12.11,12.0797,3.68,3.16,11.99,-0.86,18,window_end,-0.00966,-0.00991,0.4444,0.4444
2026-03-19,sh601168,5,83.48,-17.45,0.15629,0.15131,-9.85,0.06603,2026-03-23,2026-03-25,2026-03-27,pullback_absorption_confirm,7.09,0.0,0.0313,0.01574,0.84205,0.0324,0.03364,0.01585,-7.97,29.11,-3.1,-1.9317,0.9021,-0.02634,0.0004,False,2026-03-27,2026-03-30,25.07,25.1327,2026-04-24,2026-04-24,29.08,29.0073,16.0,15.42,20.46,-1.28,17,window_end,0.01814,0.03506,0.5882,0.7647
2026-03-19,sh603799,8,82.47,-19.31,0.17972,0.17189,-10.16,0.06077,2026-03-23,2026-03-25,2026-03-27,pullback_absorption_confirm,6.11,0.0,0.00089,0.01811,0.90251,0.04919,0.08284,-0.02032,-3.52,33.32,6.0,-0.302,1.1165,-0.00288,0.00275,False,2026-03-27,2026-03-30,59.0,59.1475,2026-04-02,2026-04-03,58.98,58.8325,-0.03,-0.53,3.03,-1.32,4,cum_flow_exit,-0.02084,-0.02141,0.25,0.5
2026-03-20,sz002407,1,98.9,-15.81,0.15322,0.13854,-16.82,0.13866,2026-03-24,2026-03-26,2026-03-27,pullback_absorption_confirm,5.74,0.0,0.01865,0.03076,1.37507,0.07595,0.0877,-0.133,-6.79,38.0,9.04,1.4026,1.0915,0.02649,0.0271,False,2026-03-27,2026-03-30,28.46,28.5312,2026-04-02,2026-04-03,28.16,28.0896,-1.05,-1.55,2.85,-5.02,4,cum_flow_exit,-0.0205,-0.04916,0.25,0.25
2026-03-20,sh603799,2,98.31,-22.06,0.20164,0.18571,-15.44,0.10293,2026-03-23,2026-03-25,2026-03-27,pullback_absorption_confirm,6.11,0.0,0.00089,0.01811,0.90251,0.04919,0.08284,-0.02032,-3.52,33.32,4.23,2.4184,1.0831,0.02979,0.02278,False,2026-03-27,2026-03-30,59.0,59.1475,2026-04-02,2026-04-03,58.98,58.8325,-0.03,-0.53,3.03,-1.32,4,cum_flow_exit,-0.02084,-0.02141,0.25,0.5
2026-03-20,sh601168,3,96.62,-18.14,0.16236,0.15322,-12.99,0.09814,2026-03-23,2026-03-25,2026-03-27,pullback_absorption_confirm,7.09,0.0,0.0313,0.01574,0.84205,0.0324,0.03364,0.01585,-7.97,29.11,-2.05,-0.444,0.8742,-0.00954,0.00851,False,2026-03-27,2026-03-30,25.07,25.1327,2026-04-24,2026-04-24,29.08,29.0073,16.0,15.42,20.46,-1.28,17,window_end,0.01814,0.03506,0.5882,0.7647
2026-03-20,sz000425,5,94.84,-13.06,0.14817,0.15608,-9.37,0.07908,2026-03-23,2026-03-25,2026-03-27,pullback_absorption_confirm,4.97,0.0,0.01469,0.06644,1.44632,0.0096,0.13282,0.11549,-5.88,12.0,-0.86,5.5289,0.7162,0.05216,-0.00417,False,2026-03-27,2026-03-30,10.15,10.1754,2026-04-02,2026-04-03,10.3,10.2743,1.48,0.97,3.94,-3.65,4,cum_flow_exit,-0.01693,-0.04306,0.25,0.5
2026-03-20,sh600711,7,93.55,-26.59,0.22401,0.17862,-13.77,0.09428,2026-03-24,2026-03-26,2026-03-27,pullback_absorption_confirm,5.14,-1.23,0.04477,0.04169,0.8373,0.06634,0.08326,-0.09764,-4.37,51.62,7.99,0.6372,1.1154,0.00828,0.0108,False,2026-03-27,2026-03-30,12.18,12.2104,2026-04-24,2026-04-24,14.14,14.1047,16.09,15.51,21.51,-1.07,17,window_end,0.00261,-0.00964,0.5882,0.5294
2026-03-20,sh603979,9,93.12,-25.17,0.24453,0.23026,-12.31,0.1256,2026-03-23,2026-03-25,2026-03-26,pullback_absorption_confirm,11.51,0.0,0.03147,0.07667,0.88665,-0.06094,-0.02176,0.0332,-7.08,48.25,3.37,4.3512,1.3068,0.05209,0.01101,False,2026-03-26,2026-03-27,56.49,56.6312,2026-04-24,2026-04-24,62.51,62.3537,10.66,10.1,16.92,-2.25,18,window_end,0.0044,0.01133,0.5556,0.6667
2026-03-23,sz002532,2,98.28,-15.14,0.15648,0.15515,-16.11,0.13726,2026-03-23,2026-03-25,2026-03-27,pullback_absorption_confirm,4.36,0.0,0.01473,0.03553,1.28607,0.06479,0.08672,-0.11954,-3.82,38.0,6.54,3.5323,0.8188,0.03348,0.01473,False,2026-03-27,2026-03-30,17.73,17.7743,2026-04-21,2026-04-23,18.08,18.0348,1.97,1.47,11.34,-3.95,15,cum_flow_exit,0.00506,-0.03307,0.4667,0.2
2026-03-23,sz002379,3,96.99,-13.74,0.1335,0.12606,-14.53,0.14885,2026-03-23,2026-03-25,2026-03-27,pullback_absorption_confirm,5.13,0.0,-0.00775,0.03629,1.36014,0.04986,0.02947,-0.10309,-3.87,38.0,8.42,3.0934,0.8555,0.03127,-0.0042,False,2026-03-27,2026-03-30,28.04,28.1101,2026-04-21,2026-04-23,27.5,27.4313,-1.93,-2.41,6.7,-5.96,15,cum_flow_exit,-0.00181,-0.00361,0.4,0.3333
2026-03-23,sh600141,4,96.87,-17.72,0.1677,0.17031,-14.77,0.10727,2026-03-26,2026-03-30,2026-03-31,pullback_absorption_confirm,5.15,0.0,0.03016,0.05316,0.85337,0.00895,-0.07353,0.09253,-4.32,69.76,3.99,0.1232,0.7096,0.00458,0.00693,False,2026-03-31,2026-04-01,33.99,34.075,2026-04-07,2026-04-08,32.99,32.9075,-2.94,-3.43,0.56,-10.97,4,cum_flow_exit,-0.04812,-0.02546,0.0,0.25
2026-03-23,sz002558,8,92.77,-23.34,0.22829,0.22179,-8.25,0.05675,2026-03-30,2026-04-01,2026-04-02,pullback_absorption_confirm,10.37,0.0,0.02448,0.02102,1.82844,0.03691,0.08709,-0.04879,-3.4,29.56,9.59,0.1631,0.8338,0.01884,0.01514,False,2026-04-02,2026-04-03,34.66,34.7466,2026-04-17,2026-04-20,32.31,32.2292,-6.78,-7.25,2.42,-10.27,9,cum_flow_exit,-0.02031,-0.03014,0.3333,0.2222
2026-03-23,sz002270,9,92.39,-21.78,0.22248,0.20914,-11.75,0.09073,2026-03-23,2026-03-25,2026-03-26,pullback_absorption_confirm,4.21,0.0,0.01235,0.00131,1.34738,-0.01973,-0.08855,0.04929,-4.46,58.17,1.96,-1.9729,0.7023,-0.01117,0.0079,False,2026-03-26,2026-03-27,26.88,26.9472,2026-04-07,2026-04-08,27.5,27.4313,2.31,1.8,3.79,-3.24,7,cum_flow_exit,-0.00739,-0.00984,0.2857,0.4286
2026-03-23,sz000703,10,92.31,-19.1,0.22412,0.23268,-11.15,0.08964,2026-03-23,2026-03-25,2026-03-27,pullback_absorption_confirm,8.11,0.0,0.05098,0.0645,1.93535,0.03051,0.08327,-0.12498,-5.41,48.0,4.98,5.0446,0.774,0.05525,0.0414,False,2026-03-27,2026-03-30,12.67,12.7017,2026-04-24,2026-04-24,14.97,14.9326,18.15,17.56,35.75,-5.29,17,window_end,0.00856,0.00446,0.5294,0.5882
2026-03-24,sh600547,1,100.0,-21.26,0.19105,0.17184,-16.76,0.11887,2026-03-26,2026-03-30,2026-04-02,pullback_absorption_confirm,6.99,0.0,0.02424,0.04068,0.9068,-0.08786,-0.14674,0.06143,-4.1,68.84,3.44,0.7826,0.8666,0.01861,0.00797,False,2026-04-02,2026-04-03,40.02,40.12,2026-04-17,2026-04-20,38.45,38.3539,-3.92,-4.4,7.4,-4.3,9,cum_flow_exit,-0.01726,-0.02379,0.2222,0.3333
2026-03-24,sz000960,2,100.0,-17.91,0.16487,0.15102,-13.83,0.11328,2026-03-26,2026-03-30,2026-04-01,pullback_absorption_confirm,4.44,-0.06,0.01047,0.04285,1.4084,0.03947,0.02123,-0.05864,-5.39,34.42,3.9,4.2407,0.722,0.04886,0.03354,False,2026-04-01,2026-04-02,32.0,32.08,2026-04-24,2026-04-24,37.94,37.8451,18.56,17.97,29.0,-5.5,14,window_end,0.00199,0.00759,0.5714,0.5714
2026-03-24,sz002155,4,100.0,-19.25,0.16267,0.15046,-13.47,0.11014,2026-03-26,2026-03-30,2026-04-08,pullback_absorption_confirm,8.07,0.0,0.02109,0.05127,1.36998,0.04097,0.05433,0.23238,-5.67,12.0,13.36,-1.3249,0.7479,0.00336,0.00256,False,2026-04-08,2026-04-09,30.88,30.9572,2026-04-14,2026-04-15,30.11,30.0347,-2.49,-2.98,1.88,-5.44,4,cum_flow_exit,-0.05299,-0.08557,0.25,0.0
2026-03-25,sz000960,4,99.33,-22.13,0.20524,0.18974,-10.62,0.09367,2026-03-26,2026-03-30,2026-04-01,pullback_absorption_confirm,4.44,-0.06,0.01047,0.04285,1.4084,0.03947,0.02123,-0.05864,-5.39,34.42,1.53,4.6398,0.7506,0.05337,0.0364,False,2026-04-01,2026-04-02,32.0,32.08,2026-04-24,2026-04-24,37.94,37.8451,18.56,17.97,29.0,-5.5,14,window_end,0.00199,0.00759,0.5714,0.5714
2026-03-26,sz001270,1,92.84,-26.75,0.22577,0.19168,-11.08,0.05947,2026-03-30,2026-04-01,2026-04-08,pullback_absorption_confirm,6.65,0.0,0.00063,0.00849,1.53577,0.05282,0.01182,0.34668,-6.7,22.0,9.14,3.4342,0.9902,0.00562,0.01866,False,2026-04-08,2026-04-09,120.56,120.8614,2026-04-24,2026-04-24,154.0,153.615,27.74,27.1,33.53,-2.36,10,window_end,-0.0147,-0.05701,0.4,0.4
2026-03-26,sz002149,7,84.39,-15.78,0.16477,0.14531,-3.43,0.04035,2026-03-26,2026-03-30,2026-03-31,pullback_absorption_confirm,13.71,0.0,0.10367,0.07465,1.57525,0.00836,-0.00846,-0.2706,-6.1,43.08,10.27,5.9114,1.947,0.05218,0.0779,False,2026-03-31,2026-04-01,51.55,51.6789,2026-04-07,2026-04-08,46.26,46.1444,-10.26,-10.71,0.99,-13.5,4,flow_confirmed_stop,-0.04063,-0.05901,0.5,0.0
2026-03-26,sh600343,8,82.65,-16.46,0.17168,0.15265,-5.24,0.0383,2026-03-26,2026-03-30,2026-04-14,pullback_absorption_confirm,9.99,0.0,0.18189,0.14945,1.91393,0.03889,0.02928,-0.06618,-6.2,36.88,14.04,0.0303,1.1646,0.00743,0.02791,False,2026-04-14,2026-04-15,33.98,34.0649,2026-04-24,2026-04-24,35.01,34.9225,3.03,2.52,12.42,-0.03,6,window_end,-0.01276,-0.01049,0.3333,0.3333
2026-03-27,sz000510,4,92.28,-31.46,0.30156,0.28498,-8.32,0.07254,2026-04-03,2026-04-08,2026-04-09,pullback_absorption_confirm,11.65,0.0,0.0361,0.08389,1.48237,-0.07611,-0.09133,0.10583,-5.59,48.61,3.36,2.7247,0.7709,0.03953,0.01669,False,2026-04-09,2026-04-10,15.36,15.3984,2026-04-15,2026-04-17,15.0,14.9625,-2.34,-2.83,2.93,-6.84,4,cum_flow_exit,-0.0467,-0.04185,0.25,0.5
2026-03-27,sz000960,5,91.95,-29.89,0.28353,0.26742,-4.66,0.06938,2026-04-03,2026-04-08,2026-04-09,pullback_absorption_confirm,10.43,0.0,0.02601,0.03432,1.34592,-0.00914,-0.02311,0.09083,-4.26,25.87,0.43,0.9321,0.8043,0.02094,0.01216,False,2026-04-09,2026-04-10,33.02,33.1026,2026-04-24,2026-04-24,37.94,37.8451,14.9,14.33,25.02,-2.3,9,window_end,0.00249,0.01083,0.6667,0.7778
2026-03-27,sh600703,10,86.95,-22.69,0.22102,0.19128,-21.95,0.14701,2026-04-03,2026-04-08,2026-04-17,pullback_absorption_confirm,6.52,0.0,0.00624,0.01627,0.82688,0.02312,0.01417,-0.0058,-8.62,50.53,6.21,-4.476,0.8464,-0.02628,-0.00563,False,2026-04-17,2026-04-20,13.49,13.5237,2026-04-24,2026-04-24,15.11,15.0722,12.01,11.45,19.05,-1.11,4,cum_flow_exit,-0.03018,-0.03975,0.25,0.25
2026-03-30,sh603358,1,100.0,-38.35,0.27272,0.31656,-24.81,0.11161,2026-03-30,2026-04-01,2026-04-02,pullback_absorption_confirm,8.04,0.0,0.03618,0.0306,1.09535,-0.04108,-0.02327,0.09577,-7.38,49.93,7.77,1.5748,2.0685,0.02345,0.02593,False,2026-04-02,2026-04-03,36.0,36.09,2026-04-24,2026-04-24,35.4,35.3115,-1.67,-2.16,6.94,-11.94,13,window_end,-0.00737,9e-05,0.3846,0.3846
2026-03-30,sz002796,4,79.05,-19.93,0.17184,0.17172,-9.95,-0.00529,2026-04-01,2026-04-03,2026-04-07,pullback_absorption_confirm,7.82,-1.98,0.05568,0.06048,1.81807,-0.02734,0.0637,0.01178,-5.93,22.0,1.65,3.3724,0.8608,0.04595,0.0254,False,2026-04-07,2026-04-08,50.0,50.125,2026-04-24,2026-04-24,57.75,57.6056,15.5,14.92,25.56,-4.2,11,window_end,-0.0145,0.00259,0.3636,0.3636
2026-03-30,sh600703,5,77.03,-22.76,0.21644,0.1832,-15.65,0.06941,2026-04-03,2026-04-08,2026-04-17,pullback_absorption_confirm,6.52,0.0,0.00624,0.01627,0.82688,0.02312,0.01417,-0.0058,-8.62,50.53,9.61,-3.9878,0.8569,-0.02034,-0.00244,False,2026-04-17,2026-04-20,13.49,13.5237,2026-04-24,2026-04-24,15.11,15.0722,12.01,11.45,19.05,-1.11,4,cum_flow_exit,-0.03018,-0.03975,0.25,0.25
2026-03-30,sz002865,8,75.8,-20.37,0.19356,0.18427,-8.45,0.02377,2026-04-07,2026-04-09,2026-04-10,pullback_absorption_confirm,7.98,0.0,0.01358,0.03677,1.40613,-0.03442,0.00648,0.07616,-8.84,12.0,2.05,-1.1973,0.8029,-0.00281,-0.0094,False,2026-04-10,2026-04-13,73.31,73.4933,2026-04-17,2026-04-20,75.0,74.8125,2.31,1.8,4.98,-4.92,4,cum_flow_exit,-0.02121,-0.04761,0.25,0.25
2026-03-31,sz002353,1,91.75,-23.73,0.21719,0.19425,-5.26,0.06374,2026-03-31,2026-04-02,2026-04-03,pullback_absorption_confirm,11.57,0.0,0.08208,0.10452,1.51301,0.02987,0.02693,-0.02192,-4.01,19.89,10.92,8.3439,1.3317,0.08978,0.07217,False,2026-04-03,2026-04-07,107.37,107.6384,2026-04-24,2026-04-24,131.0,130.6725,22.01,21.4,25.16,-6.21,12,window_end,0.00217,0.01579,0.25,0.4167
2026-03-31,sh600026,6,80.37,-9.24,0.09074,0.0973,-12.37,0.09551,2026-04-03,2026-04-08,2026-04-09,pullback_absorption_confirm,4.63,0.0,0.00762,0.04433,0.84093,-0.04613,-0.07471,0.03558,-7.56,69.95,15.92,-3.0731,0.8606,-0.02295,-0.01477,False,2026-04-09,2026-04-10,25.66,25.7241,2026-04-13,2026-04-14,22.88,22.8228,-10.83,-11.28,0.39,-11.54,2,flow_confirmed_stop,-0.06831,-0.13298,0.0,0.0
2026-03-31,sz002595,8,79.9,-12.46,0.12746,0.12169,-3.02,0.05755,2026-04-03,2026-04-08,2026-04-09,pullback_absorption_confirm,5.33,-1.9,0.00047,0.02498,1.50247,-0.04285,-0.01149,0.17859,-3.24,28.89,2.17,1.3446,1.0514,0.01644,0.02001,False,2026-04-09,2026-04-10,81.7,81.9043,2026-04-24,2026-04-24,89.24,89.0169,9.23,8.68,20.56,-1.33,9,window_end,-0.00021,0.00987,0.5556,0.4444
