run_date,date,symbol,name,close,change_pct,amount_yi,turnover_pct,indexed_return_pct,drawdown_from_high_pct
2026-05-07,2026-01-05,sz301308,江波龙,283.36,0.0,0.0,0.0,0.0,-0.05
2026-05-07,2026-01-06,sz301308,江波龙,287.65,1.51,0.0,0.0,1.51,-2.67
2026-05-07,2026-01-07,sz301308,江波龙,292.95,1.84,0.0,0.0,3.38,-10.18
2026-05-07,2026-01-08,sz301308,江波龙,283.9,-3.09,0.0,0.0,0.19,-12.96
2026-05-07,2026-01-09,sz301308,江波龙,277.55,-2.24,0.0,0.0,-2.05,-14.9
2026-05-07,2026-01-12,sz301308,江波龙,285.32,2.8,0.0,0.0,0.69,-12.52
2026-05-07,2026-01-13,sz301308,江波龙,276.49,-3.09,0.0,0.0,-2.42,-15.23
2026-05-07,2026-01-14,sz301308,江波龙,284.75,2.99,0.0,0.0,0.49,-12.7
2026-05-07,2026-01-15,sz301308,江波龙,311.5,9.39,0.0,0.0,9.93,-4.49
2026-05-07,2026-01-16,sz301308,江波龙,353.48,13.48,0.0,0.0,24.75,-3.42
2026-05-07,2026-01-19,sz301308,江波龙,336.25,-4.87,0.0,0.0,18.67,-8.13
2026-05-07,2026-01-20,sz301308,江波龙,341.99,1.71,0.0,0.0,20.69,-6.56
2026-05-07,2026-01-21,sz301308,江波龙,346.62,1.35,0.0,0.0,22.32,-5.3
2026-05-07,2026-01-22,sz301308,江波龙,361.81,4.38,0.0,0.0,27.69,-4.03
2026-05-07,2026-01-23,sz301308,江波龙,374.0,3.37,0.0,0.0,31.99,-0.8
2026-05-07,2026-01-26,sz301308,江波龙,360.5,-3.61,0.0,0.0,27.22,-5.13
2026-05-07,2026-01-27,sz301308,江波龙,368.45,2.21,0.0,0.0,30.03,-3.04
2026-05-07,2026-01-28,sz301308,江波龙,371.2,0.75,0.0,0.0,31.0,-2.31
2026-05-07,2026-01-29,sz301308,江波龙,358.8,-3.34,0.0,0.0,26.62,-7.76
2026-05-07,2026-01-30,sz301308,江波龙,336.0,-6.35,0.0,0.0,18.58,-13.62
2026-05-07,2026-02-02,sz301308,江波龙,299.8,-10.77,0.0,0.0,5.8,-22.93
2026-05-07,2026-02-03,sz301308,江波龙,306.03,2.08,0.0,0.0,8.0,-21.33
2026-05-07,2026-02-04,sz301308,江波龙,302.0,-1.32,0.0,0.0,6.58,-22.37
2026-05-07,2026-02-05,sz301308,江波龙,292.72,-3.07,0.0,0.0,3.3,-24.75
2026-05-07,2026-02-06,sz301308,江波龙,288.0,-1.61,0.0,0.0,1.64,-25.96
2026-05-07,2026-02-09,sz301308,江波龙,293.95,2.07,0.0,0.0,3.74,-24.43
2026-05-07,2026-02-10,sz301308,江波龙,288.37,-1.9,0.0,0.0,1.77,-25.87
2026-05-07,2026-02-11,sz301308,江波龙,284.14,-1.47,0.0,0.0,0.28,-26.96
2026-05-07,2026-02-12,sz301308,江波龙,292.71,3.02,0.0,0.0,3.3,-24.75
2026-05-07,2026-02-13,sz301308,江波龙,303.69,3.75,0.0,0.0,7.17,-21.93
2026-05-07,2026-02-24,sz301308,江波龙,308.5,1.58,0.0,0.0,8.87,-20.69
2026-05-07,2026-02-25,sz301308,江波龙,297.75,-3.48,0.0,0.0,5.08,-23.46
2026-05-07,2026-02-26,sz301308,江波龙,299.81,0.69,0.0,0.0,5.81,-22.93
2026-05-07,2026-02-27,sz301308,江波龙,291.7,-2.71,0.0,0.0,2.94,-25.01
2026-05-07,2026-03-02,sz301308,江波龙,282.98,-2.99,0.0,0.0,-0.13,-27.25
2026-05-07,2026-03-03,sz301308,江波龙,262.9,-7.1,0.0,0.0,-7.22,-32.42
2026-05-07,2026-03-04,sz301308,江波龙,301.99,14.87,0.0,0.0,6.57,-22.37
2026-05-07,2026-03-05,sz301308,江波龙,296.3,-1.88,0.0,0.0,4.57,-23.83
2026-05-07,2026-03-06,sz301308,江波龙,306.0,3.27,0.0,0.0,7.99,-21.34
2026-05-07,2026-03-09,sz301308,江波龙,330.12,7.88,0.0,0.0,16.5,-15.14
2026-05-07,2026-03-10,sz301308,江波龙,333.51,1.03,0.0,0.0,17.7,-14.26
2026-05-07,2026-03-11,sz301308,江波龙,324.59,-2.67,0.0,0.0,14.55,-16.56
2026-05-07,2026-03-12,sz301308,江波龙,319.0,-1.72,0.0,0.0,12.58,-17.99
2026-05-07,2026-03-13,sz301308,江波龙,326.17,2.25,0.0,0.0,15.11,-16.15
2026-05-07,2026-03-16,sz301308,江波龙,346.8,6.32,0.0,0.0,22.39,-10.85
2026-05-07,2026-03-17,sz301308,江波龙,331.9,-4.3,0.0,0.0,17.13,-14.68
2026-05-07,2026-03-18,sz301308,江波龙,359.3,8.26,0.0,0.0,26.8,-7.63
2026-05-07,2026-03-19,sz301308,江波龙,356.5,-0.78,0.0,0.0,25.81,-8.35
2026-05-07,2026-03-20,sz301308,江波龙,330.1,-7.41,0.0,0.0,16.49,-15.14
2026-05-07,2026-03-23,sz301308,江波龙,306.2,-7.24,0.0,0.0,8.06,-21.29
2026-05-07,2026-03-24,sz301308,江波龙,323.5,5.65,0.0,0.0,14.17,-16.84
2026-05-07,2026-03-25,sz301308,江波龙,338.16,4.53,0.0,0.0,19.34,-13.07
2026-05-07,2026-03-26,sz301308,江波龙,327.0,-3.3,0.0,0.0,15.4,-15.94
2026-05-07,2026-03-27,sz301308,江波龙,320.03,-2.13,0.0,0.0,12.94,-17.73
2026-05-07,2026-03-30,sz301308,江波龙,315.0,-1.57,0.0,0.0,11.17,-19.02
2026-05-07,2026-03-31,sz301308,江波龙,297.08,-5.69,0.0,0.0,4.84,-23.63
2026-05-07,2026-04-01,sz301308,江波龙,299.11,0.68,0.0,0.0,5.56,-23.11
2026-05-07,2026-04-02,sz301308,江波龙,289.44,-3.23,0.0,0.0,2.15,-25.59
2026-05-07,2026-04-03,sz301308,江波龙,285.57,-1.34,0.0,0.0,0.78,-26.59
2026-05-07,2026-04-07,sz301308,江波龙,297.5,4.18,0.0,0.0,4.99,-23.52
2026-05-07,2026-04-08,sz301308,江波龙,323.92,8.88,0.0,0.0,14.31,-16.73
2026-05-07,2026-04-09,sz301308,江波龙,325.5,0.49,0.0,0.0,14.87,-16.32
2026-05-07,2026-04-10,sz301308,江波龙,341.3,4.85,0.0,0.0,20.45,-12.26
2026-05-07,2026-04-13,sz301308,江波龙,354.5,3.87,0.0,0.0,25.11,-8.87
2026-05-07,2026-04-14,sz301308,江波龙,381.51,7.62,0.0,0.0,34.64,-3.14
2026-05-07,2026-04-15,sz301308,江波龙,371.57,-2.61,0.0,0.0,31.13,-5.66
2026-05-07,2026-04-16,sz301308,江波龙,372.06,0.13,0.0,0.0,31.3,-5.53
2026-05-07,2026-04-17,sz301308,江波龙,370.52,-0.41,0.0,0.0,30.76,-5.93
2026-05-07,2026-04-20,sz301308,江波龙,375.21,1.27,0.0,0.0,32.41,-4.74
2026-05-07,2026-04-21,sz301308,江波龙,375.96,0.2,0.0,0.0,32.68,-4.54
2026-05-07,2026-04-22,sz301308,江波龙,382.74,1.8,0.0,0.0,35.07,-2.82
2026-05-07,2026-04-23,sz301308,江波龙,358.19,-6.41,0.0,0.0,26.41,-9.06
2026-05-07,2026-04-24,sz301308,江波龙,373.19,4.19,0.0,0.0,31.7,-5.25
2026-05-07,2026-04-27,sz301308,江波龙,393.46,5.43,0.0,0.0,38.86,-1.61
2026-05-07,2026-04-28,sz301308,江波龙,381.7,-2.99,0.0,0.0,34.7,-7.13
2026-05-07,2026-04-29,sz301308,江波龙,414.3,8.54,0.0,0.0,46.21,-0.48
2026-05-07,2026-04-30,sz301308,江波龙,401.12,-3.18,0.0,0.0,41.56,-3.65
2026-05-07,2026-05-06,sz301308,江波龙,481.34,20.0,0.0,0.0,69.87,0.0
2026-05-07,2026-05-07,sz301308,江波龙,494.05,2.64,124.04,9.17,74.35,-2.86
2026-05-07,2026-01-05,sz001309,德明利,249.5,7.78,45.19,11.31,0.0,-1.23
2026-05-07,2026-01-06,sz001309,德明利,255.08,2.24,42.93,10.62,2.24,-2.12
2026-05-07,2026-01-07,sz001309,德明利,249.6,-2.15,61.22,14.58,0.04,-10.98
2026-05-07,2026-01-08,sz001309,德明利,239.41,-4.08,35.03,8.93,-4.04,-14.61
2026-05-07,2026-01-09,sz001309,德明利,234.65,-1.99,25.55,6.79,-5.95,-16.31
2026-05-07,2026-01-12,sz001309,德明利,239.59,2.11,29.1,7.63,-3.97,-14.55
2026-05-07,2026-01-13,sz001309,德明利,232.6,-2.92,25.37,6.74,-6.77,-17.04
2026-05-07,2026-01-14,sz001309,德明利,238.58,2.57,34.62,8.9,-4.38,-14.91
2026-05-07,2026-01-15,sz001309,德明利,253.62,6.3,36.9,9.34,1.65,-9.54
2026-05-07,2026-01-16,sz001309,德明利,272.63,7.5,51.81,12.02,9.27,-2.76
2026-05-07,2026-01-19,sz001309,德明利,271.6,-0.38,33.79,7.78,8.86,-3.13
2026-05-07,2026-01-20,sz001309,德明利,279.54,2.92,36.32,8.16,12.04,-1.78
2026-05-07,2026-01-21,sz001309,德明利,284.76,1.87,35.63,7.81,14.13,-1.32
2026-05-07,2026-01-22,sz001309,德明利,286.89,0.75,65.72,13.91,14.99,-6.73
2026-05-07,2026-01-23,sz001309,德明利,278.3,-2.99,41.88,9.3,11.54,-9.53
2026-05-07,2026-01-26,sz001309,德明利,274.4,-1.4,28.03,6.34,9.98,-10.79
2026-05-07,2026-01-27,sz001309,德明利,277.85,1.26,35.69,8.09,11.36,-9.67
2026-05-07,2026-01-28,sz001309,德明利,277.82,-0.01,32.76,7.33,11.35,-9.68
2026-05-07,2026-01-29,sz001309,德明利,269.84,-2.87,37.53,8.36,8.15,-12.28
2026-05-07,2026-01-30,sz001309,德明利,271.4,0.58,31.29,7.1,8.78,-11.77
2026-05-07,2026-02-02,sz001309,德明利,248.11,-8.58,34.7,8.51,-0.56,-19.34
2026-05-07,2026-02-03,sz001309,德明利,252.19,1.64,22.94,5.65,1.08,-18.01
2026-05-07,2026-02-04,sz001309,德明利,245.08,-2.82,18.87,4.8,-1.77,-20.33
2026-05-07,2026-02-05,sz001309,德明利,237.13,-3.24,18.37,4.8,-4.96,-22.91
2026-05-07,2026-02-06,sz001309,德明利,232.54,-1.94,16.7,4.46,-6.8,-24.4
2026-05-07,2026-02-09,sz001309,德明利,240.58,3.46,16.65,4.33,-3.58,-21.79
2026-05-07,2026-02-10,sz001309,德明利,237.15,-1.43,14.55,3.82,-4.95,-22.9
2026-05-07,2026-02-11,sz001309,德明利,235.57,-0.67,16.67,4.35,-5.58,-23.42
2026-05-07,2026-02-12,sz001309,德明利,239.48,1.66,21.06,5.5,-4.02,-22.15
2026-05-07,2026-02-13,sz001309,德明利,248.89,3.93,30.84,7.76,-0.24,-19.09
2026-05-07,2026-02-24,sz001309,德明利,255.59,2.69,20.82,5.06,2.44,-16.91
2026-05-07,2026-02-25,sz001309,德明利,250.33,-2.06,19.19,4.8,0.33,-18.62
2026-05-07,2026-02-26,sz001309,德明利,256.08,2.3,20.32,5.02,2.64,-16.75
2026-05-07,2026-02-27,sz001309,德明利,255.55,-0.21,22.38,5.5,2.42,-16.92
2026-05-07,2026-03-02,sz001309,德明利,246.15,-3.68,23.97,6.02,-1.34,-19.98
2026-05-07,2026-03-03,sz001309,德明利,228.3,-7.25,24.13,6.4,-8.5,-25.78
2026-05-07,2026-03-04,sz001309,德明利,251.17,10.02,48.78,12.16,0.67,-18.35
2026-05-07,2026-03-05,sz001309,德明利,255.71,1.81,51.99,12.45,2.49,-16.87
2026-05-07,2026-03-06,sz001309,德明利,270.72,5.87,46.9,10.82,8.51,-11.99
2026-05-07,2026-03-09,sz001309,德明利,279.6,3.28,50.26,11.49,12.06,-9.1
2026-05-07,2026-03-10,sz001309,德明利,294.41,5.3,51.28,10.98,18.0,-4.29
2026-05-07,2026-03-11,sz001309,德明利,298.24,1.3,65.68,13.54,19.54,-3.56
2026-05-07,2026-03-12,sz001309,德明利,293.1,-1.72,37.63,7.89,17.47,-5.23
2026-05-07,2026-03-13,sz001309,德明利,319.65,9.06,69.29,13.69,28.12,-0.87
2026-05-07,2026-03-16,sz001309,德明利,351.66,10.01,88.49,16.55,40.95,0.0
2026-05-07,2026-03-17,sz001309,德明利,353.6,0.55,68.67,12.06,41.72,-1.66
2026-05-07,2026-03-18,sz001309,德明利,373.6,5.66,70.62,11.96,49.74,0.0
2026-05-07,2026-03-19,sz001309,德明利,344.6,-7.76,68.27,12.13,38.12,-7.76
2026-05-07,2026-03-20,sz001309,德明利,331.12,-3.91,54.01,9.87,32.71,-11.37
2026-05-07,2026-03-23,sz001309,德明利,320.6,-3.18,46.71,8.99,28.5,-14.19
2026-05-07,2026-03-24,sz001309,德明利,349.23,8.93,72.72,13.83,39.97,-6.52
2026-05-07,2026-03-25,sz001309,德明利,374.77,7.31,74.13,12.57,50.21,-0.75
2026-05-07,2026-03-26,sz001309,德明利,378.46,0.98,61.57,10.23,51.69,-1.08
2026-05-07,2026-03-27,sz001309,德明利,381.49,0.8,51.28,8.58,52.9,-0.29
2026-05-07,2026-03-30,sz001309,德明利,399.9,4.83,64.25,10.13,60.28,-0.32
2026-05-07,2026-03-31,sz001309,德明利,379.7,-5.05,79.21,13.1,52.18,-5.36
2026-05-07,2026-04-01,sz001309,德明利,371.98,-2.03,118.27,18.88,49.09,-10.94
2026-05-07,2026-04-02,sz001309,德明利,360.15,-3.18,69.41,11.79,44.35,-13.77
2026-05-07,2026-04-03,sz001309,德明利,352.02,-2.26,41.08,7.13,41.09,-15.72
2026-05-07,2026-04-07,sz001309,德明利,378.18,7.43,57.61,9.59,51.58,-9.45
2026-05-07,2026-04-08,sz001309,德明利,393.3,4.0,75.28,12.14,57.64,-5.83
2026-05-07,2026-04-09,sz001309,德明利,406.58,3.38,71.7,11.08,62.96,-2.69
2026-05-07,2026-04-10,sz001309,德明利,447.24,10.0,101.9,14.44,79.25,0.0
2026-05-07,2026-04-13,sz001309,德明利,481.49,7.66,101.2,13.43,92.98,-1.44
2026-05-07,2026-04-14,sz001309,德明利,500.63,3.98,101.64,12.67,100.65,-2.01
2026-05-07,2026-04-15,sz001309,德明利,501.2,0.11,84.32,10.38,100.88,-3.62
2026-05-07,2026-04-16,sz001309,德明利,516.8,3.11,85.64,10.39,107.13,-2.49
2026-05-07,2026-04-17,sz001309,德明利,513.69,-0.6,78.19,9.62,105.89,-3.07
2026-05-07,2026-04-20,sz001309,德明利,515.0,0.26,71.26,8.52,106.41,-4.28
2026-05-07,2026-04-21,sz001309,德明利,514.6,-0.08,57.78,7.01,106.25,-4.35
2026-05-07,2026-04-22,sz001309,德明利,525.0,2.02,73.55,8.78,110.42,-2.42
2026-05-07,2026-04-23,sz001309,德明利,494.69,-5.77,107.63,13.17,98.27,-9.22
2026-05-07,2026-04-24,sz001309,德明利,489.88,-0.97,65.34,8.22,96.34,-10.1
2026-05-07,2026-04-27,sz001309,德明利,488.15,-0.35,55.97,7.09,95.65,-10.42
2026-05-07,2026-04-28,sz001309,德明利,496.39,1.69,66.03,8.2,98.95,-8.91
2026-05-07,2026-04-29,sz001309,德明利,522.93,5.35,88.88,10.9,109.59,-4.04
2026-05-07,2026-04-30,sz001309,德明利,524.81,0.36,101.44,12.0,110.34,-3.69
2026-05-07,2026-05-06,sz001309,德明利,577.29,10.0,45.19,4.89,131.38,0.0
2026-05-07,2026-05-07,sz001309,德明利,622.68,7.86,135.18,13.61,149.57,-1.63
2026-05-07,2026-01-05,sh688525,佰维存储,124.1,0.0,0.0,0.0,0.0,-1.48
2026-05-07,2026-01-06,sh688525,佰维存储,125.9,1.45,0.0,0.0,1.45,-2.4
2026-05-07,2026-01-07,sh688525,佰维存储,128.98,2.45,0.0,0.0,3.93,-6.54
2026-05-07,2026-01-08,sh688525,佰维存储,126.5,-1.92,0.0,0.0,1.93,-8.33
2026-05-07,2026-01-09,sh688525,佰维存储,126.16,-0.27,0.0,0.0,1.66,-8.58
2026-05-07,2026-01-12,sh688525,佰维存储,129.76,2.85,0.0,0.0,4.56,-5.97
2026-05-07,2026-01-13,sh688525,佰维存储,135.38,4.33,0.0,0.0,9.09,-2.25
2026-05-07,2026-01-14,sh688525,佰维存储,145.9,7.77,0.0,0.0,17.57,-5.87
2026-05-07,2026-01-15,sh688525,佰维存储,157.01,7.61,0.0,0.0,26.52,-3.67
2026-05-07,2026-01-16,sh688525,佰维存储,184.0,17.19,0.0,0.0,48.27,-2.34
2026-05-07,2026-01-19,sh688525,佰维存储,175.28,-4.74,0.0,0.0,41.24,-6.97
2026-05-07,2026-01-20,sh688525,佰维存储,190.38,8.61,0.0,0.0,53.41,-1.55
2026-05-07,2026-01-21,sh688525,佰维存储,190.36,-0.01,0.0,0.0,53.39,-4.52
2026-05-07,2026-01-22,sh688525,佰维存储,187.8,-1.34,0.0,0.0,51.33,-5.81
2026-05-07,2026-01-23,sh688525,佰维存储,186.46,-0.71,0.0,0.0,50.25,-6.48
2026-05-07,2026-01-26,sh688525,佰维存储,180.6,-3.14,0.0,0.0,45.53,-9.42
2026-05-07,2026-01-27,sh688525,佰维存储,186.3,3.16,0.0,0.0,50.12,-6.56
2026-05-07,2026-01-28,sh688525,佰维存储,191.35,2.71,0.0,0.0,54.19,-4.03
2026-05-07,2026-01-29,sh688525,佰维存储,187.7,-1.91,0.0,0.0,51.25,-8.92
2026-05-07,2026-01-30,sh688525,佰维存储,187.28,-0.22,0.0,0.0,50.91,-9.12
2026-05-07,2026-02-02,sh688525,佰维存储,167.9,-10.35,0.0,0.0,35.29,-18.53
2026-05-07,2026-02-03,sh688525,佰维存储,174.12,3.7,0.0,0.0,40.31,-15.51
2026-05-07,2026-02-04,sh688525,佰维存储,168.5,-3.23,0.0,0.0,35.78,-18.24
2026-05-07,2026-02-05,sh688525,佰维存储,162.8,-3.38,0.0,0.0,31.18,-21.0
2026-05-07,2026-02-06,sh688525,佰维存储,160.1,-1.66,0.0,0.0,29.01,-22.31
2026-05-07,2026-02-09,sh688525,佰维存储,164.19,2.55,0.0,0.0,32.3,-20.33
2026-05-07,2026-02-10,sh688525,佰维存储,161.01,-1.94,0.0,0.0,29.74,-21.87
2026-05-07,2026-02-11,sh688525,佰维存储,159.0,-1.25,0.0,0.0,28.12,-22.85
2026-05-07,2026-02-12,sh688525,佰维存储,170.97,7.53,0.0,0.0,37.77,-17.04
2026-05-07,2026-02-13,sh688525,佰维存储,165.91,-2.96,0.0,0.0,33.69,-19.49
2026-05-07,2026-02-24,sh688525,佰维存储,174.0,4.88,0.0,0.0,40.21,-15.57
2026-05-07,2026-02-25,sh688525,佰维存储,168.46,-3.18,0.0,0.0,35.75,-18.26
2026-05-07,2026-02-26,sh688525,佰维存储,167.02,-0.85,0.0,0.0,34.59,-18.95
2026-05-07,2026-02-27,sh688525,佰维存储,165.8,-0.73,0.0,0.0,33.6,-19.55
2026-05-07,2026-03-02,sh688525,佰维存储,160.5,-3.2,0.0,0.0,29.33,-22.12
2026-05-07,2026-03-03,sh688525,佰维存储,146.66,-8.62,0.0,0.0,18.18,-28.83
2026-05-07,2026-03-04,sh688525,佰维存储,175.99,20.0,0.0,0.0,41.81,-14.6
2026-05-07,2026-03-05,sh688525,佰维存储,191.5,8.81,0.0,0.0,54.31,-7.07
2026-05-07,2026-03-06,sh688525,佰维存储,209.33,9.31,0.0,0.0,68.68,-0.14
2026-05-07,2026-03-09,sh688525,佰维存储,216.65,3.5,0.0,0.0,74.58,-0.49
2026-05-07,2026-03-10,sh688525,佰维存储,213.75,-1.34,0.0,0.0,72.24,-2.98
2026-05-07,2026-03-11,sh688525,佰维存储,214.04,0.14,0.0,0.0,72.47,-2.85
2026-05-07,2026-03-12,sh688525,佰维存储,202.85,-5.23,0.0,0.0,63.46,-7.93
2026-05-07,2026-03-13,sh688525,佰维存储,209.7,3.38,0.0,0.0,68.98,-4.82
2026-05-07,2026-03-16,sh688525,佰维存储,237.7,13.35,0.0,0.0,91.54,-0.3
2026-05-07,2026-03-17,sh688525,佰维存储,235.78,-0.81,0.0,0.0,89.99,-3.1
2026-05-07,2026-03-18,sh688525,佰维存储,258.09,9.46,0.0,0.0,107.97,-0.73
2026-05-07,2026-03-19,sh688525,佰维存储,243.18,-5.78,0.0,0.0,95.95,-6.47
2026-05-07,2026-03-20,sh688525,佰维存储,238.88,-1.77,0.0,0.0,92.49,-8.12
2026-05-07,2026-03-23,sh688525,佰维存储,225.0,-5.81,0.0,0.0,81.31,-13.46
2026-05-07,2026-03-24,sh688525,佰维存储,231.5,2.89,0.0,0.0,86.54,-10.96
2026-05-07,2026-03-25,sh688525,佰维存储,253.35,9.44,0.0,0.0,104.15,-3.15
2026-05-07,2026-03-26,sh688525,佰维存储,238.98,-5.67,0.0,0.0,92.57,-8.65
2026-05-07,2026-03-27,sh688525,佰维存储,238.4,-0.24,0.0,0.0,92.1,-8.87
2026-05-07,2026-03-30,sh688525,佰维存储,231.99,-2.69,0.0,0.0,86.94,-11.32
2026-05-07,2026-03-31,sh688525,佰维存储,211.99,-8.62,0.0,0.0,70.82,-18.96
2026-05-07,2026-04-01,sh688525,佰维存储,215.6,1.7,0.0,0.0,73.73,-17.58
2026-05-07,2026-04-02,sh688525,佰维存储,210.82,-2.22,0.0,0.0,69.88,-19.41
2026-05-07,2026-04-03,sh688525,佰维存储,210.29,-0.25,0.0,0.0,69.45,-19.61
2026-05-07,2026-04-07,sh688525,佰维存储,217.42,3.39,0.0,0.0,75.2,-16.89
2026-05-07,2026-04-08,sh688525,佰维存储,229.68,5.64,0.0,0.0,85.08,-12.2
2026-05-07,2026-04-09,sh688525,佰维存储,227.52,-0.94,0.0,0.0,83.34,-13.03
2026-05-07,2026-04-10,sh688525,佰维存储,241.51,6.15,0.0,0.0,94.61,-7.68
2026-05-07,2026-04-13,sh688525,佰维存储,255.85,5.94,0.0,0.0,106.16,-2.2
2026-05-07,2026-04-14,sh688525,佰维存储,288.1,12.61,0.0,0.0,132.15,-2.08
2026-05-07,2026-04-15,sh688525,佰维存储,285.41,-0.93,0.0,0.0,129.98,-2.99
2026-05-07,2026-04-16,sh688525,佰维存储,286.8,0.49,0.0,0.0,131.1,-2.52
2026-05-07,2026-04-17,sh688525,佰维存储,270.67,-5.62,0.0,0.0,118.11,-8.0
2026-05-07,2026-04-20,sh688525,佰维存储,268.7,-0.73,0.0,0.0,116.52,-8.67
2026-05-07,2026-04-21,sh688525,佰维存储,275.96,2.7,0.0,0.0,122.37,-6.21
2026-05-07,2026-04-22,sh688525,佰维存储,281.0,1.83,0.0,0.0,126.43,-4.49
2026-05-07,2026-04-23,sh688525,佰维存储,264.3,-5.94,0.0,0.0,112.97,-10.4
2026-05-07,2026-04-24,sh688525,佰维存储,266.5,0.83,0.0,0.0,114.75,-9.66
2026-05-07,2026-04-27,sh688525,佰维存储,264.65,-0.69,0.0,0.0,113.26,-10.29
2026-05-07,2026-04-28,sh688525,佰维存储,260.8,-1.45,0.0,0.0,110.15,-11.59
2026-05-07,2026-04-29,sh688525,佰维存储,269.0,3.14,0.0,0.0,116.76,-8.81
2026-05-07,2026-04-30,sh688525,佰维存储,265.08,-1.46,0.0,0.0,113.6,-10.14
2026-05-07,2026-05-06,sh688525,佰维存储,311.12,17.37,0.0,0.0,150.7,-2.18
2026-05-07,2026-05-07,sh688525,佰维存储,301.91,-2.96,127.23,8.94,143.28,-5.07
2026-05-07,2026-01-05,sh603986,兆易创新,235.68,0.0,0.0,0.0,0.0,0.0
2026-05-07,2026-01-06,sh603986,兆易创新,250.78,6.41,0.0,0.0,6.41,-1.01
2026-05-07,2026-01-07,sh603986,兆易创新,262.5,4.67,0.0,0.0,11.38,-4.12
2026-05-07,2026-01-08,sh603986,兆易创新,258.75,-1.43,0.0,0.0,9.79,-5.49
2026-05-07,2026-01-09,sh603986,兆易创新,250.05,-3.36,0.0,0.0,6.1,-8.66
2026-05-07,2026-01-12,sh603986,兆易创新,261.83,4.71,0.0,0.0,11.1,-4.36
2026-05-07,2026-01-13,sh603986,兆易创新,263.5,0.64,0.0,0.0,11.8,-4.18
2026-05-07,2026-01-14,sh603986,兆易创新,253.0,-3.98,0.0,0.0,7.35,-8.0
2026-05-07,2026-01-15,sh603986,兆易创新,254.96,0.77,0.0,0.0,8.18,-7.29
2026-05-07,2026-01-16,sh603986,兆易创新,280.46,10.0,0.0,0.0,19.0,0.0
2026-05-07,2026-01-19,sh603986,兆易创新,288.45,2.85,0.0,0.0,22.39,-1.22
2026-05-07,2026-01-20,sh603986,兆易创新,292.0,1.23,0.0,0.0,23.9,-1.72
2026-05-07,2026-01-21,sh603986,兆易创新,307.65,5.36,0.0,0.0,30.54,-2.27
2026-05-07,2026-01-22,sh603986,兆易创新,301.47,-2.01,0.0,0.0,27.91,-5.8
2026-05-07,2026-01-23,sh603986,兆易创新,297.25,-1.4,0.0,0.0,26.12,-7.12
2026-05-07,2026-01-26,sh603986,兆易创新,292.6,-1.56,0.0,0.0,24.15,-8.57
2026-05-07,2026-01-27,sh603986,兆易创新,307.26,5.01,0.0,0.0,30.37,-3.99
2026-05-07,2026-01-28,sh603986,兆易创新,323.68,5.34,0.0,0.0,37.34,-1.49
2026-05-07,2026-01-29,sh603986,兆易创新,307.5,-5.0,0.0,0.0,30.47,-7.12
2026-05-07,2026-01-30,sh603986,兆易创新,314.88,2.4,0.0,0.0,33.6,-4.89
2026-05-07,2026-02-02,sh603986,兆易创新,283.39,-10.0,0.0,0.0,20.24,-14.4
2026-05-07,2026-02-03,sh603986,兆易创新,292.57,3.24,0.0,0.0,24.14,-11.63
2026-05-07,2026-02-04,sh603986,兆易创新,282.33,-3.5,0.0,0.0,19.79,-14.72
2026-05-07,2026-02-05,sh603986,兆易创新,277.74,-1.63,0.0,0.0,17.85,-16.11
2026-05-07,2026-02-06,sh603986,兆易创新,276.17,-0.57,0.0,0.0,17.18,-16.58
2026-05-07,2026-02-09,sh603986,兆易创新,292.98,6.09,0.0,0.0,24.31,-11.51
2026-05-07,2026-02-10,sh603986,兆易创新,289.9,-1.05,0.0,0.0,23.01,-12.44
2026-05-07,2026-02-11,sh603986,兆易创新,284.59,-1.83,0.0,0.0,20.75,-14.04
2026-05-07,2026-02-12,sh603986,兆易创新,303.24,6.55,0.0,0.0,28.67,-8.41
2026-05-07,2026-02-13,sh603986,兆易创新,308.7,1.8,0.0,0.0,30.98,-6.76
2026-05-07,2026-02-24,sh603986,兆易创新,323.05,4.65,0.0,0.0,37.07,-2.45
2026-05-07,2026-02-25,sh603986,兆易创新,311.32,-3.63,0.0,0.0,32.09,-5.99
2026-05-07,2026-02-26,sh603986,兆易创新,309.4,-0.62,0.0,0.0,31.28,-6.57
2026-05-07,2026-02-27,sh603986,兆易创新,300.0,-3.04,0.0,0.0,27.29,-9.41
2026-05-07,2026-03-02,sh603986,兆易创新,293.15,-2.28,0.0,0.0,24.38,-11.48
2026-05-07,2026-03-03,sh603986,兆易创新,272.89,-6.91,0.0,0.0,15.79,-17.6
2026-05-07,2026-03-04,sh603986,兆易创新,279.07,2.26,0.0,0.0,18.41,-15.73
2026-05-07,2026-03-05,sh603986,兆易创新,282.8,1.34,0.0,0.0,19.99,-14.6
2026-05-07,2026-03-06,sh603986,兆易创新,284.99,0.77,0.0,0.0,20.92,-13.94
2026-05-07,2026-03-09,sh603986,兆易创新,276.09,-3.12,0.0,0.0,17.15,-16.63
2026-05-07,2026-03-10,sh603986,兆易创新,285.44,3.39,0.0,0.0,21.11,-13.81
2026-05-07,2026-03-11,sh603986,兆易创新,281.53,-1.37,0.0,0.0,19.45,-14.99
2026-05-07,2026-03-12,sh603986,兆易创新,274.78,-2.4,0.0,0.0,16.59,-17.03
2026-05-07,2026-03-13,sh603986,兆易创新,278.33,1.29,0.0,0.0,18.1,-15.95
2026-05-07,2026-03-16,sh603986,兆易创新,306.16,10.0,0.0,0.0,29.9,-7.55
2026-05-07,2026-03-17,sh603986,兆易创新,296.0,-3.32,0.0,0.0,25.59,-10.62
2026-05-07,2026-03-18,sh603986,兆易创新,311.25,5.15,0.0,0.0,32.06,-6.01
2026-05-07,2026-03-19,sh603986,兆易创新,303.68,-2.43,0.0,0.0,28.85,-8.3
2026-05-07,2026-03-20,sh603986,兆易创新,290.2,-4.44,0.0,0.0,23.13,-12.37
2026-05-07,2026-03-23,sh603986,兆易创新,273.35,-5.81,0.0,0.0,15.98,-17.46
2026-05-07,2026-03-24,sh603986,兆易创新,273.71,0.13,0.0,0.0,16.14,-17.35
2026-05-07,2026-03-25,sh603986,兆易创新,278.4,1.71,0.0,0.0,18.13,-15.93
2026-05-07,2026-03-26,sh603986,兆易创新,262.0,-5.89,0.0,0.0,11.17,-20.88
2026-05-07,2026-03-27,sh603986,兆易创新,258.66,-1.27,0.0,0.0,9.75,-21.89
2026-05-07,2026-03-30,sh603986,兆易创新,255.85,-1.09,0.0,0.0,8.56,-22.74
2026-05-07,2026-03-31,sh603986,兆易创新,238.1,-6.94,0.0,0.0,1.03,-28.1
2026-05-07,2026-04-01,sh603986,兆易创新,255.0,7.1,0.0,0.0,8.2,-23.0
2026-05-07,2026-04-02,sh603986,兆易创新,246.99,-3.14,0.0,0.0,4.8,-25.42
2026-05-07,2026-04-03,sh603986,兆易创新,249.1,0.85,0.0,0.0,5.69,-24.78
2026-05-07,2026-04-07,sh603986,兆易创新,249.66,0.22,0.0,0.0,5.93,-24.61
2026-05-07,2026-04-08,sh603986,兆易创新,255.96,2.52,0.0,0.0,8.6,-22.71
2026-05-07,2026-04-09,sh603986,兆易创新,250.49,-2.14,0.0,0.0,6.28,-24.36
2026-05-07,2026-04-10,sh603986,兆易创新,265.09,5.83,0.0,0.0,12.48,-19.95
2026-05-07,2026-04-13,sh603986,兆易创新,262.14,-1.11,0.0,0.0,11.23,-20.84
2026-05-07,2026-04-14,sh603986,兆易创新,280.01,6.82,0.0,0.0,18.81,-15.45
2026-05-07,2026-04-15,sh603986,兆易创新,274.0,-2.15,0.0,0.0,16.26,-17.26
2026-05-07,2026-04-16,sh603986,兆易创新,286.73,4.65,0.0,0.0,21.66,-13.42
2026-05-07,2026-04-17,sh603986,兆易创新,288.96,0.78,0.0,0.0,22.61,-12.74
2026-05-07,2026-04-20,sh603986,兆易创新,290.54,0.55,0.0,0.0,23.28,-12.27
2026-05-07,2026-04-21,sh603986,兆易创新,306.27,5.41,0.0,0.0,29.95,-7.52
2026-05-07,2026-04-22,sh603986,兆易创新,313.98,2.52,0.0,0.0,33.22,-5.19
2026-05-07,2026-04-23,sh603986,兆易创新,304.8,-2.92,0.0,0.0,29.33,-7.96
2026-05-07,2026-04-24,sh603986,兆易创新,297.7,-2.33,0.0,0.0,26.32,-10.1
2026-05-07,2026-04-27,sh603986,兆易创新,303.42,1.92,0.0,0.0,28.74,-8.38
2026-05-07,2026-04-28,sh603986,兆易创新,307.5,1.34,0.0,0.0,30.47,-7.14
2026-05-07,2026-04-29,sh603986,兆易创新,308.89,0.45,0.0,0.0,31.06,-6.72
2026-05-07,2026-04-30,sh603986,兆易创新,312.99,1.33,0.0,0.0,32.8,-5.49
2026-05-07,2026-05-06,sh603986,兆易创新,344.29,10.0,0.0,0.0,46.08,0.0
2026-05-07,2026-05-07,sh603986,兆易创新,350.0,1.66,160.55,6.94,48.51,-2.06
2026-05-07,2026-01-05,sh688008,澜起科技,127.75,8.45,66.97,4.66,0.0,-1.16
2026-05-07,2026-01-06,sh688008,澜起科技,133.52,4.52,70.68,4.67,4.52,-1.56
2026-05-07,2026-01-07,sh688008,澜起科技,135.7,1.63,85.27,5.42,6.22,-5.3
2026-05-07,2026-01-08,sh688008,澜起科技,132.08,-2.67,53.73,3.52,3.39,-7.82
2026-05-07,2026-01-09,sh688008,澜起科技,132.38,0.23,46.98,3.11,3.62,-7.61
2026-05-07,2026-01-12,sh688008,澜起科技,132.24,-0.11,54.58,3.59,3.51,-7.71
2026-05-07,2026-01-13,sh688008,澜起科技,129.5,-2.07,47.56,3.17,1.37,-9.62
2026-05-07,2026-01-14,sh688008,澜起科技,132.45,2.28,69.81,4.57,3.68,-7.57
2026-05-07,2026-01-15,sh688008,澜起科技,135.2,2.08,64.7,4.19,5.83,-5.65
2026-05-07,2026-01-16,sh688008,澜起科技,142.59,5.47,90.67,5.64,11.62,-0.98
2026-05-07,2026-01-19,sh688008,澜起科技,138.9,-2.59,72.29,4.54,8.73,-3.54
2026-05-07,2026-01-20,sh688008,澜起科技,143.0,2.95,89.66,5.44,11.94,-2.72
2026-05-07,2026-01-21,sh688008,澜起科技,160.02,11.9,140.54,7.88,25.26,-1.95
2026-05-07,2026-01-22,sh688008,澜起科技,167.9,4.92,194.57,9.95,31.43,-7.65
2026-05-07,2026-01-23,sh688008,澜起科技,160.02,-4.69,120.36,6.49,25.26,-11.98
2026-05-07,2026-01-26,sh688008,澜起科技,164.11,2.56,112.89,5.94,28.46,-9.73
2026-05-07,2026-01-27,sh688008,澜起科技,169.02,2.99,108.6,5.77,32.31,-7.03
2026-05-07,2026-01-28,sh688008,澜起科技,173.26,2.51,112.21,5.67,35.62,-4.7
2026-05-07,2026-01-29,sh688008,澜起科技,162.18,-6.4,100.44,5.26,26.95,-10.79
2026-05-07,2026-01-30,sh688008,澜起科技,181.85,12.13,158.89,7.98,42.35,-2.17
2026-05-07,2026-02-02,sh688008,澜起科技,177.93,-2.16,137.66,6.63,39.28,-5.8
2026-05-07,2026-02-03,sh688008,澜起科技,182.03,2.3,124.64,5.97,42.49,-3.63
2026-05-07,2026-02-04,sh688008,澜起科技,170.9,-6.11,95.77,4.95,33.78,-9.52
2026-05-07,2026-02-05,sh688008,澜起科技,168.15,-1.61,54.33,2.83,31.62,-10.98
2026-05-07,2026-02-06,sh688008,澜起科技,163.54,-2.74,51.94,2.75,28.02,-13.42
2026-05-07,2026-02-09,sh688008,澜起科技,173.45,6.06,71.96,3.69,35.77,-8.17
2026-05-07,2026-02-10,sh688008,澜起科技,177.5,2.33,68.81,3.4,38.94,-6.02
2026-05-07,2026-02-11,sh688008,澜起科技,169.9,-4.28,48.84,2.49,32.99,-10.05
2026-05-07,2026-02-12,sh688008,澜起科技,168.11,-1.05,67.17,3.5,31.59,-11.0
2026-05-07,2026-02-13,sh688008,澜起科技,164.6,-2.09,48.76,2.55,28.85,-12.85
2026-05-07,2026-02-24,sh688008,澜起科技,174.61,6.08,69.7,3.52,36.68,-7.56
2026-05-07,2026-02-25,sh688008,澜起科技,167.74,-3.93,60.47,3.14,31.3,-11.19
2026-05-07,2026-02-26,sh688008,澜起科技,165.12,-1.56,56.89,3.0,29.25,-12.58
2026-05-07,2026-02-27,sh688008,澜起科技,163.55,-0.95,42.05,2.25,28.02,-13.41
2026-05-07,2026-03-02,sh688008,澜起科技,159.44,-2.51,50.21,2.72,24.81,-15.59
2026-05-07,2026-03-03,sh688008,澜起科技,147.89,-7.24,79.3,4.55,15.77,-21.7
2026-05-07,2026-03-04,sh688008,澜起科技,150.31,1.64,61.79,3.55,17.66,-20.42
2026-05-07,2026-03-05,sh688008,澜起科技,152.63,1.54,46.38,2.63,19.48,-19.19
2026-05-07,2026-03-06,sh688008,澜起科技,151.61,-0.67,32.09,1.84,18.68,-19.73
2026-05-07,2026-03-09,sh688008,澜起科技,148.18,-2.26,52.84,3.19,15.99,-21.55
2026-05-07,2026-03-10,sh688008,澜起科技,152.98,3.24,46.7,2.67,19.75,-19.01
2026-05-07,2026-03-11,sh688008,澜起科技,149.8,-2.08,38.05,2.2,17.26,-20.69
2026-05-07,2026-03-12,sh688008,澜起科技,147.85,-1.3,34.93,2.05,15.73,-21.72
2026-05-07,2026-03-13,sh688008,澜起科技,146.5,-0.91,39.21,2.32,14.68,-22.44
2026-05-07,2026-03-16,sh688008,澜起科技,152.5,4.1,61.46,3.57,19.37,-19.26
2026-05-07,2026-03-17,sh688008,澜起科技,146.59,-3.88,44.63,2.61,14.75,-22.39
2026-05-07,2026-03-18,sh688008,澜起科技,153.62,4.8,73.02,4.19,20.25,-18.67
2026-05-07,2026-03-19,sh688008,澜起科技,149.68,-2.56,57.72,3.34,17.17,-20.75
2026-05-07,2026-03-20,sh688008,澜起科技,144.9,-3.19,51.96,3.06,13.42,-23.28
2026-05-07,2026-03-23,sh688008,澜起科技,136.8,-5.59,53.33,3.35,7.08,-27.57
2026-05-07,2026-03-24,sh688008,澜起科技,137.57,0.56,40.7,2.62,7.69,-27.17
2026-05-07,2026-03-25,sh688008,澜起科技,142.0,3.22,46.15,2.84,11.15,-24.82
2026-05-07,2026-03-26,sh688008,澜起科技,136.99,-3.53,34.29,2.17,7.23,-27.47
2026-05-07,2026-03-27,sh688008,澜起科技,135.1,-1.38,31.55,2.05,5.75,-28.47
2026-05-07,2026-03-30,sh688008,澜起科技,132.0,-2.29,33.78,2.23,3.33,-30.11
2026-05-07,2026-03-31,sh688008,澜起科技,125.28,-5.09,46.28,3.18,-1.93,-33.67
2026-05-07,2026-04-01,sh688008,澜起科技,129.97,3.74,44.28,2.99,1.74,-31.19
2026-05-07,2026-04-02,sh688008,澜起科技,129.0,-0.75,39.94,2.67,0.98,-31.7
2026-05-07,2026-04-03,sh688008,澜起科技,127.26,-1.35,23.83,1.62,-0.38,-32.62
2026-05-07,2026-04-07,sh688008,澜起科技,127.9,0.5,25.54,1.73,0.12,-32.29
2026-05-07,2026-04-08,sh688008,澜起科技,139.21,8.84,68.07,4.37,8.97,-26.3
2026-05-07,2026-04-09,sh688008,澜起科技,139.17,-0.03,51.92,3.24,8.94,-26.32
2026-05-07,2026-04-10,sh688008,澜起科技,143.53,3.13,57.81,3.5,12.35,-24.01
2026-05-07,2026-04-13,sh688008,澜起科技,152.3,6.11,80.14,4.67,19.22,-19.37
2026-05-07,2026-04-14,sh688008,澜起科技,153.36,0.7,98.66,5.5,20.05,-18.81
2026-05-07,2026-04-15,sh688008,澜起科技,147.18,-4.03,73.91,4.29,15.21,-22.08
2026-05-07,2026-04-16,sh688008,澜起科技,151.0,2.6,59.43,3.47,18.2,-20.06
2026-05-07,2026-04-17,sh688008,澜起科技,150.78,-0.15,69.19,3.97,18.03,-20.17
2026-05-07,2026-04-20,sh688008,澜起科技,154.66,2.57,66.82,3.77,21.06,-18.12
2026-05-07,2026-04-21,sh688008,澜起科技,158.4,2.42,70.57,3.94,23.99,-16.14
2026-05-07,2026-04-22,sh688008,澜起科技,163.35,3.13,93.45,5.07,27.87,-13.52
2026-05-07,2026-04-23,sh688008,澜起科技,159.7,-2.23,101.51,5.42,25.01,-15.45
2026-05-07,2026-04-24,sh688008,澜起科技,163.5,2.38,102.59,5.42,27.98,-13.44
2026-05-07,2026-04-27,sh688008,澜起科技,178.09,8.92,145.78,7.2,39.41,-5.71
2026-05-07,2026-04-28,sh688008,澜起科技,173.61,-2.52,120.58,6.06,35.9,-8.08
2026-05-07,2026-04-29,sh688008,澜起科技,169.9,-2.14,87.4,4.51,32.99,-10.05
2026-05-07,2026-04-30,sh688008,澜起科技,173.3,2.0,102.26,5.16,35.66,-8.25
2026-05-07,2026-05-06,sh688008,澜起科技,198.98,14.82,219.18,9.6,55.76,-3.21
2026-05-07,2026-05-07,sh688008,澜起科技,208.71,4.89,163.34,6.92,63.37,-2.01
2026-05-07,2026-01-05,sz300475,香农芯创,162.99,0.0,0.0,0.0,0.0,-0.01
2026-05-07,2026-01-06,sz300475,香农芯创,170.9,4.85,0.0,0.0,4.85,-1.62
2026-05-07,2026-01-07,sz300475,香农芯创,175.03,2.42,0.0,0.0,7.39,-9.78
2026-05-07,2026-01-08,sz300475,香农芯创,169.0,-3.45,0.0,0.0,3.69,-12.89
2026-05-07,2026-01-09,sz300475,香农芯创,165.0,-2.37,0.0,0.0,1.23,-14.95
2026-05-07,2026-01-12,sz300475,香农芯创,175.0,6.06,0.0,0.0,7.37,-9.79
2026-05-07,2026-01-13,sz300475,香农芯创,165.76,-5.28,0.0,0.0,1.7,-14.56
2026-05-07,2026-01-14,sz300475,香农芯创,163.52,-1.35,0.0,0.0,0.33,-15.71
2026-05-07,2026-01-15,sz300475,香农芯创,170.53,4.29,0.0,0.0,4.63,-12.1
2026-05-07,2026-01-16,sz300475,香农芯创,179.26,5.12,0.0,0.0,9.98,-7.6
2026-05-07,2026-01-19,sz300475,香农芯创,164.7,-8.12,0.0,0.0,1.05,-15.1
2026-05-07,2026-01-20,sz300475,香农芯创,164.24,-0.28,0.0,0.0,0.77,-15.34
2026-05-07,2026-01-21,sz300475,香农芯创,162.33,-1.16,0.0,0.0,-0.4,-16.32
2026-05-07,2026-01-22,sz300475,香农芯创,161.8,-0.33,0.0,0.0,-0.73,-16.6
2026-05-07,2026-01-23,sz300475,香农芯创,157.87,-2.43,0.0,0.0,-3.14,-18.62
2026-05-07,2026-01-26,sz300475,香农芯创,162.83,3.14,0.0,0.0,-0.1,-16.07
2026-05-07,2026-01-27,sz300475,香农芯创,166.67,2.36,0.0,0.0,2.26,-14.09
2026-05-07,2026-01-28,sz300475,香农芯创,175.0,5.0,0.0,0.0,7.37,-9.79
2026-05-07,2026-01-29,sz300475,香农芯创,169.2,-3.31,0.0,0.0,3.81,-12.78
2026-05-07,2026-01-30,sz300475,香农芯创,168.56,-0.38,0.0,0.0,3.42,-13.11
2026-05-07,2026-02-02,sz300475,香农芯创,147.73,-12.36,0.0,0.0,-9.36,-23.85
2026-05-07,2026-02-03,sz300475,香农芯创,153.53,3.93,0.0,0.0,-5.8,-20.86
2026-05-07,2026-02-04,sz300475,香农芯创,144.53,-5.86,0.0,0.0,-11.33,-25.5
2026-05-07,2026-02-05,sz300475,香农芯创,139.9,-3.2,0.0,0.0,-14.17,-27.89
2026-05-07,2026-02-06,sz300475,香农芯创,137.79,-1.51,0.0,0.0,-15.46,-28.97
2026-05-07,2026-02-09,sz300475,香农芯创,140.25,1.79,0.0,0.0,-13.95,-27.71
2026-05-07,2026-02-10,sz300475,香农芯创,137.28,-2.12,0.0,0.0,-15.77,-29.24
2026-05-07,2026-02-11,sz300475,香农芯创,132.97,-3.14,0.0,0.0,-18.42,-31.46
2026-05-07,2026-02-12,sz300475,香农芯创,135.5,1.9,0.0,0.0,-16.87,-30.15
2026-05-07,2026-02-13,sz300475,香农芯创,137.98,1.83,0.0,0.0,-15.34,-28.88
2026-05-07,2026-02-24,sz300475,香农芯创,145.47,5.43,0.0,0.0,-10.75,-25.02
2026-05-07,2026-02-25,sz300475,香农芯创,143.27,-1.51,0.0,0.0,-12.1,-26.15
2026-05-07,2026-02-26,sz300475,香农芯创,148.23,3.46,0.0,0.0,-9.06,-23.59
2026-05-07,2026-02-27,sz300475,香农芯创,148.98,0.51,0.0,0.0,-8.6,-23.21
2026-05-07,2026-03-02,sz300475,香农芯创,144.86,-2.77,0.0,0.0,-11.12,-25.33
2026-05-07,2026-03-03,sz300475,香农芯创,135.18,-6.68,0.0,0.0,-17.06,-30.32
2026-05-07,2026-03-04,sz300475,香农芯创,140.52,3.95,0.0,0.0,-13.79,-27.57
2026-05-07,2026-03-05,sz300475,香农芯创,138.35,-1.54,0.0,0.0,-15.12,-28.69
2026-05-07,2026-03-06,sz300475,香农芯创,155.04,12.06,0.0,0.0,-4.88,-20.08
2026-05-07,2026-03-09,sz300475,香农芯创,157.8,1.78,0.0,0.0,-3.18,-18.66
2026-05-07,2026-03-10,sz300475,香农芯创,161.85,2.57,0.0,0.0,-0.7,-16.57
2026-05-07,2026-03-11,sz300475,香农芯创,156.83,-3.1,0.0,0.0,-3.78,-19.16
2026-05-07,2026-03-12,sz300475,香农芯创,152.7,-2.63,0.0,0.0,-6.31,-21.29
2026-05-07,2026-03-13,sz300475,香农芯创,153.55,0.56,0.0,0.0,-5.79,-20.85
2026-05-07,2026-03-16,sz300475,香农芯创,159.89,4.13,0.0,0.0,-1.9,-17.58
2026-05-07,2026-03-17,sz300475,香农芯创,153.65,-3.9,0.0,0.0,-5.73,-20.8
2026-05-07,2026-03-18,sz300475,香农芯创,169.99,10.63,0.0,0.0,4.29,-12.38
2026-05-07,2026-03-19,sz300475,香农芯创,161.68,-4.89,0.0,0.0,-0.8,-16.66
2026-05-07,2026-03-20,sz300475,香农芯创,157.15,-2.8,0.0,0.0,-3.58,-18.99
2026-05-07,2026-03-23,sz300475,香农芯创,143.19,-8.88,0.0,0.0,-12.15,-26.19
2026-05-07,2026-03-24,sz300475,香农芯创,143.79,0.42,0.0,0.0,-11.78,-25.88
2026-05-07,2026-03-25,sz300475,香农芯创,148.44,3.23,0.0,0.0,-8.93,-23.48
2026-05-07,2026-03-26,sz300475,香农芯创,147.19,-0.84,0.0,0.0,-9.69,-24.13
2026-05-07,2026-03-27,sz300475,香农芯创,143.96,-2.19,0.0,0.0,-11.68,-25.79
2026-05-07,2026-03-30,sz300475,香农芯创,137.1,-4.77,0.0,0.0,-15.88,-29.33
2026-05-07,2026-03-31,sz300475,香农芯创,125.63,-8.37,0.0,0.0,-22.92,-35.24
2026-05-07,2026-04-01,sz300475,香农芯创,128.08,1.95,0.0,0.0,-21.42,-33.98
2026-05-07,2026-04-02,sz300475,香农芯创,125.5,-2.01,0.0,0.0,-23.0,-35.31
2026-05-07,2026-04-03,sz300475,香农芯创,121.98,-2.8,0.0,0.0,-25.16,-37.12
2026-05-07,2026-04-07,sz300475,香农芯创,123.48,1.23,0.0,0.0,-24.24,-36.35
2026-05-07,2026-04-08,sz300475,香农芯创,148.18,20.0,0.0,0.0,-9.09,-23.62
2026-05-07,2026-04-09,sz300475,香农芯创,147.55,-0.43,0.0,0.0,-9.47,-23.94
2026-05-07,2026-04-10,sz300475,香农芯创,151.25,2.51,0.0,0.0,-7.2,-22.04
2026-05-07,2026-04-13,sz300475,香农芯创,152.0,0.5,0.0,0.0,-6.74,-21.65
2026-05-07,2026-04-14,sz300475,香农芯创,158.58,4.33,0.0,0.0,-2.71,-18.26
2026-05-07,2026-04-15,sz300475,香农芯创,153.94,-2.93,0.0,0.0,-5.55,-20.65
2026-05-07,2026-04-16,sz300475,香农芯创,156.8,1.86,0.0,0.0,-3.8,-19.18
2026-05-07,2026-04-17,sz300475,香农芯创,159.12,1.48,0.0,0.0,-2.37,-17.98
2026-05-07,2026-04-20,sz300475,香农芯创,164.0,3.07,0.0,0.0,0.62,-15.46
2026-05-07,2026-04-21,sz300475,香农芯创,160.82,-1.94,0.0,0.0,-1.33,-17.1
2026-05-07,2026-04-22,sz300475,香农芯创,162.12,0.81,0.0,0.0,-0.53,-16.43
2026-05-07,2026-04-23,sz300475,香农芯创,156.39,-3.53,0.0,0.0,-4.05,-19.39
2026-05-07,2026-04-24,sz300475,香农芯创,162.05,3.62,0.0,0.0,-0.58,-16.47
2026-05-07,2026-04-27,sz300475,香农芯创,170.99,5.52,0.0,0.0,4.91,-11.86
2026-05-07,2026-04-28,sz300475,香农芯创,171.61,0.36,0.0,0.0,5.29,-11.54
2026-05-07,2026-04-29,sz300475,香农芯创,174.3,1.57,0.0,0.0,6.94,-10.15
2026-05-07,2026-04-30,sz300475,香农芯创,174.7,0.23,0.0,0.0,7.18,-9.95
2026-05-07,2026-05-06,sz300475,香农芯创,194.66,11.43,0.0,0.0,19.43,-4.58
2026-05-07,2026-05-07,sz300475,香农芯创,193.0,-0.85,75.83,8.8,18.41,-5.39
