run_date,date,ticker,name,close,indexed_return_pct,drawdown_from_high_pct
2026-05-07,2026-02-09,MU,Micron,383.5,0.0,-2.12
2026-05-07,2026-02-10,MU,Micron,373.25,-2.67,-4.74
2026-05-07,2026-02-11,MU,Micron,410.34,7.0,-0.92
2026-05-07,2026-02-12,MU,Micron,413.97,7.95,-5.65
2026-05-07,2026-02-13,MU,Micron,411.66,7.34,-6.18
2026-05-07,2026-02-17,MU,Micron,399.78,4.25,-8.89
2026-05-07,2026-02-18,MU,Micron,420.95,9.77,-4.06
2026-05-07,2026-02-19,MU,Micron,417.35,8.83,-4.88
2026-05-07,2026-02-20,MU,Micron,428.17,11.65,-2.42
2026-05-07,2026-02-23,MU,Micron,420.97,9.77,-4.06
2026-05-07,2026-02-24,MU,Micron,418.01,9.0,-4.73
2026-05-07,2026-02-25,MU,Micron,429.0,11.86,-2.23
2026-05-07,2026-02-26,MU,Micron,415.56,8.36,-5.29
2026-05-07,2026-02-27,MU,Micron,412.37,7.53,-6.02
2026-05-07,2026-03-02,MU,Micron,412.67,7.61,-5.95
2026-05-07,2026-03-03,MU,Micron,379.68,-1.0,-13.47
2026-05-07,2026-03-04,MU,Micron,400.77,4.5,-8.66
2026-05-07,2026-03-05,MU,Micron,397.05,3.53,-9.51
2026-05-07,2026-03-06,MU,Micron,370.3,-3.44,-15.6
2026-05-07,2026-03-09,MU,Micron,389.32,1.52,-11.27
2026-05-07,2026-03-10,MU,Micron,403.11,5.11,-8.13
2026-05-07,2026-03-11,MU,Micron,418.69,9.18,-4.58
2026-05-07,2026-03-12,MU,Micron,405.35,5.7,-7.62
2026-05-07,2026-03-13,MU,Micron,426.13,11.12,-2.88
2026-05-07,2026-03-16,MU,Micron,441.8,15.2,-2.87
2026-05-07,2026-03-17,MU,Micron,461.69,20.39,-0.22
2026-05-07,2026-03-18,MU,Micron,461.73,20.4,-2.04
2026-05-07,2026-03-19,MU,Micron,444.27,15.85,-5.74
2026-05-07,2026-03-20,MU,Micron,422.9,10.27,-10.28
2026-05-07,2026-03-23,MU,Micron,404.35,5.44,-14.21
2026-05-07,2026-03-24,MU,Micron,395.53,3.14,-16.08
2026-05-07,2026-03-25,MU,Micron,382.09,-0.37,-18.94
2026-05-07,2026-03-26,MU,Micron,355.46,-7.31,-24.59
2026-05-07,2026-03-27,MU,Micron,357.22,-6.85,-24.21
2026-05-07,2026-03-30,MU,Micron,321.8,-16.09,-31.73
2026-05-07,2026-03-31,MU,Micron,337.84,-11.91,-28.32
2026-05-07,2026-04-01,MU,Micron,367.85,-4.08,-21.96
2026-05-07,2026-04-02,MU,Micron,366.24,-4.5,-22.3
2026-05-07,2026-04-06,MU,Micron,377.76,-1.5,-19.85
2026-05-07,2026-04-07,MU,Micron,377.58,-1.54,-19.89
2026-05-07,2026-04-08,MU,Micron,406.73,6.06,-13.71
2026-05-07,2026-04-09,MU,Micron,421.51,9.91,-10.57
2026-05-07,2026-04-10,MU,Micron,420.59,9.67,-10.77
2026-05-07,2026-04-13,MU,Micron,426.56,11.23,-9.5
2026-05-07,2026-04-14,MU,Micron,465.66,21.42,-1.21
2026-05-07,2026-04-15,MU,Micron,456.23,18.96,-3.21
2026-05-07,2026-04-16,MU,Micron,457.23,19.23,-2.99
2026-05-07,2026-04-17,MU,Micron,455.07,18.66,-3.45
2026-05-07,2026-04-20,MU,Micron,448.42,16.93,-4.86
2026-05-07,2026-04-21,MU,Micron,449.38,17.18,-4.66
2026-05-07,2026-04-22,MU,Micron,487.48,27.11,-0.91
2026-05-07,2026-04-23,MU,Micron,481.72,25.61,-2.41
2026-05-07,2026-04-24,MU,Micron,496.72,29.52,-2.03
2026-05-07,2026-04-27,MU,Micron,524.56,36.78,-1.28
2026-05-07,2026-04-28,MU,Micron,504.29,31.5,-5.09
2026-05-07,2026-04-29,MU,Micron,518.46,35.19,-2.43
2026-05-07,2026-04-30,MU,Micron,517.16,34.85,-3.42
2026-05-07,2026-05-01,MU,Micron,542.21,41.38,-0.68
2026-05-07,2026-05-04,MU,Micron,576.45,50.31,-2.76
2026-05-07,2026-05-05,MU,Micron,640.2,66.94,-1.77
2026-05-07,2026-05-06,MU,Micron,666.59,73.82,-0.16
2026-05-07,2026-02-09,WDC,Western Digital,285.99,0.0,-3.2
2026-05-07,2026-02-10,WDC,Western Digital,262.56,-8.19,-11.13
2026-05-07,2026-02-11,WDC,Western Digital,273.74,-4.28,-7.34
2026-05-07,2026-02-12,WDC,Western Digital,284.1,-0.66,-7.61
2026-05-07,2026-02-13,WDC,Western Digital,281.58,-1.54,-8.43
2026-05-07,2026-02-17,WDC,Western Digital,284.11,-0.66,-7.61
2026-05-07,2026-02-18,WDC,Western Digital,296.56,3.7,-4.3
2026-05-07,2026-02-19,WDC,Western Digital,284.67,-0.46,-8.14
2026-05-07,2026-02-20,WDC,Western Digital,285.52,-0.16,-7.87
2026-05-07,2026-02-23,WDC,Western Digital,280.42,-1.95,-9.51
2026-05-07,2026-02-24,WDC,Western Digital,270.57,-5.39,-12.69
2026-05-07,2026-02-25,WDC,Western Digital,290.95,1.73,-6.11
2026-05-07,2026-02-26,WDC,Western Digital,282.25,-1.31,-8.92
2026-05-07,2026-02-27,WDC,Western Digital,279.7,-2.2,-9.75
2026-05-07,2026-03-02,WDC,Western Digital,270.08,-5.56,-12.85
2026-05-07,2026-03-03,WDC,Western Digital,250.61,-12.37,-19.13
2026-05-07,2026-03-04,WDC,Western Digital,261.3,-8.63,-15.68
2026-05-07,2026-03-05,WDC,Western Digital,259.03,-9.43,-16.41
2026-05-07,2026-03-06,WDC,Western Digital,245.25,-14.25,-20.86
2026-05-07,2026-03-09,WDC,Western Digital,262.06,-8.37,-15.44
2026-05-07,2026-03-10,WDC,Western Digital,266.22,-6.91,-14.09
2026-05-07,2026-03-11,WDC,Western Digital,268.81,-6.01,-13.26
2026-05-07,2026-03-12,WDC,Western Digital,261.18,-8.68,-15.72
2026-05-07,2026-03-13,WDC,Western Digital,272.29,-4.79,-12.14
2026-05-07,2026-03-16,WDC,Western Digital,286.21,0.08,-7.64
2026-05-07,2026-03-17,WDC,Western Digital,313.81,9.73,-0.35
2026-05-07,2026-03-18,WDC,Western Digital,304.9,6.61,-4.61
2026-05-07,2026-03-19,WDC,Western Digital,316.93,10.82,-0.84
2026-05-07,2026-03-20,WDC,Western Digital,293.1,2.49,-8.3
2026-05-07,2026-03-23,WDC,Western Digital,294.79,3.08,-7.77
2026-05-07,2026-03-24,WDC,Western Digital,301.05,5.27,-5.81
2026-05-07,2026-03-25,WDC,Western Digital,296.14,3.55,-7.35
2026-05-07,2026-03-26,WDC,Western Digital,273.35,-4.42,-14.48
2026-05-07,2026-03-27,WDC,Western Digital,275.34,-3.72,-13.85
2026-05-07,2026-03-30,WDC,Western Digital,251.67,-12.0,-21.26
2026-05-07,2026-03-31,WDC,Western Digital,270.49,-5.42,-15.37
2026-05-07,2026-04-01,WDC,Western Digital,297.73,4.11,-6.85
2026-05-07,2026-04-02,WDC,Western Digital,294.97,3.14,-7.71
2026-05-07,2026-04-06,WDC,Western Digital,304.15,6.35,-4.84
2026-05-07,2026-04-07,WDC,Western Digital,311.96,9.08,-2.4
2026-05-07,2026-04-08,WDC,Western Digital,338.78,18.46,-2.65
2026-05-07,2026-04-09,WDC,Western Digital,337.88,18.14,-2.91
2026-05-07,2026-04-10,WDC,Western Digital,343.43,20.08,-1.81
2026-05-07,2026-04-13,WDC,Western Digital,350.16,22.44,-0.49
2026-05-07,2026-04-14,WDC,Western Digital,366.22,28.05,-0.02
2026-05-07,2026-04-15,WDC,Western Digital,365.0,27.63,-0.35
2026-05-07,2026-04-16,WDC,Western Digital,361.69,26.47,-1.82
2026-05-07,2026-04-17,WDC,Western Digital,372.52,30.26,-1.7
2026-05-07,2026-04-20,WDC,Western Digital,374.11,30.81,-1.72
2026-05-07,2026-04-21,WDC,Western Digital,383.81,34.2,-1.51
2026-05-07,2026-04-22,WDC,Western Digital,389.1,36.05,-3.21
2026-05-07,2026-04-23,WDC,Western Digital,403.12,40.96,-3.18
2026-05-07,2026-04-24,WDC,Western Digital,404.0,41.26,-2.97
2026-05-07,2026-04-27,WDC,Western Digital,400.73,40.12,-3.76
2026-05-07,2026-04-28,WDC,Western Digital,390.99,36.71,-6.1
2026-05-07,2026-04-29,WDC,Western Digital,412.76,44.33,-6.61
2026-05-07,2026-04-30,WDC,Western Digital,434.52,51.94,-1.69
2026-05-07,2026-05-01,WDC,Western Digital,431.52,50.89,-3.38
2026-05-07,2026-05-04,WDC,Western Digital,442.36,54.68,-2.53
2026-05-07,2026-05-05,WDC,Western Digital,465.26,62.68,-3.09
2026-05-07,2026-05-06,WDC,Western Digital,483.15,68.94,-0.15
2026-05-07,2026-02-09,STX,Seagate,425.0,0.0,-3.09
2026-05-07,2026-02-10,STX,Seagate,396.23,-6.77,-9.65
2026-05-07,2026-02-11,STX,Seagate,407.25,-4.18,-7.14
2026-05-07,2026-02-12,STX,Seagate,431.17,1.45,-6.23
2026-05-07,2026-02-13,STX,Seagate,425.99,0.23,-7.36
2026-05-07,2026-02-17,STX,Seagate,415.94,-2.13,-9.55
2026-05-07,2026-02-18,STX,Seagate,424.14,-0.2,-7.76
2026-05-07,2026-02-19,STX,Seagate,408.97,-3.77,-11.06
2026-05-07,2026-02-20,STX,Seagate,411.11,-3.27,-10.6
2026-05-07,2026-02-23,STX,Seagate,407.4,-4.14,-11.4
2026-05-07,2026-02-24,STX,Seagate,396.02,-6.82,-13.88
2026-05-07,2026-02-25,STX,Seagate,421.85,-0.74,-8.26
2026-05-07,2026-02-26,STX,Seagate,409.67,-3.61,-10.91
2026-05-07,2026-02-27,STX,Seagate,407.84,-4.04,-11.31
2026-05-07,2026-03-02,STX,Seagate,379.52,-10.7,-17.47
2026-05-07,2026-03-03,STX,Seagate,357.62,-15.85,-22.23
2026-05-07,2026-03-04,STX,Seagate,375.01,-11.76,-18.45
2026-05-07,2026-03-05,STX,Seagate,367.34,-13.57,-20.12
2026-05-07,2026-03-06,STX,Seagate,352.8,-16.99,-23.28
2026-05-07,2026-03-09,STX,Seagate,374.33,-11.92,-18.6
2026-05-07,2026-03-10,STX,Seagate,384.29,-9.58,-16.43
2026-05-07,2026-03-11,STX,Seagate,385.97,-9.18,-16.06
2026-05-07,2026-03-12,STX,Seagate,373.98,-12.0,-18.67
2026-05-07,2026-03-13,STX,Seagate,383.71,-9.72,-16.56
2026-05-07,2026-03-16,STX,Seagate,398.78,-6.17,-13.28
2026-05-07,2026-03-17,STX,Seagate,421.09,-0.92,-8.43
2026-05-07,2026-03-18,STX,Seagate,406.77,-4.29,-11.54
2026-05-07,2026-03-19,STX,Seagate,434.6,2.26,-5.49
2026-05-07,2026-03-20,STX,Seagate,411.23,-3.24,-10.57
2026-05-07,2026-03-23,STX,Seagate,404.02,-4.94,-12.14
2026-05-07,2026-03-24,STX,Seagate,424.96,-0.01,-7.59
2026-05-07,2026-03-25,STX,Seagate,413.22,-2.77,-10.14
2026-05-07,2026-03-26,STX,Seagate,378.79,-10.87,-17.63
2026-05-07,2026-03-27,STX,Seagate,380.07,-10.57,-17.35
2026-05-07,2026-03-30,STX,Seagate,362.43,-14.72,-21.18
2026-05-07,2026-03-31,STX,Seagate,391.76,-7.82,-14.81
2026-05-07,2026-04-01,STX,Seagate,423.12,-0.44,-7.99
2026-05-07,2026-04-02,STX,Seagate,429.36,1.03,-6.63
2026-05-07,2026-04-06,STX,Seagate,453.3,6.66,-3.6
2026-05-07,2026-04-07,STX,Seagate,468.72,10.29,-0.32
2026-05-07,2026-04-08,STX,Seagate,496.3,16.78,-4.04
2026-05-07,2026-04-09,STX,Seagate,500.77,17.83,-3.17
2026-05-07,2026-04-10,STX,Seagate,503.13,18.38,-2.72
2026-05-07,2026-04-13,STX,Seagate,513.28,20.77,-0.75
2026-05-07,2026-04-14,STX,Seagate,533.44,25.52,-0.15
2026-05-07,2026-04-15,STX,Seagate,519.6,22.26,-2.74
2026-05-07,2026-04-16,STX,Seagate,531.81,25.13,-0.45
2026-05-07,2026-04-17,STX,Seagate,547.75,28.88,-1.05
2026-05-07,2026-04-20,STX,Seagate,539.75,27.0,-2.5
2026-05-07,2026-04-21,STX,Seagate,559.9,31.74,-1.37
2026-05-07,2026-04-22,STX,Seagate,579.88,36.44,-1.04
2026-05-07,2026-04-23,STX,Seagate,587.62,38.26,-3.33
2026-05-07,2026-04-24,STX,Seagate,586.25,37.94,-3.56
2026-05-07,2026-04-27,STX,Seagate,595.86,40.2,-1.98
2026-05-07,2026-04-28,STX,Seagate,579.03,36.24,-4.75
2026-05-07,2026-04-29,STX,Seagate,643.3,51.36,-7.7
2026-05-07,2026-04-30,STX,Seagate,673.64,58.5,-3.35
2026-05-07,2026-05-01,STX,Seagate,726.93,71.04,-0.15
2026-05-07,2026-05-04,STX,Seagate,738.54,73.77,-1.4
2026-05-07,2026-05-05,STX,Seagate,771.01,81.41,-2.65
2026-05-07,2026-05-06,STX,Seagate,786.42,85.04,-0.71
2026-05-07,2026-02-09,000660.KS,SK hynix,887000.0,0.0,-1.33
2026-05-07,2026-02-10,000660.KS,SK hynix,876000.0,-1.24,-3.2
2026-05-07,2026-02-11,000660.KS,SK hynix,860000.0,-3.04,-4.97
2026-05-07,2026-02-12,000660.KS,SK hynix,888000.0,0.11,-1.88
2026-05-07,2026-02-13,000660.KS,SK hynix,880000.0,-0.79,-2.76
2026-05-07,2026-02-19,000660.KS,SK hynix,894000.0,0.79,-2.08
2026-05-07,2026-02-20,000660.KS,SK hynix,949000.0,6.99,-0.63
2026-05-07,2026-02-23,000660.KS,SK hynix,951000.0,7.22,-2.96
2026-05-07,2026-02-24,000660.KS,SK hynix,1005000.0,13.3,0.0
2026-05-07,2026-02-25,000660.KS,SK hynix,1018000.0,14.77,-1.93
2026-05-07,2026-02-26,000660.KS,SK hynix,1099000.0,23.9,0.0
2026-05-07,2026-02-27,000660.KS,SK hynix,1061000.0,19.62,-3.46
2026-05-07,2026-03-03,000660.KS,SK hynix,939000.0,5.86,-14.56
2026-05-07,2026-03-04,000660.KS,SK hynix,849000.0,-4.28,-22.75
2026-05-07,2026-03-05,000660.KS,SK hynix,941000.0,6.09,-14.38
2026-05-07,2026-03-06,000660.KS,SK hynix,924000.0,4.17,-15.92
2026-05-07,2026-03-09,000660.KS,SK hynix,836000.0,-5.75,-23.93
2026-05-07,2026-03-10,000660.KS,SK hynix,938000.0,5.75,-14.65
2026-05-07,2026-03-11,000660.KS,SK hynix,955000.0,7.67,-13.1
2026-05-07,2026-03-12,000660.KS,SK hynix,930000.0,4.85,-15.38
2026-05-07,2026-03-13,000660.KS,SK hynix,910000.0,2.59,-17.2
2026-05-07,2026-03-16,000660.KS,SK hynix,974000.0,9.81,-11.37
2026-05-07,2026-03-17,000660.KS,SK hynix,970000.0,9.36,-11.74
2026-05-07,2026-03-18,000660.KS,SK hynix,1056000.0,19.05,-3.91
2026-05-07,2026-03-19,000660.KS,SK hynix,1013000.0,14.21,-7.83
2026-05-07,2026-03-20,000660.KS,SK hynix,1007000.0,13.53,-8.37
2026-05-07,2026-03-23,000660.KS,SK hynix,933000.0,5.19,-15.1
2026-05-07,2026-03-24,000660.KS,SK hynix,986000.0,11.16,-10.28
2026-05-07,2026-03-25,000660.KS,SK hynix,995000.0,12.18,-9.46
2026-05-07,2026-03-26,000660.KS,SK hynix,933000.0,5.19,-15.1
2026-05-07,2026-03-27,000660.KS,SK hynix,933000.0,5.19,-15.1
2026-05-07,2026-03-30,000660.KS,SK hynix,873000.0,-1.58,-20.56
2026-05-07,2026-03-31,000660.KS,SK hynix,807000.0,-9.02,-26.57
2026-05-07,2026-04-01,000660.KS,SK hynix,897000.0,1.13,-18.38
2026-05-07,2026-04-02,000660.KS,SK hynix,830000.0,-6.43,-24.48
2026-05-07,2026-04-03,000660.KS,SK hynix,876000.0,-1.24,-20.29
2026-05-07,2026-04-06,000660.KS,SK hynix,886000.0,-0.11,-19.38
2026-05-07,2026-04-07,000660.KS,SK hynix,916000.0,3.27,-16.65
2026-05-07,2026-04-08,000660.KS,SK hynix,1033000.0,16.46,-6.01
2026-05-07,2026-04-09,000660.KS,SK hynix,998000.0,12.51,-9.19
2026-05-07,2026-04-10,000660.KS,SK hynix,1027000.0,15.78,-6.55
2026-05-07,2026-04-13,000660.KS,SK hynix,1040000.0,17.25,-5.37
2026-05-07,2026-04-14,000660.KS,SK hynix,1103000.0,24.35,-2.22
2026-05-07,2026-04-15,000660.KS,SK hynix,1136000.0,28.07,-3.15
2026-05-07,2026-04-16,000660.KS,SK hynix,1155000.0,30.21,-1.53
2026-05-07,2026-04-17,000660.KS,SK hynix,1128000.0,27.17,-3.84
2026-05-07,2026-04-20,000660.KS,SK hynix,1166000.0,31.45,-0.77
2026-05-07,2026-04-21,000660.KS,SK hynix,1224000.0,37.99,-0.33
2026-05-07,2026-04-22,000660.KS,SK hynix,1223000.0,37.88,-0.81
2026-05-07,2026-04-23,000660.KS,SK hynix,1225000.0,38.11,-3.31
2026-05-07,2026-04-24,000660.KS,SK hynix,1222000.0,37.77,-3.55
2026-05-07,2026-04-27,000660.KS,SK hynix,1292000.0,45.66,-1.9
2026-05-07,2026-04-28,000660.KS,SK hynix,1300000.0,46.56,-2.11
2026-05-07,2026-04-29,000660.KS,SK hynix,1293000.0,45.77,-2.64
2026-05-07,2026-04-30,000660.KS,SK hynix,1286000.0,44.98,-3.16
2026-05-07,2026-05-04,000660.KS,SK hynix,1447000.0,63.13,-0.21
2026-05-07,2026-05-06,000660.KS,SK hynix,1601000.0,80.5,-0.81
2026-05-07,2026-05-07,000660.KS,SK hynix,1655000.0,86.58,-0.6
2026-05-07,2026-02-09,005930.KS,Samsung Electronics,166400.0,0.0,-1.36
2026-05-07,2026-02-10,005930.KS,Samsung Electronics,165800.0,-0.36,-1.72
2026-05-07,2026-02-11,005930.KS,Samsung Electronics,167800.0,0.84,-0.53
2026-05-07,2026-02-12,005930.KS,Samsung Electronics,178600.0,7.33,-0.56
2026-05-07,2026-02-13,005930.KS,Samsung Electronics,181200.0,8.89,-1.74
2026-05-07,2026-02-19,005930.KS,Samsung Electronics,190000.0,14.18,-0.47
2026-05-07,2026-02-20,005930.KS,Samsung Electronics,190100.0,14.24,-0.42
2026-05-07,2026-02-23,005930.KS,Samsung Electronics,193000.0,15.99,-2.33
2026-05-07,2026-02-24,005930.KS,Samsung Electronics,200000.0,20.19,0.0
2026-05-07,2026-02-25,005930.KS,Samsung Electronics,203500.0,22.3,-1.21
2026-05-07,2026-02-26,005930.KS,Samsung Electronics,218000.0,31.01,-0.46
2026-05-07,2026-02-27,005930.KS,Samsung Electronics,216500.0,30.11,-2.91
2026-05-07,2026-03-03,005930.KS,Samsung Electronics,195100.0,17.25,-12.51
2026-05-07,2026-03-04,005930.KS,Samsung Electronics,172200.0,3.49,-22.78
2026-05-07,2026-03-05,005930.KS,Samsung Electronics,191600.0,15.14,-14.08
2026-05-07,2026-03-06,005930.KS,Samsung Electronics,188200.0,13.1,-15.61
2026-05-07,2026-03-09,005930.KS,Samsung Electronics,173500.0,4.27,-22.2
2026-05-07,2026-03-10,005930.KS,Samsung Electronics,187900.0,12.92,-15.74
2026-05-07,2026-03-11,005930.KS,Samsung Electronics,190000.0,14.18,-14.8
2026-05-07,2026-03-12,005930.KS,Samsung Electronics,187900.0,12.92,-15.74
2026-05-07,2026-03-13,005930.KS,Samsung Electronics,183500.0,10.28,-17.71
2026-05-07,2026-03-16,005930.KS,Samsung Electronics,188700.0,13.4,-15.38
2026-05-07,2026-03-17,005930.KS,Samsung Electronics,193900.0,16.53,-13.05
2026-05-07,2026-03-18,005930.KS,Samsung Electronics,208500.0,25.3,-6.5
2026-05-07,2026-03-19,005930.KS,Samsung Electronics,200500.0,20.49,-10.09
2026-05-07,2026-03-20,005930.KS,Samsung Electronics,199400.0,19.83,-10.58
2026-05-07,2026-03-23,005930.KS,Samsung Electronics,186300.0,11.96,-16.46
2026-05-07,2026-03-24,005930.KS,Samsung Electronics,189700.0,14.0,-14.93
2026-05-07,2026-03-25,005930.KS,Samsung Electronics,189000.0,13.58,-15.25
2026-05-07,2026-03-26,005930.KS,Samsung Electronics,180100.0,8.23,-19.24
2026-05-07,2026-03-27,005930.KS,Samsung Electronics,180100.0,8.23,-19.24
2026-05-07,2026-03-30,005930.KS,Samsung Electronics,176300.0,5.95,-20.94
2026-05-07,2026-03-31,005930.KS,Samsung Electronics,167200.0,0.48,-25.02
2026-05-07,2026-04-01,005930.KS,Samsung Electronics,189650.0,13.97,-14.96
2026-05-07,2026-04-02,005930.KS,Samsung Electronics,178400.0,7.21,-20.0
2026-05-07,2026-04-03,005930.KS,Samsung Electronics,186200.0,11.9,-16.5
2026-05-07,2026-04-06,005930.KS,Samsung Electronics,193100.0,16.05,-13.41
2026-05-07,2026-04-07,005930.KS,Samsung Electronics,196500.0,18.09,-11.88
2026-05-07,2026-04-08,005930.KS,Samsung Electronics,210500.0,26.5,-5.61
2026-05-07,2026-04-09,005930.KS,Samsung Electronics,204000.0,22.6,-8.52
2026-05-07,2026-04-10,005930.KS,Samsung Electronics,206000.0,23.8,-7.62
2026-05-07,2026-04-13,005930.KS,Samsung Electronics,201000.0,20.79,-9.87
2026-05-07,2026-04-14,005930.KS,Samsung Electronics,206500.0,24.1,-7.4
2026-05-07,2026-04-15,005930.KS,Samsung Electronics,211000.0,26.8,-5.38
2026-05-07,2026-04-16,005930.KS,Samsung Electronics,217500.0,30.71,-2.47
2026-05-07,2026-04-17,005930.KS,Samsung Electronics,216000.0,29.81,-3.14
2026-05-07,2026-04-20,005930.KS,Samsung Electronics,214500.0,28.91,-3.81
2026-05-07,2026-04-21,005930.KS,Samsung Electronics,219000.0,31.61,-1.79
2026-05-07,2026-04-22,005930.KS,Samsung Electronics,217500.0,30.71,-2.47
2026-05-07,2026-04-23,005930.KS,Samsung Electronics,224500.0,34.92,-2.18
2026-05-07,2026-04-24,005930.KS,Samsung Electronics,219500.0,31.91,-4.36
2026-05-07,2026-04-27,005930.KS,Samsung Electronics,224500.0,34.92,-2.18
2026-05-07,2026-04-28,005930.KS,Samsung Electronics,222000.0,33.41,-3.27
2026-05-07,2026-04-29,005930.KS,Samsung Electronics,226000.0,35.82,-1.53
2026-05-07,2026-04-30,005930.KS,Samsung Electronics,220500.0,32.51,-4.13
2026-05-07,2026-05-04,005930.KS,Samsung Electronics,232500.0,39.72,0.0
2026-05-07,2026-05-06,005930.KS,Samsung Electronics,266000.0,59.86,-1.48
2026-05-07,2026-05-07,005930.KS,Samsung Electronics,272250.0,63.61,-1.71
