discovery_date,symbol,rank,setup_score,pre20_return_pct,pre20_super_price_divergence,pre20_main_price_divergence,pre5_return_pct,pre5_super_price_divergence,launch_start_date,launch_end_date,pullback_confirm_date,pullback_confirm_reason,launch3_return_pct,launch3_max_drawdown_pct,launch3_super_net_ratio,launch3_main_net_ratio,launch3_add_buy_ratio,pullback_super_net_ratio,pullback_main_net_ratio,pullback_support_spread_avg,pullback_depth_from_launch_peak_pct,confirm_distribution_score,order_filter_available,launch_hist_order_days,launch_order_days,launch_cancel_buy_to_add_buy,launch_hist_cancel_buy_to_add_buy_avg,launch_cancel_buy_to_add_buy_vs_hist,orderbook_filter_reason
2026-03-02,sz002558,1,97.6,-19.71,0.18799,0.16851,-11.46,0.10454,2026-03-09,2026-03-11,2026-03-12,pullback_absorption_confirm,6.67,0.0,0.0141,0.07858,1.35171,-0.00662,0.02833,0.12701,-6.62,22.0,True,5.0,3.0,0.0021,0.00013,15.8255,launch_cancel_buy_to_add_buy_vs_hist_gt_2
2026-03-02,sz002345,2,89.26,-20.14,0.20629,0.21572,-15.25,0.13995,,,,no_launch,,,,,,,,,,,False,,,,,,no_launch
2026-03-02,sz002865,3,88.01,-13.46,0.13437,0.11866,-3.69,0.08566,2026-03-04,2026-03-06,2026-03-18,pullback_absorption_confirm,10.07,0.0,0.09893,0.10589,1.6158,0.00725,0.02548,-0.13093,-16.48,38.0,True,2.0,3.0,0.00558,0.00041,13.6725,launch_cancel_buy_to_add_buy_vs_hist_gt_2
2026-03-02,sz002517,4,85.91,-8.1,0.08992,0.08552,-12.67,0.14669,,,,no_launch,,,,,,,,,,,False,,,,,,no_launch
2026-03-02,sz002759,5,85.66,-13.18,0.14817,0.1308,-13.51,0.14537,2026-03-09,2026-03-11,2026-03-13,pullback_absorption_confirm,8.02,0.0,0.0105,0.05434,1.40279,0.01403,0.01224,-0.17342,-5.74,38.0,True,5.0,3.0,0.00038,0.00018,2.054,launch_cancel_buy_to_add_buy_vs_hist_gt_2
2026-03-02,sh601888,6,84.52,-13.11,0.11311,0.10299,-17.0,0.10145,,,,no_launch,,,,,,,,,,,False,,,,,,no_launch
2026-03-02,sh600370,7,83.89,-14.23,0.16965,0.12653,-16.73,0.23656,2026-03-05,2026-03-09,2026-03-10,pullback_absorption_confirm,4.09,-0.87,0.01041,0.02154,1.17565,0.01238,-0.03486,0.21601,-8.61,56.92,True,3.0,3.0,0.55976,0.47701,1.1735,
2026-03-02,sh600977,8,80.15,-13.3,0.11083,0.09162,-20.79,0.11939,,,,no_launch,,,,,,,,,,,False,,,,,,no_launch
2026-03-02,sz002326,9,79.4,-9.4,0.09074,0.08799,-14.29,0.14882,2026-03-09,2026-03-11,2026-03-25,pullback_absorption_confirm,4.46,0.0,0.00207,0.02791,1.4102,-0.04771,-0.05288,0.03006,-14.0,22.0,True,5.0,3.0,0.00027,0.00025,1.1083,
2026-03-02,sz001330,10,78.19,-7.07,0.0721,0.03458,-32.31,0.3325,,,,no_launch,,,,,,,,,,,False,,,,,,no_launch
2026-03-03,sh603778,1,88.24,-16.32,0.1415,0.10104,-6.0,0.04858,2026-03-04,2026-03-06,,no_pullback_confirm,8.15,-1.71,0.05045,0.01328,1.15163,,,,,,True,2.0,3.0,0.51046,0.50492,1.011,
2026-03-03,sz002558,2,84.61,-21.89,0.2153,0.19874,-5.76,0.04074,2026-03-09,2026-03-11,2026-03-12,pullback_absorption_confirm,6.67,0.0,0.0141,0.07858,1.35171,-0.00662,0.02833,0.12701,-6.62,22.0,True,5.0,3.0,0.0021,0.00013,15.8255,launch_cancel_buy_to_add_buy_vs_hist_gt_2
2026-03-03,sh601601,3,83.49,-9.48,0.09552,0.09795,-5.95,0.05908,,,,no_launch,,,,,,,,,,,False,,,,,,no_launch
2026-03-03,sz001330,4,77.23,-10.12,0.10389,0.0638,-25.76,0.24232,,,,no_launch,,,,,,,,,,,False,,,,,,no_launch
2026-03-03,sz002517,5,76.2,-10.52,0.11697,0.11065,-3.81,0.03185,,,,no_launch,,,,,,,,,,,False,,,,,,no_launch
2026-03-03,sh600977,6,73.94,-16.82,0.14539,0.12489,-14.43,0.07916,,,,no_launch,,,,,,,,,,,False,,,,,,no_launch
2026-03-03,sh601628,7,73.7,-10.05,0.08518,0.09371,-6.08,0.03109,,,,no_launch,,,,,,,,,,,False,,,,,,no_launch
2026-03-03,sz002345,8,71.95,-18.67,0.19081,0.19653,-8.57,0.08038,,,,no_launch,,,,,,,,,,,False,,,,,,no_launch
2026-03-03,sh603212,9,69.33,-15.28,0.15539,0.12237,-8.87,0.07179,,,,no_launch,,,,,,,,,,,False,,,,,,no_launch
2026-03-03,sh601888,10,68.99,-13.99,0.12085,0.10919,-8.31,-0.01885,,,,no_launch,,,,,,,,,,,False,,,,,,no_launch
2026-03-04,sz002371,1,91.27,-11.12,0.09523,0.09995,-10.05,0.06927,,,,no_launch,,,,,,,,,,,False,,,,,,no_launch
2026-03-04,sz002064,2,91.11,-15.33,0.15255,0.15861,-7.61,0.09731,2026-03-09,2026-03-11,,no_pullback_confirm,4.72,0.0,0.00956,0.01755,1.33892,,,,,,True,5.0,3.0,6e-05,0.00012,0.4729,
2026-03-04,sz002738,3,90.43,-14.09,0.12206,0.0992,-11.7,0.09805,,,,no_launch,,,,,,,,,,,False,,,,,,no_launch
2026-03-04,sz001309,4,88.85,-17.8,0.15887,0.16636,-8.79,0.02694,2026-03-04,2026-03-06,2026-03-09,pullback_absorption_confirm,7.77,0.0,0.09847,0.06049,1.90137,0.08069,0.1008,0.10696,-5.15,13.26,True,2.0,3.0,0.00258,0.00041,6.2863,launch_cancel_buy_to_add_buy_vs_hist_gt_2
2026-03-04,sz002400,5,88.75,-20.88,0.20811,0.1848,-12.32,0.06294,,,,no_launch,,,,,,,,,,,False,,,,,,no_launch
2026-03-04,sz002865,6,88.04,-15.89,0.16334,0.14496,-3.66,0.06184,2026-03-04,2026-03-06,2026-03-18,pullback_absorption_confirm,10.07,0.0,0.09893,0.10589,1.6158,0.00725,0.02548,-0.13093,-16.48,38.0,True,2.0,3.0,0.00558,0.00041,13.6725,launch_cancel_buy_to_add_buy_vs_hist_gt_2
2026-03-04,sh601615,7,87.18,-20.86,0.19329,0.1632,-11.15,0.09287,2026-03-06,2026-03-10,2026-03-12,pullback_absorption_confirm,4.79,0.0,0.02402,0.0714,0.88421,0.07436,0.1011,-0.09577,-3.82,50.4,True,4.0,3.0,0.43364,0.38598,1.1235,
2026-03-04,sz002558,8,85.95,-19.66,0.19376,0.18007,-6.86,0.05781,2026-03-09,2026-03-11,2026-03-12,pullback_absorption_confirm,6.67,0.0,0.0141,0.07858,1.35171,-0.00662,0.02833,0.12701,-6.62,22.0,True,5.0,3.0,0.0021,0.00013,15.8255,launch_cancel_buy_to_add_buy_vs_hist_gt_2
2026-03-04,sh600460,9,85.85,-15.5,0.14278,0.12944,-11.57,0.06882,,,,no_launch,,,,,,,,,,,False,,,,,,no_launch
2026-03-04,sz002654,10,85.01,-14.34,0.1223,0.11205,-13.79,0.08652,2026-03-04,2026-03-06,2026-03-09,pullback_absorption_confirm,9.82,0.0,0.03419,0.04805,1.44689,-0.04653,-0.08389,0.09127,-7.84,55.47,True,2.0,3.0,0.0007,0.00016,4.4214,launch_cancel_buy_to_add_buy_vs_hist_gt_2
2026-03-05,sh601615,1,97.17,-16.79,0.14875,0.12141,-13.81,0.12665,2026-03-06,2026-03-10,2026-03-12,pullback_absorption_confirm,4.79,0.0,0.02402,0.0714,0.88421,0.07436,0.1011,-0.09577,-3.82,50.4,True,4.0,3.0,0.43364,0.38598,1.1235,
2026-03-05,sh600602,2,91.75,-11.37,0.10771,0.09775,-7.81,0.12678,2026-03-05,2026-03-09,2026-03-18,pullback_absorption_confirm,12.42,0.0,0.17624,0.14632,2.0526,0.08382,0.10191,-0.01404,-10.06,52.0,True,3.0,3.0,0.70508,0.35008,2.014,launch_cancel_buy_to_add_buy_vs_hist_gt_2
2026-03-05,sh600460,3,90.43,-15.26,0.12735,0.10989,-12.66,0.06846,,,,no_launch,,,,,,,,,,,False,,,,,,no_launch
2026-03-05,sz002517,4,89.9,-16.57,0.17703,0.1676,-6.93,0.07253,,,,no_launch,,,,,,,,,,,False,,,,,,no_launch
2026-03-05,sz002943,5,89.6,-22.37,0.2219,0.20596,-12.72,0.08713,,,,no_launch,,,,,,,,,,,False,,,,,,no_launch
2026-03-05,sh600481,6,88.97,-18.14,0.17735,0.15081,-12.87,0.17484,2026-03-06,2026-03-10,2026-03-23,pullback_absorption_confirm,4.05,0.0,-0.00185,0.01005,0.86298,0.04471,0.08925,-0.07614,-16.27,52.0,True,4.0,3.0,0.4009,0.35978,1.1143,
2026-03-05,sz002400,7,88.65,-24.56,0.22377,0.19796,-10.05,0.05759,,,,no_launch,,,,,,,,,,,False,,,,,,no_launch
2026-03-05,sz002131,8,88.34,-13.06,0.12173,0.09186,-10.92,0.08708,,,,no_launch,,,,,,,,,,,False,,,,,,no_launch
2026-03-05,sh600703,9,88.2,-9.9,0.08932,0.07778,-9.39,0.09103,2026-03-10,2026-03-12,,no_pullback_confirm,16.33,0.0,0.10545,0.1078,1.16219,,,,,,True,6.0,3.0,0.53745,0.37792,1.4221,
2026-03-05,sz002115,10,87.95,-14.46,0.12228,0.09669,-10.05,0.06541,,,,no_launch,,,,,,,,,,,False,,,,,,no_launch
2026-03-06,sz002165,1,92.48,-13.08,0.13368,0.10041,-13.35,0.1167,2026-03-11,2026-03-13,2026-03-17,pullback_absorption_confirm,6.96,-2.77,0.15161,0.15958,1.60949,0.02484,0.04379,-0.09789,-6.74,37.66,True,7.0,3.0,0.01237,0.00553,2.2366,launch_cancel_buy_to_add_buy_vs_hist_gt_2
2026-03-06,sz002865,2,92.37,-13.69,0.14101,0.1203,-6.37,0.12212,,,,no_launch,,,,,,,,,,,False,,,,,,no_launch
2026-03-06,sz000603,3,91.91,-21.44,0.20854,0.19358,-7.81,0.07962,,,,no_launch,,,,,,,,,,,False,,,,,,no_launch
2026-03-06,sz000880,4,90.91,-9.92,0.09474,0.08637,-15.83,0.11994,,,,no_launch,,,,,,,,,,,False,,,,,,no_launch
2026-03-06,sz000426,5,88.82,-16.86,0.14379,0.1397,-7.32,0.05371,,,,no_launch,,,,,,,,,,,False,,,,,,no_launch
2026-03-06,sz001330,6,88.25,-17.29,0.17417,0.1335,-12.46,0.11533,,,,no_launch,,,,,,,,,,,False,,,,,,no_launch
2026-03-06,sz002943,7,88.22,-20.46,0.20298,0.18485,-16.38,0.1482,,,,no_launch,,,,,,,,,,,False,,,,,,no_launch
2026-03-06,sh600610,8,86.63,-20.43,0.1961,0.16988,-13.22,0.10787,2026-03-13,2026-03-17,,no_pullback_confirm,4.93,-1.67,0.15118,0.13504,1.52349,,,,,,True,9.0,3.0,0.60916,0.40837,1.4917,
2026-03-06,sh603920,9,85.96,-9.62,0.08025,0.06709,-16.43,0.1059,2026-03-09,2026-03-11,,no_pullback_confirm,4.92,0.0,0.03968,0.03121,0.86464,,,,,,True,5.0,3.0,0.3967,0.35393,1.1208,
2026-03-06,sz002558,10,85.31,-19.33,0.19238,0.18067,-4.37,0.05363,2026-03-09,2026-03-11,2026-03-12,pullback_absorption_confirm,6.67,0.0,0.0141,0.07858,1.35171,-0.00662,0.02833,0.12701,-6.62,22.0,True,5.0,3.0,0.0021,0.00013,15.8255,launch_cancel_buy_to_add_buy_vs_hist_gt_2
2026-03-09,sz002716,1,94.7,-13.24,0.1125,0.08619,-14.39,0.1024,,,,no_launch,,,,,,,,,,,False,,,,,,no_launch
2026-03-09,sz000603,2,94.26,-13.22,0.1205,0.10793,-15.75,0.15246,,,,no_launch,,,,,,,,,,,False,,,,,,no_launch
2026-03-09,sz000506,3,92.35,-13.46,0.1253,0.10225,-10.48,0.1108,,,,no_launch,,,,,,,,,,,False,,,,,,no_launch
2026-03-09,sh601212,4,88.85,-18.29,0.1647,0.13724,-14.61,0.12168,,,,no_launch,,,,,,,,,,,False,,,,,,no_launch
2026-03-09,sz002565,5,86.97,-12.87,0.1268,0.09753,-10.62,0.0501,2026-03-13,2026-03-17,2026-03-18,pullback_absorption_confirm,11.75,0.0,0.28902,0.19103,2.35126,0.17368,0.16113,0.46833,-3.8,12.0,True,9.0,3.0,0.01233,0.00033,37.2862,launch_cancel_buy_to_add_buy_vs_hist_gt_2
2026-03-09,sh601615,6,85.68,-15.21,0.13636,0.10985,-7.54,0.04461,2026-03-11,2026-03-13,,no_pullback_confirm,5.18,0.0,0.04854,0.09361,0.80239,,,,,,True,7.0,3.0,0.36501,0.40259,0.9067,
2026-03-09,sh600916,7,84.92,-19.0,0.1777,0.12924,-13.64,0.15373,,,,no_launch,,,,,,,,,,,False,,,,,,no_launch
2026-03-09,sh600531,8,83.49,-17.83,0.13063,0.11924,-14.64,0.11232,,,,no_launch,,,,,,,,,,,False,,,,,,no_launch
2026-03-09,sz002558,9,82.23,-16.04,0.15984,0.14686,-3.71,0.0465,2026-03-09,2026-03-11,2026-03-12,pullback_absorption_confirm,6.67,0.0,0.0141,0.07858,1.35171,-0.00662,0.02833,0.12701,-6.62,22.0,True,5.0,3.0,0.0021,0.00013,15.8255,launch_cancel_buy_to_add_buy_vs_hist_gt_2
2026-03-09,sz001330,10,82.17,-22.57,0.22825,0.18574,-6.68,0.06588,,,,no_launch,,,,,,,,,,,False,,,,,,no_launch
2026-03-10,sh600115,1,94.4,-15.41,0.13845,0.11965,-10.56,0.08862,,,,no_launch,,,,,,,,,,,False,,,,,,no_launch
2026-03-10,sh603225,2,93.16,-14.84,0.12959,0.1352,-15.18,0.14687,,,,no_launch,,,,,,,,,,,False,,,,,,no_launch
2026-03-10,sz002222,3,86.39,-12.0,0.12024,0.1077,-8.96,0.05841,,,,no_launch,,,,,,,,,,,False,,,,,,no_launch
2026-03-10,sh601021,4,84.66,-14.82,0.1442,0.15735,-7.42,0.08349,,,,no_launch,,,,,,,,,,,False,,,,,,no_launch
2026-03-10,sz002558,5,84.6,-20.49,0.19802,0.1882,-4.58,0.02647,,,,no_launch,,,,,,,,,,,False,,,,,,no_launch
2026-03-10,sz002938,6,84.23,-20.05,0.1782,0.17657,-5.9,0.03088,,,,no_launch,,,,,,,,,,,False,,,,,,no_launch
2026-03-10,sh601111,7,83.83,-13.29,0.10948,0.09474,-7.7,0.08409,,,,no_launch,,,,,,,,,,,False,,,,,,no_launch
2026-03-10,sz001270,8,81.68,-27.06,0.23279,0.18799,-11.32,0.03619,2026-03-17,2026-03-19,2026-03-26,pullback_absorption_confirm,6.79,0.0,0.0412,0.02593,1.61634,0.01249,0.0393,0.03087,-16.87,22.0,True,11.0,3.0,0.00052,0.00059,0.8777,
2026-03-10,sh603119,9,77.49,-20.54,0.16389,0.12317,-4.08,-0.06234,,,,no_launch,,,,,,,,,,,False,,,,,,no_launch
2026-03-10,sh601336,10,77.22,-11.04,0.09705,0.09473,-6.83,0.06277,,,,no_launch,,,,,,,,,,,False,,,,,,no_launch
2026-03-11,sz002512,1,92.13,-27.5,0.27746,0.25774,-18.57,0.5702,2026-03-11,2026-03-13,2026-03-16,pullback_absorption_confirm,5.56,0.0,-0.00164,0.04762,1.44278,0.06115,0.19953,0.58161,-6.5,12.0,True,6.0,3.0,8e-05,0.0,0.0,
2026-03-11,sh600595,2,83.84,-10.57,0.08978,0.10195,-9.78,0.08875,,,,no_launch,,,,,,,,,,,False,,,,,,no_launch
2026-03-11,sh601111,3,78.16,-18.07,0.15607,0.14271,-5.26,0.05477,,,,no_launch,,,,,,,,,,,False,,,,,,no_launch
2026-03-11,sh600115,4,77.69,-22.61,0.20993,0.18703,-7.07,0.06048,,,,no_launch,,,,,,,,,,,False,,,,,,no_launch
2026-03-11,sz000301,5,75.46,-7.4,0.08459,0.07098,-14.22,0.11782,,,,no_launch,,,,,,,,,,,False,,,,,,no_launch
2026-03-11,sz001979,6,71.82,-13.8,0.13211,0.1269,-4.0,0.03927,,,,no_launch,,,,,,,,,,,False,,,,,,no_launch
2026-03-11,sz002165,7,70.5,-17.28,0.16585,0.13009,3.64,0.02224,2026-03-11,2026-03-13,2026-03-17,pullback_absorption_confirm,6.96,-2.77,0.15161,0.15958,1.60949,0.02484,0.04379,-0.09789,-6.74,37.66,True,7.0,3.0,0.01237,0.00553,2.2366,launch_cancel_buy_to_add_buy_vs_hist_gt_2
2026-03-11,sh600346,8,70.46,-10.13,0.06088,0.0542,-6.27,0.06151,,,,no_launch,,,,,,,,,,,False,,,,,,no_launch
2026-03-11,sh603920,9,70.33,-18.08,0.16213,0.15086,1.6,-0.00501,,,,no_launch,,,,,,,,,,,False,,,,,,no_launch
2026-03-11,sh603737,10,70.27,-15.07,0.13427,0.14042,-4.76,0.03559,2026-03-12,2026-03-16,2026-03-18,pullback_absorption_confirm,4.46,0.0,0.02004,0.02867,0.91286,-0.00342,0.01927,-0.05196,-4.29,44.31,True,8.0,3.0,0.48236,0.47351,1.0187,
2026-03-12,sh603061,1,91.99,-17.9,0.14376,0.1294,-8.89,0.08911,,,,no_launch,,,,,,,,,,,False,,,,,,no_launch
2026-03-12,sz002512,2,88.82,-28.48,0.28756,0.28243,-16.44,0.21591,2026-03-12,2026-03-16,,no_pullback_confirm,5.51,0.0,0.01116,0.07271,1.52947,,,,,,True,7.0,3.0,9e-05,1e-05,10.0029,launch_cancel_buy_to_add_buy_vs_hist_gt_2
2026-03-12,sh600115,3,85.22,-25.27,0.22777,0.20189,-6.48,0.05229,,,,no_launch,,,,,,,,,,,False,,,,,,no_launch
2026-03-12,sh603992,4,75.84,-29.54,0.25729,0.23153,-6.64,0.06286,2026-03-13,2026-03-17,2026-03-18,pullback_absorption_confirm,4.03,-5.69,0.05826,0.08996,1.42499,0.02406,0.16161,0.19614,-4.74,36.0,True,9.0,3.0,0.55344,0.51805,1.0683,
2026-03-12,sh601111,5,72.74,-18.76,0.16694,0.14033,-3.66,0.03611,,,,no_launch,,,,,,,,,,,False,,,,,,no_launch
2026-03-12,sh601015,6,72.38,-7.48,0.0889,0.07442,-7.66,0.04572,2026-03-17,2026-03-19,2026-03-20,pullback_absorption_confirm,5.76,-3.91,0.14028,0.11488,1.60454,0.01087,0.04743,-0.0214,-5.0,33.34,True,11.0,3.0,0.59097,0.42233,1.3993,
2026-03-12,sh600346,7,72.21,-8.52,0.04178,0.03768,-13.32,0.12646,,,,no_launch,,,,,,,,,,,False,,,,,,no_launch
2026-03-12,sh601021,8,71.79,-18.03,0.17217,0.18891,-2.01,0.03269,,,,no_launch,,,,,,,,,,,False,,,,,,no_launch
2026-03-12,sh603121,9,71.36,-9.51,0.11739,0.14885,-23.68,0.20927,,,,no_launch,,,,,,,,,,,False,,,,,,no_launch
2026-03-12,sh603885,10,69.87,-20.97,0.20396,0.18993,-3.49,0.03999,,,,no_launch,,,,,,,,,,,False,,,,,,no_launch
2026-03-13,sz002517,1,97.51,-15.77,0.16629,0.14972,-13.83,0.11972,,,,no_launch,,,,,,,,,,,False,,,,,,no_launch
2026-03-13,sh600391,2,91.97,-17.0,0.14785,0.11984,-12.68,0.14043,,,,no_launch,,,,,,,,,,,False,,,,,,no_launch
2026-03-13,sh600115,3,91.05,-25.56,0.23106,0.20661,-8.04,0.07919,,,,no_launch,,,,,,,,,,,False,,,,,,no_launch
2026-03-13,sz002165,4,87.47,-11.85,0.11913,0.08863,-5.0,0.09049,,,,no_launch,,,,,,,,,,,False,,,,,,no_launch
2026-03-13,sh605499,5,81.6,-17.74,0.17655,0.17287,-3.68,0.04127,2026-03-13,2026-03-17,2026-03-18,pullback_absorption_confirm,4.59,-0.56,0.02275,0.07377,1.11988,-0.01221,-0.03444,0.05788,-4.35,56.66,True,9.0,3.0,0.53732,0.48127,1.1165,
2026-03-13,sh603121,6,79.99,-11.09,0.13,0.16032,-23.86,0.19527,,,,no_launch,,,,,,,,,,,False,,,,,,no_launch
2026-03-13,sz002931,7,78.1,-29.27,0.24053,0.20383,-8.01,0.04965,,,,no_launch,,,,,,,,,,,False,,,,,,no_launch
2026-03-13,sz002928,8,77.39,-20.52,0.19867,0.19049,-5.53,0.06429,,,,no_launch,,,,,,,,,,,False,,,,,,no_launch
2026-03-13,sh601021,9,77.13,-17.94,0.17221,0.1892,-3.91,0.05544,,,,no_launch,,,,,,,,,,,False,,,,,,no_launch
2026-03-13,sh601888,10,77.04,-20.12,0.16982,0.13739,-3.72,-0.02363,,,,no_launch,,,,,,,,,,,False,,,,,,no_launch
2026-03-16,sz002517,1,96.88,-15.52,0.16693,0.15401,-9.95,0.09674,2026-03-23,2026-03-25,2026-03-26,pullback_absorption_confirm,5.08,0.0,0.01554,0.01141,1.41238,0.07551,0.01828,-0.03808,-4.2,35.71,True,15.0,3.0,0.00013,0.00017,0.7525,
2026-03-16,sz002149,2,95.83,-20.39,0.20517,0.17322,-8.55,0.06694,,,,no_launch,,,,,,,,,,,False,,,,,,no_launch
2026-03-16,sz002342,3,87.71,-33.78,0.3136,0.27282,-6.7,0.051,,,,no_launch,,,,,,,,,,,False,,,,,,no_launch
2026-03-16,sz002565,4,83.41,-27.92,0.24983,0.21188,-9.41,0.05722,2026-03-16,2026-03-18,2026-03-23,pullback_absorption_confirm,20.97,0.0,0.26194,0.22229,2.07163,0.2581,0.24764,1.68225,-7.09,22.0,True,10.0,3.0,0.00894,0.0003,29.3913,launch_cancel_buy_to_add_buy_vs_hist_gt_2
2026-03-16,sh600986,5,83.17,-25.2,0.21176,0.18294,-7.69,0.05778,,,,no_launch,,,,,,,,,,,False,,,,,,no_launch
2026-03-16,sh603061,6,82.39,-15.0,0.11456,0.09617,-11.22,0.10769,,,,no_launch,,,,,,,,,,,False,,,,,,no_launch
2026-03-16,sz001208,7,80.44,-16.35,0.1464,0.11946,-9.1,0.07329,,,,no_launch,,,,,,,,,,,False,,,,,,no_launch
2026-03-16,sz002471,8,80.19,-20.0,0.20065,0.15519,-10.7,0.09321,,,,no_launch,,,,,,,,,,,False,,,,,,no_launch
2026-03-16,sz002131,9,79.15,-10.94,0.10107,0.06719,-10.22,0.04762,2026-03-23,2026-03-25,2026-03-27,pullback_absorption_confirm,7.53,0.0,0.02853,0.0323,1.46087,0.00786,0.02824,-0.24745,-5.16,38.0,True,15.0,3.0,0.00039,0.00045,0.8658,
2026-03-16,sz002519,10,79.12,-13.36,0.12828,0.10137,-8.92,0.07033,2026-03-20,2026-03-24,2026-03-27,pullback_absorption_confirm,4.49,-5.01,0.13957,0.08579,2.25421,0.04677,0.05495,-0.25756,-3.98,38.0,True,14.0,3.0,0.01455,0.00037,38.8489,launch_cancel_buy_to_add_buy_vs_hist_gt_2
2026-03-17,sz002517,1,100.0,-21.33,0.22519,0.21033,-11.35,0.11441,2026-03-23,2026-03-25,2026-03-26,pullback_absorption_confirm,5.08,0.0,0.01554,0.01141,1.41238,0.07551,0.01828,-0.03808,-4.2,35.71,True,15.0,3.0,0.00013,0.00017,0.7525,
2026-03-17,sz002865,2,97.26,-17.4,0.17501,0.1595,-10.79,0.05844,,,,no_launch,,,,,,,,,,,False,,,,,,no_launch
2026-03-17,sh600481,3,95.4,-31.89,0.30029,0.26474,-11.29,0.09047,2026-03-19,2026-03-23,2026-04-08,pullback_absorption_confirm,4.81,0.0,0.03287,0.05223,0.90414,0.00957,0.00393,-0.03021,-16.89,52.0,True,13.0,3.0,0.42411,0.38256,1.1086,
2026-03-17,sh603881,4,92.97,-14.58,0.13236,0.11604,-9.55,0.06407,2026-03-17,2026-03-19,2026-03-25,pullback_absorption_confirm,12.38,0.0,0.09605,0.07419,1.83128,0.03082,0.04516,-0.07034,-14.55,52.0,True,11.0,3.0,0.6875,0.35102,1.9586,
2026-03-17,sz002565,5,89.19,-19.03,0.15711,0.11299,-8.03,0.0521,2026-03-17,2026-03-19,2026-03-23,pullback_absorption_confirm,16.42,0.0,0.13648,0.12469,1.73877,0.2581,0.24764,1.68225,-13.84,22.0,True,11.0,3.0,0.0064,0.00032,20.2034,launch_cancel_buy_to_add_buy_vs_hist_gt_2
2026-03-17,sz000506,6,88.96,-11.16,0.10792,0.08946,-14.51,0.12078,2026-03-23,2026-03-25,2026-03-30,pullback_absorption_confirm,7.85,0.0,0.02236,0.01887,1.3595,0.00399,0.02404,0.03746,-7.62,12.0,True,15.0,3.0,0.00015,0.0008,0.1921,
2026-03-17,sh605376,7,88.95,-17.11,0.1801,0.15216,-7.76,0.05268,2026-03-23,2026-03-25,2026-03-26,pullback_absorption_confirm,6.48,0.0,0.02705,0.02205,1.09117,-0.00585,0.0414,-0.02716,-5.49,40.9,True,15.0,3.0,0.54173,0.48245,1.1229,
2026-03-17,sh600031,8,88.87,-12.32,0.12697,0.12237,-5.49,0.06739,2026-03-23,2026-03-25,2026-03-31,pullback_absorption_confirm,5.79,0.0,-0.0161,0.02908,0.9411,0.02805,0.06866,-0.01053,-6.29,52.0,True,15.0,3.0,0.43077,0.35597,1.2101,
2026-03-17,sz002218,9,88.85,-21.45,0.19121,0.16572,-10.49,0.07552,2026-03-19,2026-03-23,2026-03-31,pullback_absorption_confirm,10.57,0.0,0.24625,0.24458,2.07042,0.19144,0.16764,0.97974,-8.95,25.57,True,13.0,3.0,0.01998,0.0003,67.0283,launch_cancel_buy_to_add_buy_vs_hist_gt_2
2026-03-17,sh603979,10,87.84,-17.77,0.17274,0.15277,-9.79,0.08816,2026-03-23,2026-03-25,2026-03-26,pullback_absorption_confirm,11.51,0.0,0.03147,0.07667,0.88665,-0.06094,-0.02176,0.0332,-7.08,48.25,True,15.0,3.0,0.42774,0.44758,0.9557,
2026-03-18,sz002361,1,95.03,-14.41,0.15323,0.12725,-10.91,0.12531,2026-03-24,2026-03-26,2026-03-27,pullback_absorption_confirm,11.71,0.0,0.13814,0.13531,1.83646,0.26169,0.23961,1.31472,-3.15,21.76,True,16.0,3.0,0.00762,0.00033,23.2459,launch_cancel_buy_to_add_buy_vs_hist_gt_2
2026-03-18,sh603601,2,94.98,-11.57,0.16994,0.1358,-14.06,0.09873,2026-03-23,2026-03-25,,no_pullback_confirm,14.21,0.0,0.2009,0.16062,1.26571,,,,,,True,15.0,3.0,0.5354,0.39751,1.3469,
2026-03-18,sz000425,3,94.22,-10.74,0.12489,0.1304,-12.2,0.1378,2026-03-23,2026-03-25,2026-03-27,pullback_absorption_confirm,4.97,0.0,0.01469,0.06644,1.44632,0.0096,0.13282,0.11549,-5.88,12.0,True,15.0,3.0,1e-05,0.00016,0.0492,
2026-03-18,sh600031,4,92.39,-13.21,0.14152,0.13563,-6.74,0.08478,2026-03-23,2026-03-25,2026-03-31,pullback_absorption_confirm,5.79,0.0,-0.0161,0.02908,0.9411,0.02805,0.06866,-0.01053,-6.29,52.0,True,15.0,3.0,0.43077,0.35597,1.2101,
2026-03-18,sz002558,5,92.1,-17.28,0.17363,0.17342,-5.4,0.06105,,,,no_launch,,,,,,,,,,,False,,,,,,no_launch
2026-03-18,sh601168,6,92.06,-14.24,0.124,0.12538,-10.11,0.0623,2026-03-23,2026-03-25,2026-03-27,pullback_absorption_confirm,7.09,0.0,0.0313,0.01574,0.84205,0.0324,0.03364,0.01585,-7.97,29.11,True,15.0,3.0,0.38571,0.38528,1.0011,
2026-03-18,sh603979,7,91.96,-22.43,0.22041,0.20209,-10.76,0.10209,2026-03-23,2026-03-25,2026-03-26,pullback_absorption_confirm,11.51,0.0,0.03147,0.07667,0.88665,-0.06094,-0.02176,0.0332,-7.08,48.25,True,15.0,3.0,0.42774,0.44758,0.9557,
2026-03-18,sh603881,8,91.89,-16.14,0.13954,0.12148,-8.83,0.0591,2026-03-23,2026-03-25,2026-03-27,pullback_absorption_confirm,8.5,0.0,0.01622,0.02288,0.91556,0.01816,-0.02839,0.00248,-7.93,53.03,True,15.0,3.0,0.41617,0.38196,1.0896,
2026-03-18,sh601100,9,91.79,-14.88,0.14483,0.12735,-9.47,0.09583,,,,no_launch,,,,,,,,,,,False,,,,,,no_launch
2026-03-18,sh603993,10,89.92,-16.33,0.12998,0.10454,-9.59,0.04563,2026-03-23,2026-03-25,2026-03-27,pullback_absorption_confirm,8.49,0.0,0.03712,0.0148,0.86978,0.04637,0.06506,-0.0655,-6.72,46.48,True,15.0,3.0,0.39653,0.35821,1.107,
2026-03-19,sh603979,1,92.67,-23.83,0.23254,0.21691,-9.6,0.08473,2026-03-23,2026-03-25,2026-03-26,pullback_absorption_confirm,11.51,0.0,0.03147,0.07667,0.88665,-0.06094,-0.02176,0.0332,-7.08,48.25,True,15.0,3.0,0.42774,0.44758,0.9557,
2026-03-19,sz000425,2,88.04,-11.67,0.13694,0.14148,-6.28,0.07891,2026-03-23,2026-03-25,2026-03-27,pullback_absorption_confirm,4.97,0.0,0.01469,0.06644,1.44632,0.0096,0.13282,0.11549,-5.88,12.0,True,15.0,3.0,1e-05,0.00016,0.0492,
2026-03-19,sz000703,3,87.57,-13.64,0.17667,0.18388,-8.65,0.09726,2026-03-19,2026-03-23,,no_pullback_confirm,12.23,0.0,0.00049,0.02689,2.07555,,,,,,True,13.0,3.0,0.01476,0.00118,12.4688,launch_cancel_buy_to_add_buy_vs_hist_gt_2
2026-03-19,sz002493,4,86.96,-15.66,0.1646,0.14271,-7.54,0.09298,2026-03-23,2026-03-25,2026-03-26,pullback_absorption_confirm,5.85,0.0,0.02287,0.03691,1.42405,0.02705,0.00266,-0.04039,-3.45,36.54,True,15.0,3.0,0.00014,0.0003,0.4506,
2026-03-19,sh601168,5,83.48,-17.45,0.15629,0.15131,-9.85,0.06603,2026-03-23,2026-03-25,2026-03-27,pullback_absorption_confirm,7.09,0.0,0.0313,0.01574,0.84205,0.0324,0.03364,0.01585,-7.97,29.11,True,15.0,3.0,0.38571,0.38528,1.0011,
2026-03-19,sh603612,6,82.64,-9.03,0.08886,0.09695,-13.95,0.14573,,,,no_launch,,,,,,,,,,,False,,,,,,no_launch
2026-03-19,sz002444,7,82.55,-14.75,0.16539,0.17843,-7.22,0.13324,,,,no_launch,,,,,,,,,,,False,,,,,,no_launch
2026-03-19,sh603799,8,82.47,-19.31,0.17972,0.17189,-10.16,0.06077,2026-03-23,2026-03-25,2026-03-27,pullback_absorption_confirm,6.11,0.0,0.00089,0.01811,0.90251,0.04919,0.08284,-0.02032,-3.52,33.32,True,15.0,3.0,0.40119,0.35934,1.1165,
2026-03-19,sz002254,9,81.48,-11.85,0.12618,0.12953,-13.83,0.16931,,,,no_launch,,,,,,,,,,,False,,,,,,no_launch
2026-03-19,sz002440,10,81.26,-16.92,0.16271,0.1544,-10.39,0.07275,,,,no_launch,,,,,,,,,,,False,,,,,,no_launch
2026-03-20,sz002407,1,98.9,-15.81,0.15322,0.13854,-16.82,0.13866,2026-03-24,2026-03-26,2026-03-27,pullback_absorption_confirm,5.74,0.0,0.01865,0.03076,1.37507,0.07595,0.0877,-0.133,-6.79,38.0,True,16.0,3.0,0.00057,0.00065,0.8824,
2026-03-20,sh603799,2,98.31,-22.06,0.20164,0.18571,-15.44,0.10293,2026-03-23,2026-03-25,2026-03-27,pullback_absorption_confirm,6.11,0.0,0.00089,0.01811,0.90251,0.04919,0.08284,-0.02032,-3.52,33.32,True,15.0,3.0,0.40119,0.35934,1.1165,
2026-03-20,sh601168,3,96.62,-18.14,0.16236,0.15322,-12.99,0.09814,2026-03-23,2026-03-25,2026-03-27,pullback_absorption_confirm,7.09,0.0,0.0313,0.01574,0.84205,0.0324,0.03364,0.01585,-7.97,29.11,True,15.0,3.0,0.38571,0.38528,1.0011,
2026-03-20,sh601615,4,96.29,-12.98,0.1191,0.10055,-11.84,0.11175,,,,no_launch,,,,,,,,,,,False,,,,,,no_launch
2026-03-20,sz000425,5,94.84,-13.06,0.14817,0.15608,-9.37,0.07908,2026-03-23,2026-03-25,2026-03-27,pullback_absorption_confirm,4.97,0.0,0.01469,0.06644,1.44632,0.0096,0.13282,0.11549,-5.88,12.0,True,15.0,3.0,1e-05,0.00016,0.0492,
2026-03-20,sz002080,6,94.11,-12.28,0.13423,0.13264,-8.79,0.07117,,,,no_launch,,,,,,,,,,,False,,,,,,no_launch
2026-03-20,sh600711,7,93.55,-26.59,0.22401,0.17862,-13.77,0.09428,2026-03-24,2026-03-26,2026-03-27,pullback_absorption_confirm,5.14,-1.23,0.04477,0.04169,0.8373,0.06634,0.08326,-0.09764,-4.37,51.62,True,16.0,3.0,0.40034,0.3539,1.1312,
2026-03-20,sz002759,8,93.22,-14.11,0.13217,0.11615,-11.28,0.10093,2026-03-23,2026-03-25,,no_pullback_confirm,4.5,0.0,-0.00246,0.00995,1.43905,,,,,,True,15.0,3.0,0.00053,0.0004,1.329,
2026-03-20,sh603979,9,93.12,-25.17,0.24453,0.23026,-12.31,0.1256,2026-03-23,2026-03-25,2026-03-26,pullback_absorption_confirm,11.51,0.0,0.03147,0.07667,0.88665,-0.06094,-0.02176,0.0332,-7.08,48.25,True,15.0,3.0,0.42774,0.44758,0.9557,
2026-03-20,sz002340,10,92.51,-15.16,0.15061,0.13864,-11.45,0.05723,,,,no_launch,,,,,,,,,,,False,,,,,,no_launch
2026-03-23,sz002342,1,98.7,-37.41,0.36664,0.32974,-15.93,0.17973,2026-03-26,2026-03-30,2026-04-08,pullback_absorption_confirm,7.03,0.0,0.02466,0.04421,1.40174,0.13847,0.11828,0.44592,-4.94,12.0,True,18.0,3.0,0.00028,0.00172,0.1642,
2026-03-23,sz002532,2,98.28,-15.14,0.15648,0.15515,-16.11,0.13726,2026-03-23,2026-03-25,2026-03-27,pullback_absorption_confirm,4.36,0.0,0.01473,0.03553,1.28607,0.06479,0.08672,-0.11954,-3.82,38.0,True,15.0,3.0,0.00022,0.00173,0.1252,
2026-03-23,sz002379,3,96.99,-13.74,0.1335,0.12606,-14.53,0.14885,2026-03-23,2026-03-25,2026-03-27,pullback_absorption_confirm,5.13,0.0,-0.00775,0.03629,1.36014,0.04986,0.02947,-0.10309,-3.87,38.0,True,15.0,3.0,0.00016,0.00026,0.602,
2026-03-23,sh600141,4,96.87,-17.72,0.1677,0.17031,-14.77,0.10727,2026-03-26,2026-03-30,2026-03-31,pullback_absorption_confirm,5.15,0.0,0.03016,0.05316,0.85337,0.00895,-0.07353,0.09253,-4.32,69.76,True,18.0,3.0,0.39326,0.38088,1.0325,
2026-03-23,sz002165,5,96.03,-17.95,0.20364,0.16945,-17.2,0.13329,,,,no_launch,,,,,,,,,,,False,,,,,,no_launch
2026-03-23,sz000807,6,94.84,-11.42,0.11391,0.11182,-16.16,0.14838,,,,no_launch,,,,,,,,,,,False,,,,,,no_launch
2026-03-23,sz002759,7,94.23,-25.96,0.25287,0.23897,-14.66,0.12165,2026-03-23,2026-03-25,,no_pullback_confirm,4.5,0.0,-0.00246,0.00995,1.43905,,,,,,True,15.0,3.0,0.00053,0.0004,1.329,
2026-03-23,sz002558,8,92.77,-23.34,0.22829,0.22179,-8.25,0.05675,2026-03-30,2026-04-01,2026-04-02,pullback_absorption_confirm,10.37,0.0,0.02448,0.02102,1.82844,0.03691,0.08709,-0.04879,-3.4,29.56,True,20.0,3.0,0.00835,0.00065,12.7944,launch_cancel_buy_to_add_buy_vs_hist_gt_2
2026-03-23,sz002270,9,92.39,-21.78,0.22248,0.20914,-11.75,0.09073,2026-03-23,2026-03-25,2026-03-26,pullback_absorption_confirm,4.21,0.0,0.01235,0.00131,1.34738,-0.01973,-0.08855,0.04929,-4.46,58.17,True,15.0,3.0,0.0004,0.00045,0.886,
2026-03-23,sz000703,10,92.31,-19.1,0.22412,0.23268,-11.15,0.08964,2026-03-23,2026-03-25,2026-03-27,pullback_absorption_confirm,8.11,0.0,0.05098,0.0645,1.93535,0.03051,0.08327,-0.12498,-5.41,48.0,True,15.0,3.0,0.01498,0.00104,14.3943,launch_cancel_buy_to_add_buy_vs_hist_gt_2
2026-03-24,sh600547,1,100.0,-21.26,0.19105,0.17184,-16.76,0.11887,2026-03-26,2026-03-30,2026-04-02,pullback_absorption_confirm,6.99,0.0,0.02424,0.04068,0.9068,-0.08786,-0.14674,0.06143,-4.1,68.84,True,18.0,3.0,0.42507,0.38761,1.0967,
2026-03-24,sz000960,2,100.0,-17.91,0.16487,0.15102,-13.83,0.11328,2026-03-26,2026-03-30,2026-04-01,pullback_absorption_confirm,4.44,-0.06,0.01047,0.04285,1.4084,0.03947,0.02123,-0.05864,-5.39,34.42,True,18.0,3.0,0.00058,0.00057,1.0278,
2026-03-24,sz000981,3,100.0,-17.28,0.17593,0.15226,-13.92,0.18081,,,,no_launch,,,,,,,,,,,False,,,,,,no_launch
2026-03-24,sz002155,4,100.0,-19.25,0.16267,0.15046,-13.47,0.11014,2026-03-26,2026-03-30,2026-04-08,pullback_absorption_confirm,8.07,0.0,0.02109,0.05127,1.36998,0.04097,0.05433,0.23238,-5.67,12.0,True,18.0,3.0,0.00057,0.00067,0.8556,
2026-03-24,sh600489,5,99.86,-23.12,0.19772,0.18387,-18.48,0.12024,2026-03-26,2026-03-30,,no_pullback_confirm,6.83,0.0,-0.00833,0.0222,0.95135,,,,,,True,18.0,3.0,0.46708,0.41997,1.1122,
2026-03-24,sz000426,6,99.54,-29.43,0.25708,0.24209,-19.28,0.10134,,,,no_launch,,,,,,,,,,,False,,,,,,no_launch
2026-03-24,sz002165,7,99.34,-20.53,0.23337,0.19973,-22.2,0.20817,,,,no_launch,,,,,,,,,,,False,,,,,,no_launch
2026-03-24,sz000636,8,99.16,-16.32,0.14738,0.14031,-12.59,0.09498,,,,no_launch,,,,,,,,,,,False,,,,,,no_launch
2026-03-24,sh601168,9,99.12,-24.72,0.23046,0.21439,-11.92,0.10858,,,,no_launch,,,,,,,,,,,False,,,,,,no_launch
2026-03-24,sh603993,10,98.81,-27.87,0.23305,0.20111,-15.09,0.10466,,,,no_launch,,,,,,,,,,,False,,,,,,no_launch
2026-03-25,sh600259,1,100.0,-20.33,0.19369,0.17937,-13.21,0.10573,,,,no_launch,,,,,,,,,,,False,,,,,,no_launch
2026-03-25,sz002165,2,100.0,-21.13,0.23315,0.2005,-15.08,0.12473,,,,no_launch,,,,,,,,,,,False,,,,,,no_launch
2026-03-25,sz002156,3,99.73,-16.71,0.14184,0.12079,-11.22,0.09323,,,,no_launch,,,,,,,,,,,False,,,,,,no_launch
2026-03-25,sz000960,4,99.33,-22.13,0.20524,0.18974,-10.62,0.09367,2026-03-26,2026-03-30,2026-04-01,pullback_absorption_confirm,4.44,-0.06,0.01047,0.04285,1.4084,0.03947,0.02123,-0.05864,-5.39,34.42,True,18.0,3.0,0.00058,0.00057,1.0278,
2026-03-25,sz002455,5,99.26,-16.2,0.15293,0.13333,-14.29,0.11176,2026-03-25,2026-03-27,2026-03-30,pullback_absorption_confirm,15.56,0.0,0.09543,0.12557,1.59403,0.02336,-0.00296,-0.01102,-3.4,17.75,True,17.0,3.0,0.01461,0.00473,3.086,launch_cancel_buy_to_add_buy_vs_hist_gt_2
2026-03-25,sh603179,6,98.72,-29.33,0.26565,0.2384,-16.76,0.14189,,,,no_launch,,,,,,,,,,,False,,,,,,no_launch
2026-03-25,sh600392,7,98.68,-31.46,0.28714,0.26906,-10.24,0.11411,,,,no_launch,,,,,,,,,,,False,,,,,,no_launch
2026-03-25,sh600497,8,98.42,-22.1,0.20212,0.20258,-12.47,0.08102,,,,no_launch,,,,,,,,,,,False,,,,,,no_launch
2026-03-25,sz002185,9,97.89,-15.94,0.14787,0.11131,-11.41,0.11678,,,,no_launch,,,,,,,,,,,False,,,,,,no_launch
2026-03-25,sz002080,10,97.54,-21.58,0.20668,0.20771,-8.43,0.06768,,,,no_launch,,,,,,,,,,,False,,,,,,no_launch
2026-03-26,sz001270,1,92.84,-26.75,0.22577,0.19168,-11.08,0.05947,2026-03-30,2026-04-01,2026-04-08,pullback_absorption_confirm,6.65,0.0,0.00063,0.00849,1.53577,0.05282,0.01182,0.34668,-6.7,22.0,True,20.0,3.0,0.00036,0.0005,0.7306,
2026-03-26,sz001389,2,90.57,-9.52,0.10806,0.10478,-8.0,0.07252,,,,no_launch,,,,,,,,,,,False,,,,,,no_launch
2026-03-26,sh603179,3,88.57,-22.24,0.20365,0.17964,-5.17,0.06082,,,,no_launch,,,,,,,,,,,False,,,,,,no_launch
2026-03-26,sz000547,4,88.29,-11.94,0.12245,0.0842,-10.84,0.07461,,,,no_launch,,,,,,,,,,,False,,,,,,no_launch
2026-03-26,sz002342,5,87.81,-23.31,0.22669,0.19048,-6.75,0.05663,2026-03-26,2026-03-30,2026-04-08,pullback_absorption_confirm,7.03,0.0,0.02466,0.04421,1.40174,0.13847,0.11828,0.44592,-4.94,12.0,True,18.0,3.0,0.00028,0.00172,0.1642,
2026-03-26,sh600703,6,84.99,-13.72,0.14064,0.1161,-15.9,0.11084,,,,no_launch,,,,,,,,,,,False,,,,,,no_launch
2026-03-26,sz002149,7,84.39,-15.78,0.16477,0.14531,-3.43,0.04035,2026-03-26,2026-03-30,2026-03-31,pullback_absorption_confirm,13.71,0.0,0.10367,0.07465,1.57525,0.00836,-0.00846,-0.2706,-6.1,43.08,True,18.0,3.0,0.00124,0.00082,1.5016,
2026-03-26,sh600343,8,82.65,-16.46,0.17168,0.15265,-5.24,0.0383,2026-03-26,2026-03-30,2026-04-14,pullback_absorption_confirm,9.99,0.0,0.18189,0.14945,1.91393,0.03889,0.02928,-0.06618,-6.2,36.88,True,18.0,3.0,0.66581,0.38488,1.7299,
2026-03-26,sz002378,9,82.38,-12.95,0.11247,0.09283,-6.84,0.05913,,,,no_launch,,,,,,,,,,,False,,,,,,no_launch
2026-03-26,sz002278,10,81.46,-19.11,0.20627,0.17982,-7.95,0.07508,,,,no_launch,,,,,,,,,,,False,,,,,,no_launch
2026-03-27,sh603358,1,100.0,-41.35,0.26967,0.32454,-34.91,0.09105,2026-03-27,2026-03-31,2026-04-02,pullback_absorption_confirm,13.86,0.0,0.05262,0.04889,1.12787,-0.01348,-0.02078,0.04969,-5.64,49.93,True,19.0,3.0,0.49851,0.51979,0.9591,
2026-03-27,sz002378,2,96.24,-24.66,0.22649,0.2048,-9.31,0.08191,2026-04-03,2026-04-08,,no_pullback_confirm,7.85,0.0,0.02834,0.07323,1.40556,,,,,,True,20.0,3.0,0.00047,0.00083,0.5698,
2026-03-27,sh600096,3,94.68,-23.48,0.20925,0.20987,-8.76,0.08078,2026-04-03,2026-04-08,,no_pullback_confirm,6.04,0.0,0.01168,0.02043,0.83313,,,,,,True,20.0,3.0,0.37653,0.34776,1.0827,
2026-03-27,sz000510,4,92.28,-31.46,0.30156,0.28498,-8.32,0.07254,2026-04-03,2026-04-08,2026-04-09,pullback_absorption_confirm,11.65,0.0,0.0361,0.08389,1.48237,-0.07611,-0.09133,0.10583,-5.59,48.61,True,20.0,3.0,0.00051,0.00037,1.3923,
2026-03-27,sz000960,5,91.95,-29.89,0.28353,0.26742,-4.66,0.06938,2026-04-03,2026-04-08,2026-04-09,pullback_absorption_confirm,10.43,0.0,0.02601,0.03432,1.34592,-0.00914,-0.02311,0.09083,-4.26,25.87,True,20.0,3.0,0.00058,0.00049,1.1804,
2026-03-27,sh600105,6,90.67,-15.2,0.13794,0.12291,-8.21,0.06593,2026-03-30,2026-04-01,,no_pullback_confirm,10.18,0.0,0.16121,0.1661,0.83097,,,,,,True,20.0,3.0,0.46905,0.3862,1.2145,
2026-03-27,sh601628,7,89.29,-15.15,0.14202,0.14004,-9.54,0.06682,2026-04-03,2026-04-08,2026-04-24,pullback_absorption_confirm,4.43,-1.14,0.01653,0.04512,0.95988,0.08936,0.05622,0.07288,-4.9,34.12,True,20.0,3.0,0.42289,0.41439,1.0205,
2026-03-27,sh600259,8,89.1,-26.44,0.24849,0.23179,-5.78,0.05773,2026-04-02,2026-04-07,,no_pullback_confirm,10.78,0.0,0.10404,0.11195,1.30005,,,,,,True,20.0,3.0,0.56669,0.43598,1.2998,
2026-03-27,sz002008,9,88.37,-14.37,0.14315,0.12367,-4.15,0.05515,2026-04-02,2026-04-07,,no_pullback_confirm,4.29,0.0,0.01757,0.07547,1.4026,,,,,,True,20.0,3.0,0.00075,0.00018,4.09,launch_cancel_buy_to_add_buy_vs_hist_gt_2
2026-03-27,sh600703,10,86.95,-22.69,0.22102,0.19128,-21.95,0.14701,2026-04-03,2026-04-08,2026-04-17,pullback_absorption_confirm,6.52,0.0,0.00624,0.01627,0.82688,0.02312,0.01417,-0.0058,-8.62,50.53,True,20.0,3.0,0.37779,0.34176,1.1054,
2026-03-30,sh603358,1,100.0,-38.35,0.27272,0.31656,-24.81,0.11161,2026-03-30,2026-04-01,2026-04-02,pullback_absorption_confirm,8.04,0.0,0.03618,0.0306,1.09535,-0.04108,-0.02327,0.09577,-7.38,49.93,True,20.0,3.0,0.49405,0.518,0.9538,
2026-03-30,sh600096,2,85.72,-20.94,0.1855,0.18617,-5.15,0.0374,2026-04-03,2026-04-08,,no_pullback_confirm,6.04,0.0,0.01168,0.02043,0.83313,,,,,,True,20.0,3.0,0.37653,0.34776,1.0827,
2026-03-30,sh601615,3,79.55,-21.12,0.20489,0.16473,-12.3,0.10462,,,,no_launch,,,,,,,,,,,False,,,,,,no_launch
2026-03-30,sz002796,4,79.05,-19.93,0.17184,0.17172,-9.95,-0.00529,2026-04-01,2026-04-03,2026-04-07,pullback_absorption_confirm,7.82,-1.98,0.05568,0.06048,1.81807,-0.02734,0.0637,0.01178,-5.93,22.0,True,20.0,3.0,0.01721,0.0028,6.1504,launch_cancel_buy_to_add_buy_vs_hist_gt_2
2026-03-30,sh600703,5,77.03,-22.76,0.21644,0.1832,-15.65,0.06941,2026-04-03,2026-04-08,2026-04-17,pullback_absorption_confirm,6.52,0.0,0.00624,0.01627,0.82688,0.02312,0.01417,-0.0058,-8.62,50.53,True,20.0,3.0,0.37779,0.34176,1.1054,
2026-03-30,sz000021,6,76.65,-17.82,0.14776,0.13784,-3.41,-0.02111,2026-04-03,2026-04-08,,no_pullback_confirm,8.5,0.0,0.03693,0.05516,1.32285,,,,,,True,20.0,3.0,0.00044,0.00035,1.2364,
2026-03-30,sh601628,7,76.11,-14.38,0.13669,0.13601,-5.33,0.02916,2026-04-03,2026-04-08,2026-04-24,pullback_absorption_confirm,4.43,-1.14,0.01653,0.04512,0.95988,0.08936,0.05622,0.07288,-4.9,34.12,True,20.0,3.0,0.42289,0.41439,1.0205,
2026-03-30,sz002865,8,75.8,-20.37,0.19356,0.18427,-8.45,0.02377,2026-04-07,2026-04-09,2026-04-10,pullback_absorption_confirm,7.98,0.0,0.01358,0.03677,1.40613,-0.03442,0.00648,0.07616,-8.84,12.0,True,20.0,3.0,0.00026,0.00102,0.2571,
2026-03-30,sh600580,9,74.77,-12.04,0.10852,0.07379,-6.87,0.08113,,,,no_launch,,,,,,,,,,,False,,,,,,no_launch
2026-03-30,sh600028,10,74.3,-17.02,0.14984,0.13486,-2.32,0.01723,,,,no_launch,,,,,,,,,,,False,,,,,,no_launch
2026-03-31,sz002353,1,91.75,-23.73,0.21719,0.19425,-5.26,0.06374,2026-03-31,2026-04-02,2026-04-03,pullback_absorption_confirm,11.57,0.0,0.08208,0.10452,1.51301,0.02987,0.02693,-0.02192,-4.01,19.89,True,20.0,3.0,0.00815,0.00048,17.1251,launch_cancel_buy_to_add_buy_vs_hist_gt_2
2026-03-31,sh600690,2,86.28,-13.92,0.12043,0.14282,-7.54,0.03522,,,,no_launch,,,,,,,,,,,False,,,,,,no_launch
2026-03-31,sh601628,3,84.96,-16.86,0.16195,0.16484,-6.64,0.04622,2026-04-03,2026-04-08,2026-04-24,pullback_absorption_confirm,4.43,-1.14,0.01653,0.04512,0.95988,0.08936,0.05622,0.07288,-4.9,34.12,True,20.0,3.0,0.42289,0.41439,1.0205,
2026-03-31,sh603358,4,84.52,-33.21,0.24856,0.28378,-8.11,0.01592,,,,no_launch,,,,,,,,,,,False,,,,,,no_launch
2026-03-31,sz000425,5,81.75,-17.11,0.18247,0.21188,-3.87,0.02211,2026-04-03,2026-04-08,,no_pullback_confirm,6.47,-2.06,0.03774,0.0298,1.38827,,,,,,True,20.0,3.0,0.00013,6e-05,2.3756,launch_cancel_buy_to_add_buy_vs_hist_gt_2
2026-03-31,sh600026,6,80.37,-9.24,0.09074,0.0973,-12.37,0.09551,2026-04-03,2026-04-08,2026-04-09,pullback_absorption_confirm,4.63,0.0,0.00762,0.04433,0.84093,-0.04613,-0.07471,0.03558,-7.56,69.95,True,20.0,3.0,0.41916,0.40801,1.0273,
2026-03-31,sh601319,7,79.99,-15.03,0.14277,0.12798,-7.43,0.06968,,,,no_launch,,,,,,,,,,,False,,,,,,no_launch
2026-03-31,sz002595,8,79.9,-12.46,0.12746,0.12169,-3.02,0.05755,2026-04-03,2026-04-08,2026-04-09,pullback_absorption_confirm,5.33,-1.9,0.00047,0.02498,1.50247,-0.04285,-0.01149,0.17859,-3.24,28.89,True,20.0,3.0,0.00011,0.00045,0.2508,
2026-03-31,sh600458,9,79.68,-15.22,0.14157,0.12826,-8.52,0.08151,,,,no_launch,,,,,,,,,,,False,,,,,,no_launch
2026-03-31,sh601615,10,78.33,-12.65,0.12303,0.08624,-12.78,0.08242,,,,no_launch,,,,,,,,,,,False,,,,,,no_launch
2026-04-01,sz000021,1,97.62,-17.34,0.15041,0.14284,-12.37,0.06832,2026-04-03,2026-04-08,,no_pullback_confirm,8.5,0.0,0.03693,0.05516,1.32285,,,,,,True,20.0,3.0,0.00044,0.00035,1.2364,
2026-04-01,sh600703,2,94.67,-20.4,0.19241,0.15894,-16.4,0.07776,2026-04-03,2026-04-08,2026-04-17,pullback_absorption_confirm,6.52,0.0,0.00624,0.01627,0.82688,0.02312,0.01417,-0.0058,-8.62,50.53,True,20.0,3.0,0.37779,0.34176,1.1054,
2026-04-01,sz002837,3,93.72,-17.69,0.15279,0.12654,-14.37,0.08305,2026-04-03,2026-04-08,,no_pullback_confirm,9.41,0.0,0.027,0.05733,1.34627,,,,,,True,20.0,3.0,0.00057,0.001,0.5638,
2026-04-01,sh603986,4,93.14,-14.68,0.13507,0.11153,-14.48,0.09542,,,,no_launch,,,,,,,,,,,False,,,,,,no_launch
2026-04-01,sz002851,5,91.2,-24.48,0.23252,0.20499,-5.72,0.0635,,,,no_launch,,,,,,,,,,,False,,,,,,no_launch
2026-04-01,sz002364,6,91.03,-19.19,0.19264,0.16488,-12.98,0.11299,2026-04-02,2026-04-07,,no_pullback_confirm,7.53,0.0,0.03241,0.0449,1.37228,,,,,,True,20.0,3.0,0.00023,0.00217,0.1052,
2026-04-01,sh601615,7,90.86,-14.21,0.14437,0.1167,-11.84,0.08692,,,,no_launch,,,,,,,,,,,False,,,,,,no_launch
2026-04-01,sh605499,8,90.59,-10.87,0.1218,0.12007,-10.14,0.13015,,,,no_launch,,,,,,,,,,,False,,,,,,no_launch
2026-04-01,sz002056,9,90.49,-13.57,0.15028,0.15036,-15.22,0.11061,2026-04-09,2026-04-13,2026-04-14,pullback_absorption_confirm,5.79,0.0,0.04,0.08138,1.39194,-0.00596,0.01549,-0.06503,-3.64,42.4,True,20.0,3.0,0.00037,0.00131,0.2838,
2026-04-01,sh601628,10,90.15,-14.71,0.13878,0.14327,-7.98,0.06836,2026-04-03,2026-04-08,2026-04-24,pullback_absorption_confirm,4.43,-1.14,0.01653,0.04512,0.95988,0.08936,0.05622,0.07288,-4.9,34.12,True,20.0,3.0,0.42289,0.41439,1.0205,
2026-04-02,sh600644,1,98.1,-15.95,0.14915,0.12586,-14.25,0.12024,,,,no_launch,,,,,,,,,,,False,,,,,,no_launch
2026-04-02,sh600759,2,92.36,-35.52,0.32769,0.2969,-9.37,0.07411,,,,no_launch,,,,,,,,,,,False,,,,,,no_launch
2026-04-02,sh600101,3,87.69,-15.37,0.16136,0.11611,-11.46,0.12524,,,,no_launch,,,,,,,,,,,False,,,,,,no_launch
2026-04-02,sh603619,4,84.09,-24.1,0.22719,0.2229,-5.12,0.04507,2026-04-02,2026-04-07,2026-04-09,pullback_absorption_confirm,6.39,0.0,0.0344,0.09216,0.94215,0.06233,0.08328,-0.0938,-10.56,51.01,True,20.0,3.0,0.47012,0.40046,1.1739,
2026-04-02,sh601015,5,83.71,-12.77,0.13498,0.11425,-13.45,0.11226,,,,no_launch,,,,,,,,,,,False,,,,,,no_launch
2026-04-02,sh600505,6,83.63,-14.03,0.13353,0.11337,-11.85,0.12307,,,,no_launch,,,,,,,,,,,False,,,,,,no_launch
2026-04-02,sz000899,7,82.99,-11.26,0.12112,0.10225,-15.36,0.19031,,,,no_launch,,,,,,,,,,,False,,,,,,no_launch
2026-04-02,sz002490,8,80.94,-25.59,0.257,0.23264,-4.93,0.03704,,,,no_launch,,,,,,,,,,,False,,,,,,no_launch
2026-04-02,sh600744,9,79.65,-16.26,0.17145,0.14356,-11.36,0.08989,2026-04-03,2026-04-08,2026-04-13,pullback_absorption_confirm,4.36,0.0,0.01775,0.00484,0.97707,-0.03617,0.01041,-0.09365,-3.74,50.98,True,20.0,3.0,0.41409,0.39675,1.0437,
2026-04-02,sh605499,10,77.75,-10.25,0.11566,0.11466,-3.86,0.0664,,,,no_launch,,,,,,,,,,,False,,,,,,no_launch
2026-04-03,sz002837,1,93.55,-18.29,0.15955,0.12913,-11.12,0.07404,2026-04-03,2026-04-08,,no_pullback_confirm,9.41,0.0,0.027,0.05733,1.34627,,,,,,True,20.0,3.0,0.00057,0.001,0.5638,
2026-04-03,sz002364,2,91.6,-28.1,0.27861,0.25088,-8.98,0.06299,2026-04-03,2026-04-08,,no_pullback_confirm,6.49,0.0,0.0483,0.08458,1.36808,,,,,,True,20.0,3.0,0.00048,0.00218,0.2191,
2026-04-03,sz002969,3,90.64,-13.53,0.09855,0.08235,-13.85,0.09239,2026-04-07,2026-04-09,,no_pullback_confirm,10.07,0.0,-0.00383,0.01193,1.43105,,,,,,True,20.0,3.0,0.00111,0.00139,0.8,
2026-04-03,sh600744,4,88.55,-16.41,0.16061,0.13114,-9.64,0.07675,2026-04-03,2026-04-08,2026-04-13,pullback_absorption_confirm,4.36,0.0,0.01775,0.00484,0.97707,-0.03617,0.01041,-0.09365,-3.74,50.98,True,20.0,3.0,0.41409,0.39675,1.0437,
2026-04-03,sz002272,5,88.43,-17.53,0.1651,0.14594,-3.0,0.05486,2026-04-03,2026-04-08,2026-04-17,pullback_absorption_confirm,8.07,0.0,0.02541,0.04314,1.33964,0.00777,-0.00122,-0.12328,-3.4,18.96,True,20.0,3.0,0.00054,0.00071,0.7601,
2026-04-03,sz001896,6,88.0,-20.28,0.17397,0.15969,-23.46,0.20367,2026-04-09,2026-04-13,,no_pullback_confirm,12.58,0.0,0.00642,0.02279,1.36786,,,,,,True,20.0,3.0,0.00184,0.0018,1.018,
2026-04-03,sz002842,7,86.52,-27.92,0.26847,0.24411,-6.43,0.08384,2026-04-03,2026-04-08,2026-04-14,pullback_absorption_confirm,11.9,0.0,0.0521,0.06872,1.6123,0.00147,0.01284,-0.0718,-6.01,42.31,True,20.0,3.0,0.01558,0.00193,8.0646,launch_cancel_buy_to_add_buy_vs_hist_gt_2
2026-04-03,sz000657,8,86.43,-29.68,0.26427,0.23678,-5.04,0.0413,2026-04-03,2026-04-08,,no_pullback_confirm,6.87,0.0,0.04082,0.10482,1.35545,,,,,,True,20.0,3.0,0.00128,0.00091,1.4155,
2026-04-03,sz002409,9,86.01,-16.2,0.14229,0.12428,-7.19,0.06157,2026-04-03,2026-04-08,,no_pullback_confirm,7.1,0.0,0.02228,0.0267,1.39222,,,,,,True,20.0,3.0,0.00067,0.00069,0.9787,
2026-04-03,sh600703,10,85.05,-32.82,0.30301,0.27135,-9.24,0.0277,2026-04-03,2026-04-08,2026-04-17,pullback_absorption_confirm,6.52,0.0,0.00624,0.01627,0.82688,0.02312,0.01417,-0.0058,-8.62,50.53,True,20.0,3.0,0.37779,0.34176,1.1054,
2026-04-07,sz002506,1,100.0,-27.16,0.26759,0.23249,-16.8,0.12758,,,,no_launch,,,,,,,,,,,False,,,,,,no_launch
2026-04-07,sz002842,2,100.0,-26.91,0.26144,0.23524,-10.5,0.09002,2026-04-07,2026-04-09,2026-04-14,pullback_absorption_confirm,4.02,-0.74,0.0398,0.05657,1.57824,0.00147,0.01284,-0.0718,-7.08,42.31,True,20.0,3.0,0.01398,0.00186,7.5271,launch_cancel_buy_to_add_buy_vs_hist_gt_2
2026-04-07,sh600821,3,95.84,-16.28,0.15621,0.12116,-13.44,0.12139,2026-04-13,2026-04-15,2026-04-17,pullback_absorption_confirm,7.02,0.0,0.03315,0.02272,0.83945,0.03104,0.02491,-0.07418,-4.07,47.87,True,20.0,3.0,0.40511,0.40221,1.0072,
2026-04-07,sz000830,4,93.84,-23.95,0.22835,0.22056,-9.23,0.07209,,,,no_launch,,,,,,,,,,,False,,,,,,no_launch
2026-04-07,sz002471,5,93.73,-12.56,0.14879,0.11738,-8.28,0.1121,,,,no_launch,,,,,,,,,,,False,,,,,,no_launch
2026-04-07,sz000547,6,93.08,-19.69,0.18661,0.15019,-10.11,0.09809,2026-04-13,2026-04-15,2026-04-20,pullback_absorption_confirm,4.73,0.0,0.03048,-0.00029,1.35636,0.06162,0.07896,-0.1786,-6.55,38.0,True,20.0,3.0,0.00053,0.00062,0.8425,
2026-04-07,sz000422,7,92.91,-16.79,0.165,0.14978,-12.03,0.09297,,,,no_launch,,,,,,,,,,,False,,,,,,no_launch
2026-04-07,sh600219,8,92.81,-20.27,0.16765,0.16288,-8.47,0.0724,,,,no_launch,,,,,,,,,,,False,,,,,,no_launch
2026-04-07,sh600096,9,92.8,-25.18,0.22889,0.21733,-10.12,0.06316,,,,no_launch,,,,,,,,,,,False,,,,,,no_launch
2026-04-07,sz000833,10,92.69,-10.95,0.11159,0.09779,-11.38,0.10337,,,,no_launch,,,,,,,,,,,False,,,,,,no_launch
2026-04-08,sz002498,1,97.42,-21.35,0.22141,0.19079,-13.95,0.12193,2026-04-13,2026-04-15,,no_pullback_confirm,10.39,-0.78,0.26461,0.21102,3.35302,,,,,,True,20.0,3.0,0.02543,0.00073,34.9772,launch_cancel_buy_to_add_buy_vs_hist_gt_2
2026-04-08,sz000547,2,94.43,-22.96,0.22083,0.18418,-8.89,0.06876,2026-04-13,2026-04-15,2026-04-20,pullback_absorption_confirm,4.73,0.0,0.03048,-0.00029,1.35636,0.06162,0.07896,-0.1786,-6.55,38.0,True,20.0,3.0,0.00053,0.00062,0.8425,
2026-04-08,sz002342,3,94.39,-10.93,0.12558,0.10201,-10.56,0.12512,2026-04-08,2026-04-10,2026-04-13,pullback_absorption_confirm,9.39,-0.58,0.13997,0.11306,1.72963,0.07426,0.04563,-0.07242,-6.6,33.59,True,20.0,3.0,0.00525,0.00271,1.9398,
2026-04-08,sz001337,4,92.78,-19.02,0.19908,0.16691,-7.0,0.08726,,,,no_launch,,,,,,,,,,,False,,,,,,no_launch
2026-04-08,sh600821,5,92.75,-16.36,0.15861,0.12343,-7.97,0.06648,2026-04-13,2026-04-15,2026-04-17,pullback_absorption_confirm,7.02,0.0,0.03315,0.02272,0.83945,0.03104,0.02491,-0.07418,-4.07,47.87,True,20.0,3.0,0.40511,0.40221,1.0072,
2026-04-08,sz001896,6,92.15,-20.49,0.17324,0.1579,-8.38,0.05552,2026-04-09,2026-04-13,,no_pullback_confirm,12.58,0.0,0.00642,0.02279,1.36786,,,,,,True,20.0,3.0,0.00184,0.0018,1.018,
2026-04-08,sz002506,7,91.54,-27.84,0.28162,0.2482,-7.79,0.05313,2026-04-15,2026-04-20,,no_pullback_confirm,6.41,0.0,0.02714,0.03695,1.47928,,,,,,True,20.0,3.0,0.00133,0.00061,2.1872,launch_cancel_buy_to_add_buy_vs_hist_gt_2
2026-04-08,sz002400,8,91.43,-17.68,0.16145,0.12164,-6.68,0.06348,,,,no_launch,,,,,,,,,,,False,,,,,,no_launch
2026-04-08,sz002218,9,90.51,-12.59,0.16156,0.12952,-15.87,0.20716,,,,no_launch,,,,,,,,,,,False,,,,,,no_launch
2026-04-08,sz002207,10,90.35,-29.15,0.2793,0.25493,-11.44,0.1128,,,,no_launch,,,,,,,,,,,False,,,,,,no_launch
2026-04-09,sz000818,1,93.25,-34.86,0.3531,0.32747,-26.42,0.25738,,,,no_launch,,,,,,,,,,,False,,,,,,no_launch
2026-04-09,sh603008,2,86.64,-34.81,0.32971,0.29518,-18.82,0.1645,,,,no_launch,,,,,,,,,,,False,,,,,,no_launch
2026-04-09,sz002207,3,85.86,-33.81,0.35583,0.33003,-15.77,0.27281,,,,no_launch,,,,,,,,,,,False,,,,,,no_launch
2026-04-09,sh600759,4,84.64,-29.89,0.28058,0.25544,-5.53,0.0471,,,,no_launch,,,,,,,,,,,False,,,,,,no_launch
2026-04-09,sz002506,5,84.29,-24.16,0.24487,0.21042,-6.22,0.05154,2026-04-15,2026-04-20,,no_pullback_confirm,6.41,0.0,0.02714,0.03695,1.47928,,,,,,True,20.0,3.0,0.00133,0.00061,2.1872,launch_cancel_buy_to_add_buy_vs_hist_gt_2
2026-04-09,sh600821,6,82.77,-15.89,0.15991,0.12811,-8.08,0.0801,2026-04-13,2026-04-15,2026-04-17,pullback_absorption_confirm,7.02,0.0,0.03315,0.02272,0.83945,0.03104,0.02491,-0.07418,-4.07,47.87,True,20.0,3.0,0.40511,0.40221,1.0072,
2026-04-09,sh605287,7,82.51,-16.16,0.16847,0.17854,-5.66,0.12501,2026-04-14,2026-04-17,2026-04-20,pullback_absorption_confirm,7.14,0.0,-0.00629,0.0299,0.94501,0.04603,0.08502,-0.02555,-4.68,35.2,True,20.0,3.0,0.42646,0.51496,0.8281,
2026-04-09,sh603393,8,81.39,-16.98,0.15736,0.14386,-5.05,0.06782,,,,no_launch,,,,,,,,,,,False,,,,,,no_launch
2026-04-09,sz000534,9,80.8,-15.24,0.15646,0.13527,0.9,0.05883,2026-04-09,2026-04-13,2026-04-14,pullback_absorption_confirm,10.72,0.0,0.06636,0.08867,1.56368,0.00481,-0.00036,0.02743,-9.87,22.22,True,20.0,3.0,0.00561,0.00627,0.8948,
2026-04-09,sz002202,10,80.19,-21.16,0.16729,0.15164,-6.22,-0.05166,,,,no_launch,,,,,,,,,,,False,,,,,,no_launch
2026-04-10,sz000818,1,94.15,-38.51,0.38552,0.35203,-22.74,0.18697,,,,no_launch,,,,,,,,,,,False,,,,,,no_launch
2026-04-10,sh603008,2,87.87,-36.5,0.34963,0.3155,-13.16,0.11642,,,,no_launch,,,,,,,,,,,False,,,,,,no_launch
2026-04-10,sz002598,3,86.99,-21.17,0.27078,0.26588,-13.99,0.31614,,,,no_launch,,,,,,,,,,,False,,,,,,no_launch
2026-04-10,sh600759,4,85.36,-26.25,0.24529,0.21721,-7.47,0.07261,,,,no_launch,,,,,,,,,,,False,,,,,,no_launch
2026-04-10,sz000048,5,82.31,-22.46,0.19709,0.19638,-18.22,0.11359,,,,no_launch,,,,,,,,,,,False,,,,,,no_launch
2026-04-10,sh600644,6,80.01,-14.59,0.15255,0.1199,-12.03,0.18422,2026-04-17,2026-04-21,2026-04-23,pullback_absorption_confirm,11.32,0.0,0.03836,0.0764,0.92267,0.03172,-0.00956,-0.06368,-5.62,54.56,True,20.0,3.0,0.45154,0.42647,1.0588,
2026-04-10,sz002506,7,77.31,-25.04,0.2583,0.22451,-2.65,0.01322,2026-04-15,2026-04-20,,no_pullback_confirm,6.41,0.0,0.02714,0.03695,1.47928,,,,,,True,20.0,3.0,0.00133,0.00061,2.1872,launch_cancel_buy_to_add_buy_vs_hist_gt_2
2026-04-10,sh603393,8,77.04,-19.23,0.17864,0.16627,-3.25,0.06648,,,,no_launch,,,,,,,,,,,False,,,,,,no_launch
2026-04-10,sz002490,9,76.59,-19.37,0.18558,0.16273,-5.12,0.05059,2026-04-17,2026-04-21,,no_pullback_confirm,4.14,0.0,0.01359,0.02494,1.50603,,,,,,True,20.0,3.0,0.00014,0.00044,0.3192,
2026-04-10,sz000993,10,76.01,-17.09,0.2106,0.17078,-16.98,0.14509,2026-04-17,2026-04-21,2026-04-23,pullback_absorption_confirm,4.52,0.0,0.0111,0.01247,1.54095,0.05095,0.04095,-0.08935,-3.25,36.3,True,20.0,3.0,0.00039,0.00638,0.0611,
2026-04-13,sz000818,1,89.86,-37.46,0.36991,0.33125,-23.59,0.2099,,,,no_launch,,,,,,,,,,,False,,,,,,no_launch
2026-04-13,sz002542,2,89.06,-25.91,0.289,0.24976,-15.62,0.15671,,,,no_launch,,,,,,,,,,,False,,,,,,no_launch
2026-04-13,sh600759,3,81.73,-23.22,0.21921,0.19102,-5.6,0.03959,,,,no_launch,,,,,,,,,,,False,,,,,,no_launch
2026-04-13,sz002207,4,81.56,-30.08,0.31343,0.27847,-15.93,0.2282,,,,no_launch,,,,,,,,,,,False,,,,,,no_launch
2026-04-13,sz002445,5,80.88,-24.72,0.25093,0.2267,-6.37,0.07019,,,,no_launch,,,,,,,,,,,False,,,,,,no_launch
2026-04-13,sz002828,6,80.46,-10.66,0.10847,0.09406,-10.14,0.07089,,,,no_launch,,,,,,,,,,,False,,,,,,no_launch
2026-04-13,sz000993,7,74.66,-14.35,0.18648,0.14684,-7.48,0.04639,2026-04-17,2026-04-21,2026-04-23,pullback_absorption_confirm,4.52,0.0,0.0111,0.01247,1.54095,0.05095,0.04095,-0.08935,-3.25,36.3,True,20.0,3.0,0.00039,0.00638,0.0611,
2026-04-13,sh601020,8,74.0,-20.13,0.17787,0.16844,-1.0,0.00966,2026-04-14,2026-04-17,,no_pullback_confirm,7.36,-1.67,-0.00021,0.0281,0.8653,,,,,,True,20.0,3.0,0.41341,0.41294,1.0011,
2026-04-13,sz002490,9,73.12,-17.68,0.1727,0.14712,-2.74,0.02556,2026-04-17,2026-04-21,,no_pullback_confirm,4.14,0.0,0.01359,0.02494,1.50603,,,,,,True,20.0,3.0,0.00014,0.00044,0.3192,
2026-04-13,sh603301,10,72.35,-11.49,0.11257,0.13993,-10.73,0.04662,2026-04-14,2026-04-17,2026-04-20,pullback_absorption_confirm,13.92,0.0,0.03296,0.03094,1.07035,-0.03029,0.09075,-0.02317,-3.11,34.34,True,20.0,3.0,0.40996,0.39302,1.0431,
2026-04-14,sz000833,1,78.37,-14.36,0.12848,0.11728,-5.14,0.02352,2026-04-17,2026-04-21,,no_pullback_confirm,4.64,0.0,0.00946,0.01211,1.36865,,,,,,True,20.0,3.0,0.00303,0.00036,8.4773,launch_cancel_buy_to_add_buy_vs_hist_gt_2
2026-04-14,sh600423,2,77.73,-21.13,0.22532,0.20959,-11.08,0.14279,2026-04-21,2026-04-24,,no_pullback_confirm,8.06,0.0,-1e-05,0.05072,0.89895,,,,,,True,20.0,3.0,0.4933,0.47523,1.038,
2026-04-14,sz000912,3,71.26,-15.69,0.14647,0.13531,-2.09,0.05381,2026-04-21,2026-04-24,,no_pullback_confirm,6.48,0.0,0.08535,0.10775,2.31274,,,,,,True,20.0,3.0,0.0534,0.00196,27.2817,launch_cancel_buy_to_add_buy_vs_hist_gt_2
2026-04-14,sz000818,4,70.54,-35.54,0.35359,0.31513,-13.08,0.11956,,,,no_launch,,,,,,,,,,,False,,,,,,no_launch
2026-04-14,sz002542,5,70.5,-27.61,0.34967,0.31632,-18.62,0.34585,,,,no_launch,,,,,,,,,,,False,,,,,,no_launch
2026-04-14,sh603379,6,69.18,-10.9,0.11657,0.10706,-3.11,0.05653,,,,no_launch,,,,,,,,,,,False,,,,,,no_launch
2026-04-14,sz000400,7,69.11,-14.61,0.10152,0.0953,-4.43,-0.04334,,,,no_launch,,,,,,,,,,,False,,,,,,no_launch
2026-04-14,sz000547,8,67.8,-17.1,0.16093,0.12615,1.89,-0.01952,,,,no_launch,,,,,,,,,,,False,,,,,,no_launch
2026-04-14,sz002378,9,67.76,-13.67,0.12555,0.1016,1.67,-0.01608,,,,no_launch,,,,,,,,,,,False,,,,,,no_launch
2026-04-14,sz002092,10,67.51,-17.48,0.16255,0.14276,-2.88,0.05642,2026-04-23,2026-04-24,,no_pullback_confirm,7.93,0.0,-0.01183,0.02632,1.37442,,,,,,True,20.0,2.0,0.00542,0.00157,3.4486,launch_cancel_buy_to_add_buy_vs_hist_gt_2
2026-04-15,sh605499,1,94.25,-20.07,0.204,0.1823,-7.96,0.0743,2026-04-15,2026-04-20,,no_pullback_confirm,5.28,0.0,0.01364,0.0532,0.97055,,,,,,True,20.0,3.0,0.44798,0.4682,0.9568,
2026-04-15,sz002970,2,85.85,-16.23,0.14959,0.13083,-11.27,0.11367,2026-04-15,2026-04-20,,no_pullback_confirm,5.7,0.0,-0.02406,0.0104,1.46188,,,,,,True,20.0,3.0,9e-05,0.01226,0.0071,
2026-04-15,sz002716,3,84.57,-10.49,0.10152,0.0755,-5.04,0.08079,,,,no_launch,,,,,,,,,,,False,,,,,,no_launch
2026-04-15,sh603216,4,83.08,-15.56,0.15138,0.16091,-9.15,0.10991,,,,no_launch,,,,,,,,,,,False,,,,,,no_launch
2026-04-15,sh600547,5,82.51,-12.18,0.10968,0.10442,-8.03,0.08075,,,,no_launch,,,,,,,,,,,False,,,,,,no_launch
2026-04-15,sz000890,6,82.1,-8.72,0.0788,0.04976,-22.81,0.17558,2026-04-15,2026-04-20,2026-04-21,pullback_absorption_confirm,6.19,-2.74,0.0031,0.00943,1.53053,0.00935,-0.01502,0.01601,-5.51,22.77,True,20.0,3.0,0.00232,0.00291,0.7959,
2026-04-15,sh600489,7,81.81,-9.51,0.0848,0.06755,-6.55,0.07352,,,,no_launch,,,,,,,,,,,False,,,,,,no_launch
2026-04-15,sh603248,8,81.45,-21.37,0.23135,0.20686,-13.45,0.11917,,,,no_launch,,,,,,,,,,,False,,,,,,no_launch
2026-04-15,sz001257,9,81.12,-17.59,0.19078,0.20491,-5.43,0.03956,,,,no_launch,,,,,,,,,,,False,,,,,,no_launch
2026-04-15,sz002498,10,80.84,-20.5,0.21012,0.18001,-3.78,0.03032,2026-04-15,2026-04-20,,no_pullback_confirm,10.59,0.0,0.12631,0.10642,2.12245,,,,,,True,20.0,3.0,0.01596,0.00064,24.7802,launch_cancel_buy_to_add_buy_vs_hist_gt_2
2026-04-17,sz002970,1,86.1,-17.23,0.15829,0.14332,-10.52,0.09461,2026-04-17,2026-04-21,2026-04-24,pullback_absorption_confirm,6.14,0.0,0.00084,0.03354,1.49291,0.01494,0.01053,-0.09772,-3.34,35.52,True,20.0,3.0,0.00012,0.01226,0.0095,
2026-04-17,sz002542,2,85.13,-35.69,0.3885,0.35187,-22.59,0.24521,,,,no_launch,,,,,,,,,,,False,,,,,,no_launch
2026-04-17,sh605499,3,85.08,-17.41,0.17742,0.15875,-4.02,0.03514,,,,no_launch,,,,,,,,,,,False,,,,,,no_launch
2026-04-17,sh600026,4,83.98,-9.89,0.08295,0.07386,-12.28,0.0767,,,,no_launch,,,,,,,,,,,False,,,,,,no_launch
2026-04-17,sh601975,5,81.44,-9.6,0.08993,0.07655,-9.24,0.08089,2026-04-17,2026-04-21,2026-04-23,pullback_absorption_confirm,5.09,0.0,0.02417,0.04885,1.01254,0.01493,0.03057,-0.13616,-4.58,52.0,True,20.0,3.0,0.5062,0.45319,1.117,
2026-04-17,sz002378,6,81.4,-18.28,0.16686,0.14726,-5.67,0.01554,,,,no_launch,,,,,,,,,,,False,,,,,,no_launch
2026-04-17,sz000893,7,81.32,-10.55,0.08935,0.08701,-12.44,0.0751,,,,no_launch,,,,,,,,,,,False,,,,,,no_launch
2026-04-17,sh600352,8,79.24,-10.18,0.08897,0.1331,-7.71,0.07459,2026-04-21,2026-04-24,,no_pullback_confirm,4.76,0.0,0.04691,0.06999,0.93469,,,,,,True,20.0,3.0,0.4258,0.42793,0.995,
2026-04-17,sz002796,9,77.73,-14.76,0.12528,0.13194,-3.76,0.0051,,,,no_launch,,,,,,,,,,,False,,,,,,no_launch
2026-04-17,sz000657,10,75.02,-13.34,0.10595,0.10778,-4.01,-0.00125,,,,no_launch,,,,,,,,,,,False,,,,,,no_launch
2026-04-20,sz000890,1,88.74,-11.36,0.10297,0.07488,-12.67,0.1052,2026-04-20,2026-04-23,,no_pullback_confirm,23.69,0.0,0.04573,0.0522,1.6536,,,,,,True,20.0,3.0,0.00289,0.00213,1.3556,
2026-04-20,sz000581,2,85.45,-15.46,0.13705,0.17113,-8.75,0.08579,,,,no_launch,,,,,,,,,,,False,,,,,,no_launch
2026-04-20,sz002970,3,80.37,-12.09,0.10537,0.09015,-9.8,0.07618,,,,no_launch,,,,,,,,,,,False,,,,,,no_launch
2026-04-20,sh600759,4,78.88,-27.99,0.26845,0.242,-4.08,0.03697,,,,no_launch,,,,,,,,,,,False,,,,,,no_launch
2026-04-20,sz002470,5,78.02,-18.15,0.1841,0.15635,-5.5,0.02808,,,,no_launch,,,,,,,,,,,False,,,,,,no_launch
2026-04-20,sz000617,6,77.24,-11.95,0.11411,0.09504,-8.09,-0.00058,,,,no_launch,,,,,,,,,,,False,,,,,,no_launch
2026-04-20,sz002490,7,75.02,-25.34,0.24658,0.22846,-5.75,0.04534,2026-04-20,2026-04-23,,no_pullback_confirm,10.02,0.0,0.13779,0.15458,1.81045,,,,,,True,20.0,3.0,0.02608,0.00042,62.6095,launch_cancel_buy_to_add_buy_vs_hist_gt_2
2026-04-20,sh600256,8,74.66,-13.62,0.11704,0.11046,-5.96,0.03465,2026-04-20,2026-04-23,,no_pullback_confirm,7.5,0.0,0.00877,0.09275,0.95104,,,,,,True,20.0,3.0,0.4685,0.38429,1.2191,
2026-04-20,sz002634,9,74.39,-10.91,0.08662,0.07433,-33.49,0.25677,,,,no_launch,,,,,,,,,,,False,,,,,,no_launch
2026-04-20,sh600585,10,73.89,-7.84,0.09949,0.11552,-2.71,0.07288,,,,no_launch,,,,,,,,,,,False,,,,,,no_launch
2026-04-21,sh600759,1,91.85,-21.97,0.2095,0.18252,-9.22,0.08877,,,,no_launch,,,,,,,,,,,False,,,,,,no_launch
2026-04-21,sh600726,2,86.66,-17.03,0.15209,0.1302,-5.57,0.04364,2026-04-23,2026-04-24,,no_pullback_confirm,10.06,0.0,0.09453,0.09859,1.68716,,,,,,True,20.0,2.0,0.65004,0.41545,1.5647,
2026-04-21,sh600256,3,86.21,-13.9,0.11276,0.10287,-9.59,0.0648,,,,no_launch,,,,,,,,,,,False,,,,,,no_launch
2026-04-21,sz002542,4,85.32,-35.74,0.39075,0.35968,-15.64,0.17934,,,,no_launch,,,,,,,,,,,False,,,,,,no_launch
2026-04-21,sh603568,5,85.23,-18.47,0.16722,0.12401,-13.36,0.11577,,,,no_launch,,,,,,,,,,,False,,,,,,no_launch
2026-04-21,sz002490,6,85.1,-16.23,0.15068,0.13356,-8.64,0.07402,2026-04-21,2026-04-24,,no_pullback_confirm,13.48,0.0,0.0719,0.10253,1.63133,,,,,,True,20.0,3.0,0.01828,0.00035,52.081,launch_cancel_buy_to_add_buy_vs_hist_gt_2
2026-04-21,sz002150,7,84.75,-14.13,0.15115,0.12409,-13.39,0.09633,,,,no_launch,,,,,,,,,,,False,,,,,,no_launch
2026-04-21,sh600734,8,83.89,-19.63,0.18085,0.14247,-18.57,0.10615,,,,no_launch,,,,,,,,,,,False,,,,,,no_launch
2026-04-21,sh600989,9,83.48,-14.15,0.10605,0.08464,-9.22,0.02852,2026-04-21,2026-04-24,,no_pullback_confirm,8.06,0.0,0.03878,0.05468,0.80858,,,,,,True,20.0,3.0,0.37012,0.37028,0.9996,
2026-04-21,sz000581,10,81.99,-14.17,0.12967,0.16722,-9.44,0.09022,,,,no_launch,,,,,,,,,,,False,,,,,,no_launch
2026-04-23,sz000968,1,94.23,-19.36,0.20197,0.18615,-10.85,0.07611,,,,no_launch,,,,,,,,,,,False,,,,,,no_launch
2026-04-23,sh600734,2,86.57,-23.55,0.27743,0.23997,-26.2,0.4431,,,,no_launch,,,,,,,,,,,False,,,,,,no_launch
2026-04-23,sh600726,3,82.9,-12.59,0.11005,0.08797,-5.3,0.05023,2026-04-23,2026-04-24,,no_pullback_confirm,10.06,0.0,0.09453,0.09859,1.68716,,,,,,True,20.0,2.0,0.65004,0.41545,1.5647,
2026-04-23,sh600759,4,81.08,-23.9,0.2294,0.20271,-6.15,0.03364,,,,no_launch,,,,,,,,,,,False,,,,,,no_launch
2026-04-23,sz002207,5,80.33,-27.66,0.29847,0.26076,-9.18,0.08684,,,,no_launch,,,,,,,,,,,False,,,,,,no_launch
2026-04-23,sh600722,6,80.06,-17.27,0.16623,0.1402,-4.18,0.02557,,,,no_launch,,,,,,,,,,,False,,,,,,no_launch
2026-04-23,sz002575,7,79.14,-24.88,0.26063,0.22547,-11.33,0.09285,,,,no_launch,,,,,,,,,,,False,,,,,,no_launch
2026-04-23,sz002150,8,76.43,-22.41,0.21774,0.19456,-7.98,0.02356,,,,no_launch,,,,,,,,,,,False,,,,,,no_launch
2026-04-23,sh603619,9,75.75,-10.5,0.09286,0.08782,-10.1,0.04021,,,,no_launch,,,,,,,,,,,False,,,,,,no_launch
2026-04-23,sh600989,10,74.59,-13.86,0.10174,0.08205,-5.92,-0.00844,,,,no_launch,,,,,,,,,,,False,,,,,,no_launch
2026-04-24,sz000533,1,93.66,-15.3,0.14803,0.1219,-10.36,0.10647,,,,no_launch,,,,,,,,,,,False,,,,,,no_launch
2026-04-24,sh600734,2,83.19,-34.04,0.37903,0.34298,-32.79,0.45282,,,,no_launch,,,,,,,,,,,False,,,,,,no_launch
2026-04-24,sz002315,3,79.48,-18.18,0.18141,0.18392,-21.88,0.20313,,,,no_launch,,,,,,,,,,,False,,,,,,no_launch
2026-04-24,sz002969,4,77.67,-18.56,0.14194,0.11721,-8.18,0.01202,,,,no_launch,,,,,,,,,,,False,,,,,,no_launch
2026-04-24,sh603529,5,77.43,-19.63,0.17409,0.16443,-11.28,0.04614,,,,no_launch,,,,,,,,,,,False,,,,,,no_launch
2026-04-24,sh600873,6,76.55,-10.87,0.10527,0.08478,-7.15,0.14132,,,,no_launch,,,,,,,,,,,False,,,,,,no_launch
2026-04-24,sh600537,7,75.61,-7.4,0.07541,0.08905,-20.09,0.14011,,,,no_launch,,,,,,,,,,,False,,,,,,no_launch
2026-04-24,sz002310,8,75.29,-22.43,0.20971,0.1777,-2.33,-0.0149,,,,no_launch,,,,,,,,,,,False,,,,,,no_launch
2026-04-24,sz001257,9,72.84,-17.05,0.18537,0.19258,-3.41,0.04892,,,,no_launch,,,,,,,,,,,False,,,,,,no_launch
2026-04-24,sh603169,10,71.31,-16.08,0.1373,0.08299,-11.45,0.07526,,,,no_launch,,,,,,,,,,,False,,,,,,no_launch
