profile,variant_id,period,trade_date,rank,symbol,name,final_score,model_score,entry_date,exit_date,entry_buyable,entry_gap_pct,entry_open,day1_max_runup_pct,day1_close_return_pct,day2_close_return_pct,min_drawdown_pct,day1_no_red,day2_still_loss,deep_pain,low_pain_good
stable,lpn_012_lowpain_orderbook,final_2026,2026-01-05,1,sh601880,sh601880,70.85996925485466,70.85996925485466,2026-01-06,2026-01-07,1,-0.6211,1.6,2.5,2.5,1.25,0.0,0,0,0,1
stable,lpn_012_lowpain_orderbook,final_2026,2026-01-05,2,sz002007,sz002007,68.65872108274381,68.65872108274381,2026-01-06,2026-01-07,1,0.1952,15.4,0.5195,0.5195,0.0649,-0.2597,0,0,0,1
stable,lpn_012_lowpain_orderbook,final_2026,2026-01-05,3,sz000536,sz000536,68.52387927471219,68.52387927471219,2026-01-06,2026-01-07,1,0.0,4.95,8.6869,5.8586,2.8283,-0.404,0,0,0,1
stable,lpn_012_lowpain_orderbook,final_2026,2026-01-06,1,sz000088,sz000088,71.41870342857352,71.41870342857352,2026-01-07,2026-01-08,1,0.0,4.5,0.2222,-0.4444,-0.8889,-1.1111,0,1,0,0
stable,lpn_012_lowpain_orderbook,final_2026,2026-01-06,2,sh601658,sh601658,70.21236249595135,70.21236249595135,2026-01-07,2026-01-08,1,-0.1815,5.5,0.3636,-0.9091,-1.4545,-1.8182,0,1,0,0
stable,lpn_012_lowpain_orderbook,final_2026,2026-01-06,3,sz000717,sz000717,69.90709960949778,69.90709960949778,2026-01-07,2026-01-08,1,0.0,2.6,1.9231,-0.3846,1.1538,-0.7692,0,0,0,1
stable,lpn_012_lowpain_orderbook,final_2026,2026-01-07,1,sz002421,sz002421,67.22151839065214,67.22151839065214,2026-01-08,2026-01-09,1,-0.346,2.88,2.4306,2.0833,2.7778,-0.3472,0,0,0,1
stable,lpn_012_lowpain_orderbook,final_2026,2026-01-07,2,sh600256,sh600256,66.53041574605905,66.53041574605905,2026-01-08,2026-01-09,1,0.0,5.02,0.0,-0.5976,-0.1992,-0.7968,1,1,0,0
stable,lpn_012_lowpain_orderbook,final_2026,2026-01-07,3,sz002252,sz002252,66.18249393190689,66.18249393190689,2026-01-08,2026-01-09,1,0.1562,6.41,0.78,0.468,0.936,-0.156,0,0,0,1
stable,lpn_012_lowpain_orderbook,final_2026,2026-01-08,1,sh600518,sh600518,72.46064657341238,72.46064657341238,2026-01-09,2026-01-12,1,0.0,1.94,0.5155,0.0,1.0309,-0.5155,0,0,0,1
stable,lpn_012_lowpain_orderbook,final_2026,2026-01-08,2,sz002330,sz002330,71.53812748000003,71.53812748000003,2026-01-09,2026-01-12,1,-0.4024,4.95,0.6061,0.404,0.8081,-0.6061,0,0,0,1
stable,lpn_012_lowpain_orderbook,final_2026,2026-01-08,3,sz002084,sz002084,69.94703773649097,69.94703773649097,2026-01-09,2026-01-12,1,0.0,4.02,0.4975,-0.2488,0.7463,-1.7413,0,0,0,1
stable,lpn_012_lowpain_orderbook,final_2026,2026-01-09,1,sz000883,sz000883,73.57414404826322,73.57414404826322,2026-01-12,2026-01-13,1,0.0,4.58,0.4367,0.4367,0.655,-0.4367,0,0,0,1
stable,lpn_012_lowpain_orderbook,final_2026,2026-01-09,2,sz000719,sz000719,69.86987939499073,69.86987939499073,2026-01-12,2026-01-13,1,0.3255,12.33,5.5961,5.3528,3.5685,0.0,0,0,0,1
stable,lpn_012_lowpain_orderbook,final_2026,2026-01-09,3,sz002567,sz002567,69.05099947779081,69.05099947779081,2026-01-12,2026-01-13,1,0.2273,4.41,0.0,0.0,0.0,-0.4535,1,0,0,0
stable,lpn_012_lowpain_orderbook,final_2026,2026-01-12,1,sh601018,sh601018,73.91828912293873,73.91828912293873,2026-01-13,2026-01-14,1,0.271,3.7,0.0,-0.5405,-1.3514,-1.3514,1,1,0,0
stable,lpn_012_lowpain_orderbook,final_2026,2026-01-12,2,sh600022,sh600022,72.35985460549698,72.35985460549698,2026-01-13,2026-01-14,1,0.0,1.6,0.625,-1.25,-1.875,-2.5,0,1,0,0
stable,lpn_012_lowpain_orderbook,final_2026,2026-01-12,3,sh601860,sh601860,69.42969625332441,69.42969625332441,2026-01-13,2026-01-14,1,0.0,2.8,1.4286,0.3571,-0.3571,-0.3571,0,1,0,0
stable,lpn_012_lowpain_orderbook,final_2026,2026-01-13,1,sz000656,sz000656,68.51028944048001,68.51028944048001,2026-01-14,2026-01-15,1,-0.6897,1.44,1.3889,0.0,1.3889,-0.6944,0,0,0,1
stable,lpn_012_lowpain_orderbook,final_2026,2026-01-13,2,sz000883,sz000883,68.30828043742855,68.30828043742855,2026-01-14,2026-01-15,1,-0.2169,4.6,0.6522,-0.4348,-0.2174,-0.8696,0,1,0,0
stable,lpn_012_lowpain_orderbook,final_2026,2026-01-13,3,sz002154,sz002154,66.51162180766931,66.51162180766931,2026-01-14,2026-01-15,1,0.0,3.92,1.2755,0.7653,0.0,-0.5102,0,0,0,1
stable,lpn_012_lowpain_orderbook,final_2026,2026-01-14,1,sz002958,sz002958,65.94697592458843,65.94697592458843,2026-01-15,2026-01-16,1,-0.3195,3.12,0.3205,-0.9615,-1.6026,-1.9231,0,1,0,0
stable,lpn_012_lowpain_orderbook,final_2026,2026-01-14,2,sz002305,sz002305,65.3419575550924,65.3419575550924,2026-01-15,2026-01-16,1,-0.9091,2.18,2.2936,1.8349,0.9174,0.0,0,0,0,1
stable,lpn_012_lowpain_orderbook,final_2026,2026-01-14,3,sh600299,sh600299,65.29042869517998,65.29042869517998,2026-01-15,2026-01-16,1,0.111,9.02,0.7761,0.1109,-0.5543,-0.8869,0,1,0,0
stable,lpn_012_lowpain_orderbook,final_2026,2026-01-15,1,sz001227,sz001227,71.07071249911455,71.07071249911455,2026-01-16,2026-01-19,1,0.4329,2.32,0.0,-0.431,-0.431,-0.8621,1,1,0,0
stable,lpn_012_lowpain_orderbook,final_2026,2026-01-15,2,sh600567,sh600567,68.80763114727941,68.80763114727941,2026-01-16,2026-01-19,1,0.0,1.67,0.5988,-0.5988,0.0,-1.1976,0,0,0,1
stable,lpn_012_lowpain_orderbook,final_2026,2026-01-15,3,sh600527,sh600527,67.34589876702086,67.34589876702086,2026-01-16,2026-01-19,1,0.4608,2.18,4.5872,1.3761,3.6697,-0.9174,0,0,0,1
stable,lpn_012_lowpain_orderbook,final_2026,2026-01-16,1,sz002839,sz002839,69.96546569315896,69.96546569315896,2026-01-19,2026-01-20,1,0.0,4.42,0.4525,0.0,1.3575,-0.4525,0,0,0,1
stable,lpn_012_lowpain_orderbook,final_2026,2026-01-16,2,sh600675,sh600675,69.92752327774716,69.92752327774716,2026-01-19,2026-01-20,1,0.0,2.74,1.0949,0.7299,10.9489,-1.0949,0,0,0,1
stable,lpn_012_lowpain_orderbook,final_2026,2026-01-16,3,sz002470,sz002470,69.13896496025268,69.13896496025268,2026-01-19,2026-01-20,1,0.0,1.74,2.8736,2.2989,4.023,-0.5747,0,0,0,1
stable,lpn_012_lowpain_orderbook,final_2026,2026-01-19,1,sz000419,sz000419,71.82365867571916,71.82365867571916,2026-01-20,2026-01-21,1,0.0,6.48,2.3148,1.6975,1.8519,-0.7716,0,0,0,1
stable,lpn_012_lowpain_orderbook,final_2026,2026-01-19,2,sh600008,sh600008,71.1223143087394,71.1223143087394,2026-01-20,2026-01-21,1,0.0,3.02,1.9868,1.6556,0.9934,-0.3311,0,0,0,1
stable,lpn_012_lowpain_orderbook,final_2026,2026-01-19,3,sh601000,sh601000,70.10739355766276,70.10739355766276,2026-01-20,2026-01-21,1,0.0,4.01,5.2369,4.4888,1.2469,-0.2494,0,0,0,1
stable,lpn_012_lowpain_orderbook,final_2026,2026-01-20,1,sh601818,sh601818,71.78934837724373,71.78934837724373,2026-01-21,2026-01-22,1,-0.295,3.38,0.8876,-0.5917,0.0,-0.8876,0,0,0,1
stable,lpn_012_lowpain_orderbook,final_2026,2026-01-20,2,sz000882,sz000882,70.35650188872083,70.35650188872083,2026-01-21,2026-01-22,1,-0.4902,2.03,0.4926,-0.9852,-0.4926,-1.4778,0,1,0,0
stable,lpn_012_lowpain_orderbook,final_2026,2026-01-20,3,sh600016,sh600016,69.90426455090892,69.90426455090892,2026-01-21,2026-01-22,1,-0.2632,3.79,0.5277,-0.7916,-0.5277,-0.7916,0,1,0,0
stable,lpn_012_lowpain_orderbook,final_2026,2026-01-21,1,sz002486,sz002486,73.57738282441827,73.57738282441827,2026-01-22,2026-01-23,1,0.0,3.17,0.9464,0.9464,1.5773,-1.5773,0,0,0,1
stable,lpn_012_lowpain_orderbook,final_2026,2026-01-21,2,sz001368,sz001368,69.26213709892691,69.26213709892691,2026-01-22,2026-01-23,1,0.0356,28.09,1.3172,0.5696,2.8836,-0.7832,0,0,0,1
stable,lpn_012_lowpain_orderbook,final_2026,2026-01-21,3,sz002316,sz002316,67.98225528529281,67.98225528529281,2026-01-22,2026-01-23,1,1.2613,5.62,0.3559,-2.1352,-2.3132,-3.3808,0,1,1,0
stable,lpn_012_lowpain_orderbook,final_2026,2026-01-22,1,sz000531,sz000531,71.16562007491794,71.16562007491794,2026-01-23,2026-01-26,1,0.1391,7.2,1.1111,0.2778,1.1111,-0.5556,0,0,0,1
stable,lpn_012_lowpain_orderbook,final_2026,2026-01-22,2,sh600017,sh600017,70.40204834229337,70.40204834229337,2026-01-23,2026-01-26,1,-0.3226,3.09,0.9709,0.6472,0.9709,-0.3236,0,0,0,1
stable,lpn_012_lowpain_orderbook,final_2026,2026-01-22,3,sz000998,sz000998,69.55185035784598,69.55185035784598,2026-01-23,2026-01-26,1,-0.2075,9.62,0.3119,0.104,0.8316,-0.3119,0,0,0,1
stable,lpn_012_lowpain_orderbook,final_2026,2026-01-23,1,sz002175,sz002175,69.57471721902728,69.57471721902728,2026-01-26,2026-01-27,1,0.2212,4.53,0.2208,-2.649,-3.3113,-5.298,0,1,1,0
stable,lpn_012_lowpain_orderbook,final_2026,2026-01-23,2,sz000711,sz000711,69.20209332272046,69.20209332272046,2026-01-26,2026-01-27,1,4.0462,1.8,1.1111,1.1111,5.0,-2.7778,0,0,0,1
stable,lpn_012_lowpain_orderbook,final_2026,2026-01-23,3,sz002453,sz002453,68.1397703338128,68.1397703338128,2026-01-26,2026-01-27,1,0.3125,6.42,0.4673,-4.2056,-5.296,-8.2555,0,1,1,0
stable,lpn_012_lowpain_orderbook,final_2026,2026-01-26,1,sh603363,sh603363,67.87320765339884,67.87320765339884,2026-01-27,2026-01-28,1,-0.6977,4.27,0.0,-2.3419,-4.918,-4.918,1,1,1,0
stable,lpn_012_lowpain_orderbook,final_2026,2026-01-26,2,sh600503,sh600503,67.74897588743627,67.74897588743627,2026-01-27,2026-01-28,1,-0.7353,2.7,0.3704,-2.2222,-2.5926,-3.7037,0,1,1,0
stable,lpn_012_lowpain_orderbook,final_2026,2026-01-26,3,sh600368,sh600368,67.06682179689784,67.06682179689784,2026-01-27,2026-01-28,1,-0.495,4.02,0.2488,-0.7463,0.2488,-1.4925,0,0,0,1
stable,lpn_012_lowpain_orderbook,final_2026,2026-01-27,1,sh600221,sh600221,67.66755607019952,67.66755607019952,2026-01-28,2026-01-29,1,0.5917,1.7,0.0,-0.5882,-0.5882,-1.7647,1,1,0,0
stable,lpn_012_lowpain_orderbook,final_2026,2026-01-27,2,sz001227,sz001227,67.30268918702478,67.30268918702478,2026-01-28,2026-01-29,1,0.0,2.3,0.4348,0.0,0.8696,-0.4348,0,0,0,1
stable,lpn_012_lowpain_orderbook,final_2026,2026-01-27,3,sh600467,sh600467,67.03610343235758,67.03610343235758,2026-01-28,2026-01-29,1,0.3831,2.62,1.145,0.3817,1.9084,-0.7634,0,0,0,1
stable,lpn_012_lowpain_orderbook,final_2026,2026-01-28,1,sz002936,sz002936,67.03679727401064,67.03679727401064,2026-01-29,2026-01-30,1,-0.5263,1.89,1.5873,1.5873,1.0582,0.0,0,0,0,1
stable,lpn_012_lowpain_orderbook,final_2026,2026-01-28,2,sz001227,sz001227,66.25966187565602,66.25966187565602,2026-01-29,2026-01-30,1,0.4348,2.31,0.8658,0.4329,0.8658,-0.4329,0,0,0,1
stable,lpn_012_lowpain_orderbook,final_2026,2026-01-28,3,sh600008,sh600008,65.87097739405094,65.87097739405094,2026-01-29,2026-01-30,1,0.3247,3.09,0.3236,0.0,-0.3236,-1.6181,0,1,0,0
stable,lpn_012_lowpain_orderbook,final_2026,2026-01-29,1,sz002177,sz002177,65.79858764004477,65.79858764004477,2026-01-30,2026-02-02,1,-0.2614,7.63,0.3932,-1.9659,-2.6212,-3.0144,0,1,1,0
stable,lpn_012_lowpain_orderbook,final_2026,2026-01-29,2,sh603323,sh603323,65.51210510866153,65.51210510866153,2026-01-30,2026-02-02,1,0.0,5.06,0.3953,-0.7905,-1.7787,-1.9763,0,1,0,0
stable,lpn_012_lowpain_orderbook,final_2026,2026-01-29,3,sh601860,sh601860,65.39189578557082,65.39189578557082,2026-01-30,2026-02-02,1,0.0,2.82,1.0638,-0.3546,-1.0638,-1.4184,0,1,0,0
stable,lpn_012_lowpain_orderbook,final_2026,2026-01-30,1,sz002494,sz002494,71.24527028436924,71.24527028436924,2026-02-02,2026-02-03,1,0.3527,5.69,2.109,-0.1757,0.3515,-1.0545,0,0,0,1
stable,lpn_012_lowpain_orderbook,final_2026,2026-01-30,2,sh601005,sh601005,69.59203275515114,69.59203275515114,2026-02-02,2026-02-03,1,-0.6494,1.53,0.6536,-5.8824,-3.9216,-5.8824,0,1,1,0
stable,lpn_012_lowpain_orderbook,final_2026,2026-01-30,3,sz000404,sz000404,68.0291070997643,68.0291070997643,2026-02-02,2026-02-03,1,0.2853,7.03,0.7112,-1.4225,-0.9957,-1.4225,0,1,0,0
stable,lpn_012_lowpain_orderbook,final_2026,2026-02-02,1,sh600881,sh600881,71.23418148130544,71.23418148130544,2026-02-03,2026-02-04,1,0.0,1.78,1.1236,0.5618,2.2472,-0.5618,0,0,0,1
stable,lpn_012_lowpain_orderbook,final_2026,2026-02-02,2,sh600567,sh600567,68.00876322891452,68.00876322891452,2026-02-03,2026-02-04,1,0.0,1.61,1.2422,1.2422,1.2422,0.0,0,0,0,1
stable,lpn_012_lowpain_orderbook,final_2026,2026-02-02,3,sh601916,sh601916,67.84307180301204,67.84307180301204,2026-02-03,2026-02-04,1,-0.3401,2.93,0.3413,-0.3413,0.0,-0.6826,0,0,0,1
stable,lpn_012_lowpain_orderbook,final_2026,2026-02-03,1,sh600905,sh600905,71.20380932329778,71.20380932329778,2026-02-04,2026-02-05,1,-0.489,4.07,0.9828,0.9828,0.9828,0.0,0,0,0,1
stable,lpn_012_lowpain_orderbook,final_2026,2026-02-03,2,sz002936,sz002936,69.79085468931295,69.79085468931295,2026-02-04,2026-02-05,1,-0.5291,1.88,1.5957,1.5957,2.1277,0.0,0,0,0,1
stable,lpn_012_lowpain_orderbook,final_2026,2026-02-03,3,sz000656,sz000656,68.39293460977142,68.39293460977142,2026-02-04,2026-02-05,1,0.0,1.45,1.3793,0.6897,-0.6897,-1.3793,0,1,0,0
stable,lpn_012_lowpain_orderbook,final_2026,2026-02-04,1,sz002390,sz002390,70.2345539348381,70.2345539348381,2026-02-05,2026-02-06,1,0.0,3.36,0.8929,0.0,-0.2976,-0.5952,0,1,0,0
stable,lpn_012_lowpain_orderbook,final_2026,2026-02-04,2,sz002958,sz002958,69.90693423211427,69.90693423211427,2026-02-05,2026-02-06,1,0.0,3.09,2.2654,1.9417,1.9417,-0.3236,0,0,0,1
stable,lpn_012_lowpain_orderbook,final_2026,2026-02-04,3,sz000898,sz000898,69.51674667707665,69.51674667707665,2026-02-05,2026-02-06,1,0.3906,2.57,0.7782,-1.1673,-2.3346,-3.5019,0,1,1,0
stable,lpn_012_lowpain_orderbook,final_2026,2026-02-05,1,sh601005,sh601005,72.0817829081783,72.0817829081783,2026-02-06,2026-02-09,1,-1.3333,1.48,0.6757,0.0,2.027,-1.3514,0,0,0,1
stable,lpn_012_lowpain_orderbook,final_2026,2026-02-05,2,sh601916,sh601916,69.8812648926126,69.8812648926126,2026-02-06,2026-02-09,1,0.0,2.97,0.0,-0.3367,0.0,-1.0101,1,0,0,0
stable,lpn_012_lowpain_orderbook,final_2026,2026-02-05,3,sh600016,sh600016,69.19492107034364,69.19492107034364,2026-02-06,2026-02-09,1,-0.2604,3.83,1.5666,1.0444,2.611,-0.5222,0,0,0,1
stable,lpn_012_lowpain_orderbook,final_2026,2026-02-06,1,sh600016,sh600016,69.03998665646338,69.03998665646338,2026-02-09,2026-02-10,1,0.0,3.87,1.8088,1.5504,2.584,-0.2584,0,0,0,1
stable,lpn_012_lowpain_orderbook,final_2026,2026-02-06,2,sh600930,sh600930,67.48770769056985,67.48770769056985,2026-02-09,2026-02-10,1,0.1681,5.96,0.3356,0.1678,-0.1678,-0.3356,0,1,0,0
stable,lpn_012_lowpain_orderbook,final_2026,2026-02-06,3,sz002021,sz002021,66.88468911727476,66.88468911727476,2026-02-09,2026-02-10,1,2.2364,3.2,3.75,0.625,-0.625,-0.625,0,1,0,0
stable,lpn_012_lowpain_orderbook,final_2026,2026-02-09,1,sz001391,sz001391,68.61293218763893,68.61293218763893,2026-02-10,2026-02-11,1,0.0,6.02,0.1661,-0.3322,-0.1661,-0.4983,0,1,0,0
stable,lpn_012_lowpain_orderbook,final_2026,2026-02-09,2,sh601333,sh601333,68.59043775637252,68.59043775637252,2026-02-10,2026-02-11,1,-0.3205,3.11,0.6431,0.0,0.6431,-0.6431,0,0,0,1
stable,lpn_012_lowpain_orderbook,final_2026,2026-02-09,3,sz000727,sz000727,67.98706049188891,67.98706049188891,2026-02-10,2026-02-11,1,0.7692,2.62,1.5267,0.7634,-0.3817,-0.7634,0,1,0,0
stable,lpn_012_lowpain_orderbook,final_2026,2026-02-10,1,sh600050,sh600050,73.29028135690291,73.29028135690291,2026-02-11,2026-02-12,1,0.0,4.87,0.4107,-0.2053,-0.616,-0.8214,0,1,0,0
stable,lpn_012_lowpain_orderbook,final_2026,2026-02-10,2,sh601916,sh601916,71.2357383832644,71.2357383832644,2026-02-11,2026-02-12,1,-0.3333,2.99,0.6689,0.3344,-1.0033,-1.0033,0,1,0,0
stable,lpn_012_lowpain_orderbook,final_2026,2026-02-10,3,sh600635,sh600635,68.2715043274539,68.2715043274539,2026-02-11,2026-02-12,1,-0.4762,6.27,0.4785,-0.4785,-1.1164,-1.4354,0,1,0,0
stable,lpn_012_lowpain_orderbook,final_2026,2026-02-11,1,sz000882,sz000882,67.60557933326108,67.60557933326108,2026-02-12,2026-02-13,1,0.5102,1.97,0.0,-1.0152,-2.0305,-2.5381,1,1,0,0
stable,lpn_012_lowpain_orderbook,final_2026,2026-02-11,2,sz002252,sz002252,66.95990130690444,66.95990130690444,2026-02-12,2026-02-13,1,-0.1582,6.31,0.317,-0.4754,-1.1094,-1.1094,0,1,0,0
stable,lpn_012_lowpain_orderbook,final_2026,2026-02-11,3,sz002579,sz002579,66.45533068071514,66.45533068071514,2026-02-12,2026-02-13,1,-0.172,11.61,0.8613,0.4307,0.0861,-0.8613,0,0,0,1
stable,lpn_012_lowpain_orderbook,final_2026,2026-02-12,1,sz000838,sz000838,68.48687242759138,68.48687242759138,2026-02-13,2026-02-23,1,0.7812,2.58,0.7752,-0.3876,3.1008,-1.5504,0,0,0,1
stable,lpn_012_lowpain_orderbook,final_2026,2026-02-12,2,sz000563,sz000563,67.14014268611976,67.14014268611976,2026-02-13,2026-02-23,1,0.2825,3.55,0.0,-1.6901,1.6901,-1.9718,1,0,0,0
stable,lpn_012_lowpain_orderbook,final_2026,2026-02-12,3,sz002375,sz002375,66.95614845208712,66.95614845208712,2026-02-13,2026-02-23,1,-0.2299,4.34,0.4608,-1.8433,2.5346,-2.0737,0,0,0,1
stable,lpn_012_lowpain_orderbook,final_2026,2026-02-13,1,sh601985,sh601985,69.9969361581969,69.9969361581969,2026-02-23,2026-02-24,1,1.1737,8.62,0.0,-0.464,-0.6961,-0.9281,1,1,0,0
stable,lpn_012_lowpain_orderbook,final_2026,2026-02-13,2,sh600572,sh600572,68.66763545324102,68.66763545324102,2026-02-23,2026-02-24,1,2.027,4.53,0.4415,0.0,-1.5453,-1.9868,0,1,0,0
stable,lpn_012_lowpain_orderbook,final_2026,2026-02-13,3,sz002936,sz002936,67.7692185531437,67.7692185531437,2026-02-23,2026-02-24,1,1.0471,1.93,0.5181,0.0,-0.5181,-1.0363,0,1,0,0
stable,lpn_012_lowpain_orderbook,final_2026,2026-02-24,1,sz002486,sz002486,69.19579676190453,69.19579676190453,2026-02-25,2026-02-26,1,0.0,3.17,2.2082,0.6309,0.3155,-1.8927,0,0,0,1
stable,lpn_012_lowpain_orderbook,final_2026,2026-02-24,2,sh601333,sh601333,66.23017899009683,66.23017899009683,2026-02-25,2026-02-26,1,0.0,3.08,2.2727,1.2987,0.3247,-0.3247,0,0,0,1
stable,lpn_012_lowpain_orderbook,final_2026,2026-02-24,3,sh601916,sh601916,66.15987214846882,66.15987214846882,2026-02-25,2026-02-26,1,0.0,2.97,1.0101,0.0,0.0,-0.6734,0,0,0,1
stable,lpn_012_lowpain_orderbook,final_2026,2026-02-25,1,sz002484,sz002484,66.77484306326414,66.77484306326414,2026-02-26,2026-02-27,1,-1.1677,33.01,2.8476,2.6053,1.2118,-1.757,0,0,0,1
stable,lpn_012_lowpain_orderbook,final_2026,2026-02-25,2,sz002124,sz002124,66.44875377502382,66.44875377502382,2026-02-26,2026-02-27,1,0.0,2.53,0.3953,-0.7905,-0.3953,-1.1858,0,1,0,0
stable,lpn_012_lowpain_orderbook,final_2026,2026-02-25,3,sz002344,sz002344,66.40343270650891,66.40343270650891,2026-02-26,2026-02-27,1,0.0,4.97,0.2012,-1.8109,-1.4085,-2.2133,0,1,0,0
stable,lpn_012_lowpain_orderbook,final_2026,2026-02-26,1,sh601916,sh601916,72.13576852101234,72.13576852101234,2026-02-27,2026-03-02,1,-0.3367,2.96,1.0135,0.6757,1.3514,0.0,0,0,0,1
stable,lpn_012_lowpain_orderbook,final_2026,2026-02-26,2,sh601818,sh601818,68.88309185381945,68.88309185381945,2026-02-27,2026-03-02,1,0.0,3.24,0.3086,0.0,0.0,-0.6173,0,0,0,1
stable,lpn_012_lowpain_orderbook,final_2026,2026-02-26,3,sh601868,sh601868,68.62921088679089,68.62921088679089,2026-02-27,2026-03-02,1,0.0,2.5,1.6,1.6,2.4,-0.4,0,0,0,1
stable,lpn_012_lowpain_orderbook,final_2026,2026-02-27,1,sh601988,sh601988,70.12609472491745,70.12609472491745,2026-03-02,2026-03-03,1,0.0,5.28,0.947,0.5682,2.6515,-0.5682,0,0,0,1
stable,lpn_012_lowpain_orderbook,final_2026,2026-02-27,2,sz000008,sz000008,68.80025241073633,68.80025241073633,2026-03-02,2026-03-03,1,-0.6645,2.99,0.3344,-1.0033,-4.0134,-4.0134,0,1,1,0
stable,lpn_012_lowpain_orderbook,final_2026,2026-02-27,3,sh600905,sh600905,68.17136740612956,68.17136740612956,2026-03-02,2026-03-03,1,-0.4808,4.14,1.9324,1.4493,1.2077,-0.2415,0,0,0,1
stable,lpn_012_lowpain_orderbook,final_2026,2026-03-02,1,sz000656,sz000656,68.84634771674362,68.84634771674362,2026-03-03,2026-03-04,1,0.7092,1.42,0.0,-2.8169,-3.5211,-4.9296,1,1,1,0
stable,lpn_012_lowpain_orderbook,final_2026,2026-03-02,2,sh600518,sh600518,66.54284269304983,66.54284269304983,2026-03-03,2026-03-04,1,0.0,1.9,0.5263,-1.0526,-2.1053,-2.6316,0,1,0,0
stable,lpn_012_lowpain_orderbook,final_2026,2026-03-02,3,sh600653,sh600653,65.53018906879296,65.53018906879296,2026-03-03,2026-03-04,1,0.0,1.92,0.5208,-2.6042,-3.6458,-4.1667,0,1,1,0
stable,lpn_012_lowpain_orderbook,final_2026,2026-03-03,1,sz002269,sz002269,67.51430106606163,67.51430106606163,2026-03-04,2026-03-05,1,-0.5525,1.8,0.5556,-0.5556,0.5556,-1.6667,0,0,0,1
stable,lpn_012_lowpain_orderbook,final_2026,2026-03-03,2,sz000563,sz000563,67.21687575693562,67.21687575693562,2026-03-04,2026-03-05,1,-0.2849,3.5,0.2857,-1.1429,0.0,-1.7143,0,0,0,1
stable,lpn_012_lowpain_orderbook,final_2026,2026-03-03,3,sz000882,sz000882,66.88004347100423,66.88004347100423,2026-03-04,2026-03-05,1,-0.5376,1.85,0.0,-1.6216,-0.5405,-2.1622,1,1,0,0
stable,lpn_012_lowpain_orderbook,final_2026,2026-03-04,1,sz003043,sz003043,69.17574608804232,69.17574608804232,2026-03-05,2026-03-06,1,1.7932,56.2,1.8861,-3.4342,-3.9324,-5.5516,0,1,1,0
stable,lpn_012_lowpain_orderbook,final_2026,2026-03-04,2,sz002998,sz002998,66.58130071298272,66.58130071298272,2026-03-05,2026-03-06,1,0.8373,8.43,0.8304,-1.0676,3.2028,-2.3725,0,0,0,1
stable,lpn_012_lowpain_orderbook,final_2026,2026-03-04,3,sz002141,sz002141,66.407952745492,66.407952745492,2026-03-05,2026-03-06,1,2.0513,3.98,1.5075,0.2513,2.7638,-1.7588,0,0,0,1
stable,lpn_012_lowpain_orderbook,final_2026,2026-03-05,1,sh601658,sh601658,67.6465423945908,67.6465423945908,2026-03-06,2026-03-09,1,-0.2008,4.97,1.006,0.6036,0.0,-0.4024,0,0,0,1
stable,lpn_012_lowpain_orderbook,final_2026,2026-03-05,2,sh600221,sh600221,66.58895929307079,66.58895929307079,2026-03-06,2026-03-09,1,-0.6452,1.54,2.5974,1.9481,-0.6494,-1.9481,0,1,0,0
stable,lpn_012_lowpain_orderbook,final_2026,2026-03-05,3,sh601818,sh601818,66.49696866365363,66.49696866365363,2026-03-06,2026-03-09,1,-0.3086,3.23,0.6192,0.6192,0.0,-0.3096,0,0,0,1
stable,lpn_012_lowpain_orderbook,final_2026,2026-03-06,1,sh600221,sh600221,72.03475092346766,72.03475092346766,2026-03-09,2026-03-10,1,-3.1847,1.52,0.6579,0.6579,1.9737,-0.6579,0,0,0,1
stable,lpn_012_lowpain_orderbook,final_2026,2026-03-06,2,sz002390,sz002390,71.0917739881252,71.0917739881252,2026-03-09,2026-03-10,1,-0.9009,3.3,1.2121,0.6061,1.5152,-0.303,0,0,0,1
stable,lpn_012_lowpain_orderbook,final_2026,2026-03-06,3,sz001227,sz001227,70.91002378321608,70.91002378321608,2026-03-09,2026-03-10,1,-0.4329,2.3,0.8696,0.0,0.0,-0.4348,0,0,0,1
stable,lpn_012_lowpain_orderbook,final_2026,2026-03-09,1,sh600221,sh600221,72.72487790966284,72.72487790966284,2026-03-10,2026-03-11,1,2.6144,1.57,0.6369,-1.2739,-1.9108,-2.5478,0,1,0,0
stable,lpn_012_lowpain_orderbook,final_2026,2026-03-09,2,sz000656,sz000656,71.17456513451012,71.17456513451012,2026-03-10,2026-03-11,1,0.7246,1.39,0.0,0.0,0.0,-0.7194,1,0,0,0
stable,lpn_012_lowpain_orderbook,final_2026,2026-03-09,3,sz000595,sz000595,66.80761595482723,66.80761595482723,2026-03-10,2026-03-11,1,0.4724,6.38,0.3135,0.0,2.6646,-1.0972,0,0,0,1
stable,lpn_012_lowpain_orderbook,final_2026,2026-03-10,1,sh601916,sh601916,69.08193891048269,69.08193891048269,2026-03-11,2026-03-12,1,-0.33,3.02,1.3245,1.3245,2.3179,-0.3311,0,0,0,1
stable,lpn_012_lowpain_orderbook,final_2026,2026-03-10,2,sz002252,sz002252,68.4256971362917,68.4256971362917,2026-03-11,2026-03-12,1,0.0,6.24,0.4808,0.4808,0.3205,-0.4808,0,0,0,1
stable,lpn_012_lowpain_orderbook,final_2026,2026-03-10,3,sh600515,sh600515,68.22987012934657,68.22987012934657,2026-03-11,2026-03-12,1,-0.2513,3.97,0.5038,-0.2519,-0.7557,-1.0076,0,1,0,0
stable,lpn_012_lowpain_orderbook,final_2026,2026-03-11,1,sh601818,sh601818,75.51086249853923,75.51086249853923,2026-03-12,2026-03-13,1,0.3049,3.29,1.5198,1.2158,1.2158,-0.304,0,0,0,1
stable,lpn_012_lowpain_orderbook,final_2026,2026-03-11,2,sz001227,sz001227,71.23489033313372,71.23489033313372,2026-03-12,2026-03-13,1,-0.431,2.31,2.1645,1.7316,2.1645,0.0,0,0,0,1
stable,lpn_012_lowpain_orderbook,final_2026,2026-03-11,3,sz002936,sz002936,71.07310286604996,71.07310286604996,2026-03-12,2026-03-13,1,-0.5236,1.9,2.1053,1.5789,1.5789,0.0,0,0,0,1
stable,lpn_012_lowpain_orderbook,final_2026,2026-03-12,1,sz000656,sz000656,67.37401154465473,67.37401154465473,2026-03-13,2026-03-16,1,0.0,1.37,2.1898,0.7299,0.7299,-0.7299,0,0,0,1
stable,lpn_012_lowpain_orderbook,final_2026,2026-03-12,2,sz002390,sz002390,67.33236520878933,67.33236520878933,2026-03-13,2026-03-16,1,-0.2976,3.35,1.194,0.597,1.4925,-0.2985,0,0,0,1
stable,lpn_012_lowpain_orderbook,final_2026,2026-03-12,3,sh600167,sh600167,66.90036348585065,66.90036348585065,2026-03-13,2026-03-16,1,0.0,6.86,0.2915,-1.4577,-4.0816,-4.2274,0,1,1,0
stable,lpn_012_lowpain_orderbook,final_2026,2026-03-13,1,sh601728,sh601728,67.3771589063459,67.3771589063459,2026-03-16,2026-03-17,1,0.0,6.18,1.2945,-1.1327,-1.2945,-1.4563,0,1,0,0
stable,lpn_012_lowpain_orderbook,final_2026,2026-03-13,2,sz002707,sz002707,66.66328601839436,66.66328601839436,2026-03-16,2026-03-17,1,-0.1439,6.94,1.1527,1.0086,-0.2882,-0.4323,0,1,0,0
stable,lpn_012_lowpain_orderbook,final_2026,2026-03-13,3,sz002482,sz002482,66.45437144603811,66.45437144603811,2026-03-16,2026-03-17,1,-0.5587,1.78,1.6854,-0.5618,0.0,-1.1236,0,0,0,1
stable,lpn_012_lowpain_orderbook,final_2026,2026-03-16,1,sh601916,sh601916,68.9115517369187,68.9115517369187,2026-03-17,2026-03-18,1,0.0,3.1,1.6129,0.9677,0.6452,-0.6452,0,0,0,1
stable,lpn_012_lowpain_orderbook,final_2026,2026-03-16,2,sz002570,sz002570,66.8942909949816,66.8942909949816,2026-03-17,2026-03-18,1,0.1733,5.78,0.0,-1.7301,-1.0381,-2.0761,1,1,0,0
stable,lpn_012_lowpain_orderbook,final_2026,2026-03-16,3,sz002656,sz002656,66.51904084936909,66.51904084936909,2026-03-17,2026-03-18,1,1.0,3.03,0.6601,-1.3201,0.33,-1.6502,0,0,0,1
stable,lpn_012_lowpain_orderbook,final_2026,2026-03-17,1,sh600169,sh600169,68.0672028837271,68.0672028837271,2026-03-18,2026-03-19,1,0.0,2.51,0.3984,0.0,-1.992,-2.7888,0,1,0,0
stable,lpn_012_lowpain_orderbook,final_2026,2026-03-17,2,sh600717,sh600717,67.97202364071528,67.97202364071528,2026-03-18,2026-03-19,1,0.0,4.8,0.4167,-0.8333,-2.0833,-2.5,0,1,0,0
stable,lpn_012_lowpain_orderbook,final_2026,2026-03-17,3,sh605098,sh605098,67.35048069928146,67.35048069928146,2026-03-18,2026-03-19,1,0.0,54.78,3.3041,2.2271,-3.5779,-6.5352,0,1,1,0
stable,lpn_012_lowpain_orderbook,final_2026,2026-03-18,1,sh600518,sh600518,75.58992783754013,75.58992783754013,2026-03-19,2026-03-20,1,-0.5348,1.86,0.5376,-1.0753,-3.2258,-3.7634,0,1,1,0
stable,lpn_012_lowpain_orderbook,final_2026,2026-03-18,2,sh601010,sh601010,71.18327979360276,71.18327979360276,2026-03-19,2026-03-20,1,0.0,2.35,0.4255,-2.1277,-5.1064,-5.5319,0,1,1,0
stable,lpn_012_lowpain_orderbook,final_2026,2026-03-18,3,sz001277,sz001277,70.31287899792171,70.31287899792171,2026-03-19,2026-03-20,1,-0.6478,36.81,1.141,-1.3583,-3.1785,-3.7218,0,1,1,0
stable,lpn_012_lowpain_orderbook,final_2026,2026-03-19,1,sz002482,sz002482,70.31689914892011,70.31689914892011,2026-03-20,2026-03-23,1,0.5814,1.73,0.578,-1.7341,-6.9364,-8.0925,0,1,1,0
stable,lpn_012_lowpain_orderbook,final_2026,2026-03-19,2,sz002807,sz002807,68.77264201196841,68.77264201196841,2026-03-20,2026-03-23,1,0.2174,4.61,0.4338,-1.3015,-6.0738,-6.7245,0,1,1,0
stable,lpn_012_lowpain_orderbook,final_2026,2026-03-19,3,sh601229,sh601229,67.09990318976871,67.09990318976871,2026-03-20,2026-03-23,1,-0.3009,9.94,0.8048,-0.2012,-2.9175,-3.3199,0,1,1,0
stable,lpn_012_lowpain_orderbook,final_2026,2026-03-20,1,sz000656,sz000656,70.48961397140671,70.48961397140671,2026-03-23,2026-03-24,1,-0.7407,1.34,0.0,-4.4776,-1.4925,-4.4776,1,1,1,0
stable,lpn_012_lowpain_orderbook,final_2026,2026-03-20,2,sh600515,sh600515,67.65522828287932,67.65522828287932,2026-03-23,2026-03-24,1,-1.3514,3.65,0.274,-2.1918,-0.5479,-3.5616,0,1,1,0
stable,lpn_012_lowpain_orderbook,final_2026,2026-03-20,3,sh601818,sh601818,67.21418542472918,67.21418542472918,2026-03-23,2026-03-24,1,-0.3049,3.27,0.3058,-2.7523,-0.6116,-3.0581,0,1,1,0
stable,lpn_012_lowpain_orderbook,final_2026,2026-03-23,1,sz002269,sz002269,67.26900403090283,67.26900403090283,2026-03-24,2026-03-25,1,1.8868,1.62,3.0864,3.0864,6.1728,-1.8519,0,0,0,1
stable,lpn_012_lowpain_orderbook,final_2026,2026-03-23,2,sz000797,sz000797,66.31787493226497,66.31787493226497,2026-03-24,2026-03-25,1,1.845,2.76,1.8116,1.8116,6.5217,-2.5362,0,0,0,1
stable,lpn_012_lowpain_orderbook,final_2026,2026-03-23,3,sz002936,sz002936,66.08490156502049,66.08490156502049,2026-03-24,2026-03-25,1,0.5464,1.84,1.087,1.087,2.7174,-0.5435,0,0,0,1
stable,lpn_012_lowpain_orderbook,final_2026,2026-03-24,1,sz000501,sz000501,74.16924271561723,74.16924271561723,2026-03-25,2026-03-26,1,-0.2395,8.33,1.5606,1.4406,1.5606,-0.3601,0,0,0,1
stable,lpn_012_lowpain_orderbook,final_2026,2026-03-24,2,sz000100,sz000100,71.70600306443387,71.70600306443387,2026-03-25,2026-03-26,1,0.2294,4.37,0.6865,-0.6865,-2.2883,-2.746,0,1,0,0
stable,lpn_012_lowpain_orderbook,final_2026,2026-03-24,3,sz000725,sz000725,70.75647953992848,70.75647953992848,2026-03-25,2026-03-26,1,0.75,4.03,0.2481,-0.9926,-2.2333,-2.4814,0,1,0,0
stable,lpn_012_lowpain_orderbook,final_2026,2026-03-25,1,sh601818,sh601818,74.84619930898936,74.84619930898936,2026-03-26,2026-03-27,1,-0.303,3.29,0.9119,0.304,-0.6079,-0.9119,0,1,0,0
stable,lpn_012_lowpain_orderbook,final_2026,2026-03-25,2,sz000897,sz000897,73.11069358060351,73.11069358060351,2026-03-26,2026-03-27,1,0.4695,2.14,3.7383,-1.4019,-0.9346,-2.8037,0,1,0,0
stable,lpn_012_lowpain_orderbook,final_2026,2026-03-25,3,sh601005,sh601005,71.62854029734001,71.62854029734001,2026-03-26,2026-03-27,1,-0.6849,1.45,0.6897,-2.069,-1.3793,-3.4483,0,1,1,0
stable,lpn_012_lowpain_orderbook,final_2026,2026-03-26,1,sh600606,sh600606,69.35718276168292,69.35718276168292,2026-03-27,2026-03-30,1,-1.3158,1.5,2.0,2.0,1.3333,-0.6667,0,0,0,1
stable,lpn_012_lowpain_orderbook,final_2026,2026-03-26,2,sz000564,sz000564,66.95396911442647,66.95396911442647,2026-03-27,2026-03-30,1,-1.5385,1.92,2.0833,1.5625,-1.0417,-2.0833,0,1,0,0
stable,lpn_012_lowpain_orderbook,final_2026,2026-03-26,3,sz000785,sz000785,65.87955934966558,65.87955934966558,2026-03-27,2026-03-30,1,-1.6327,2.41,3.3195,2.9046,3.3195,-0.8299,0,0,0,1
stable,lpn_012_lowpain_orderbook,final_2026,2026-03-27,1,sh601005,sh601005,71.69375874689722,71.69375874689722,2026-03-30,2026-03-31,1,-0.6993,1.42,2.1127,1.4085,0.0,-0.7042,0,0,0,1
stable,lpn_012_lowpain_orderbook,final_2026,2026-03-27,2,sh600567,sh600567,70.40399692980192,70.40399692980192,2026-03-30,2026-03-31,1,-1.2821,1.54,1.2987,0.6494,0.0,-1.2987,0,0,0,1
stable,lpn_012_lowpain_orderbook,final_2026,2026-03-27,3,sh600022,sh600022,69.96691441193396,69.96691441193396,2026-03-30,2026-03-31,1,-0.6536,1.52,1.9737,1.3158,0.0,-1.3158,0,0,0,1
stable,lpn_012_lowpain_orderbook,final_2026,2026-03-30,1,sh601916,sh601916,71.61063027958569,71.61063027958569,2026-03-31,2026-04-01,1,-0.9709,3.06,0.3268,-1.9608,-2.2876,-2.9412,0,1,0,0
stable,lpn_012_lowpain_orderbook,final_2026,2026-03-30,2,sz002269,sz002269,69.27491299275061,69.27491299275061,2026-03-31,2026-04-01,1,0.0,1.7,1.7647,-1.7647,8.2353,-2.3529,0,0,0,1
stable,lpn_012_lowpain_orderbook,final_2026,2026-03-30,3,sz002356,sz002356,68.29745006839656,68.29745006839656,2026-03-31,2026-04-01,1,-0.5571,3.57,1.6807,-2.2409,-0.8403,-2.2409,0,1,0,0
stable,lpn_012_lowpain_orderbook,final_2026,2026-03-31,1,sz002219,sz002219,68.3157641348935,68.3157641348935,2026-04-01,2026-04-02,1,1.6,2.54,0.3937,-0.3937,-1.9685,-3.1496,0,1,1,0
stable,lpn_012_lowpain_orderbook,final_2026,2026-03-31,2,sz000656,sz000656,67.47195655827515,67.47195655827515,2026-04-01,2026-04-02,1,1.4706,1.38,0.7246,-0.7246,-1.4493,-2.1739,0,1,0,0
stable,lpn_012_lowpain_orderbook,final_2026,2026-03-31,3,sz002510,sz002510,66.67714344507888,66.67714344507888,2026-04-01,2026-04-02,1,1.5603,7.16,0.419,-0.838,-2.6536,-3.2123,0,1,1,0
stable,lpn_012_lowpain_orderbook,final_2026,2026-04-01,1,sh600340,sh600340,67.90164496778263,67.90164496778263,2026-04-02,2026-04-03,1,-1.4286,1.38,0.7246,-4.3478,0.7246,-9.4203,0,0,1,0
stable,lpn_012_lowpain_orderbook,final_2026,2026-04-01,2,sh600221,sh600221,67.85244286462398,67.85244286462398,2026-04-02,2026-04-03,1,-0.6803,1.46,0.6849,-1.3699,-2.7397,-3.4247,0,1,1,0
stable,lpn_012_lowpain_orderbook,final_2026,2026-04-01,3,sh600518,sh600518,67.5815213349846,67.5815213349846,2026-04-02,2026-04-03,1,0.0,1.78,6.1798,2.809,-1.6854,-1.6854,0,1,0,0
stable,lpn_012_lowpain_orderbook,final_2026,2026-04-02,1,sz000882,sz000882,71.75516805719373,71.75516805719373,2026-04-03,2026-04-07,1,0.0,1.61,0.0,-3.7267,-1.2422,-4.3478,1,1,1,0
stable,lpn_012_lowpain_orderbook,final_2026,2026-04-02,2,sz002146,sz002146,69.98448810279481,69.98448810279481,2026-04-03,2026-04-07,1,0.0,1.39,0.7194,-2.1583,-1.4388,-4.3165,0,1,1,0
stable,lpn_012_lowpain_orderbook,final_2026,2026-04-02,3,sh600383,sh600383,69.24728447023773,69.24728447023773,2026-04-03,2026-04-07,1,0.3759,2.67,0.0,-2.9963,-1.4981,-3.3708,1,1,1,0
stable,lpn_012_lowpain_orderbook,final_2026,2026-04-03,1,sz002717,sz002717,69.57573430949523,69.57573430949523,2026-04-07,2026-04-08,1,-0.6098,1.63,1.8405,0.6135,2.454,-0.6135,0,0,0,1
stable,lpn_012_lowpain_orderbook,final_2026,2026-04-03,2,sh601162,sh601162,69.29850175341704,69.29850175341704,2026-04-07,2026-04-08,1,-0.2778,3.59,0.8357,-0.2786,4.1783,-1.1142,0,0,0,1
stable,lpn_012_lowpain_orderbook,final_2026,2026-04-03,3,sz000564,sz000564,69.19550103829407,69.19550103829407,2026-04-07,2026-04-08,1,-0.5556,1.79,2.7933,2.2346,7.2626,-1.1173,0,0,0,1
stable,lpn_012_lowpain_orderbook,final_2026,2026-04-07,1,sh600395,sh600395,70.3285679152799,70.3285679152799,2026-04-08,2026-04-09,1,-1.6304,5.43,2.3941,2.3941,3.1308,-0.7366,0,0,0,1
stable,lpn_012_lowpain_orderbook,final_2026,2026-04-07,2,sz002556,sz002556,67.74993178289186,67.74993178289186,2026-04-08,2026-04-09,1,-0.1637,6.1,0.9836,0.8197,-0.3279,-1.4754,0,1,0,0
stable,lpn_012_lowpain_orderbook,final_2026,2026-04-07,3,sh601916,sh601916,66.42700540341538,66.42700540341538,2026-04-08,2026-04-09,1,0.3401,2.95,1.0169,1.0169,0.678,0.0,0,0,0,1
stable,lpn_012_lowpain_orderbook,final_2026,2026-04-08,1,sh601916,sh601916,75.34149976530699,75.34149976530699,2026-04-09,2026-04-10,1,0.0,2.98,0.0,-0.3356,-0.3356,-0.6711,1,1,0,0
stable,lpn_012_lowpain_orderbook,final_2026,2026-04-08,2,sh600008,sh600008,70.98517322479864,70.98517322479864,2026-04-09,2026-04-10,1,-0.3155,3.16,0.3165,-0.6329,-0.9494,-1.2658,0,1,0,0
stable,lpn_012_lowpain_orderbook,final_2026,2026-04-08,3,sh601860,sh601860,70.48460502768613,70.48460502768613,2026-04-09,2026-04-10,1,0.3676,2.73,0.0,-2.1978,-1.8315,-2.1978,1,1,0,0
stable,lpn_012_lowpain_orderbook,final_2026,2026-04-09,1,sz002937,sz002937,68.58648064941318,68.58648064941318,2026-04-10,2026-04-13,1,-0.1349,29.61,4.8632,3.3435,5.7751,-0.3715,0,0,0,1
stable,lpn_012_lowpain_orderbook,final_2026,2026-04-09,2,sh600606,sh600606,68.37809152366425,68.37809152366425,2026-04-10,2026-04-13,1,0.6897,1.46,2.0548,0.6849,1.3699,0.0,0,0,0,1
stable,lpn_012_lowpain_orderbook,final_2026,2026-04-09,3,sh603323,sh603323,68.26538828266398,68.26538828266398,2026-04-10,2026-04-13,1,0.4167,4.82,0.6224,-0.2075,-0.6224,-1.0373,0,1,0,0
stable,lpn_012_lowpain_orderbook,final_2026,2026-04-10,1,sh601916,sh601916,70.72019670722379,70.72019670722379,2026-04-13,2026-04-14,1,0.0,2.97,0.3367,-0.3367,0.3367,-0.3367,0,0,0,1
stable,lpn_012_lowpain_orderbook,final_2026,2026-04-10,2,sh601880,sh601880,68.60770311557043,68.60770311557043,2026-04-13,2026-04-14,1,-0.6024,1.65,0.0,-0.6061,-1.2121,-1.2121,1,1,0,0
stable,lpn_012_lowpain_orderbook,final_2026,2026-04-10,3,sh600905,sh600905,67.31985710794832,67.31985710794832,2026-04-13,2026-04-14,1,-0.2433,4.1,0.4878,0.4878,-0.2439,-0.2439,0,1,0,0
stable,lpn_012_lowpain_orderbook,final_2026,2026-04-13,1,sh601658,sh601658,69.4115044859844,69.4115044859844,2026-04-14,2026-04-15,1,0.0,4.99,1.002,1.002,2.4048,-0.2004,0,0,0,1
stable,lpn_012_lowpain_orderbook,final_2026,2026-04-13,2,sh600028,sh600028,69.379380140398,69.379380140398,2026-04-14,2026-04-15,1,-0.3431,5.81,0.0,-0.8606,-2.0654,-2.2375,1,1,0,0
stable,lpn_012_lowpain_orderbook,final_2026,2026-04-13,3,sz000069,sz000069,67.9968749702394,67.9968749702394,2026-04-14,2026-04-15,1,1.3393,2.27,1.3216,0.0,-1.3216,-1.7621,0,1,0,0
offensive,lpn_016_same_day_full,final_2026,2026-01-05,1,sz003017,sz003017,12.564131420036162,12.564131420036162,2026-01-06,2026-01-07,1,0.0,32.85,0.0609,-4.414,-5.4186,-5.6317,0,1,1,0
offensive,lpn_016_same_day_full,final_2026,2026-01-05,2,sz002151,sz002151,12.291691613901264,12.291691613901264,2026-01-06,2026-01-07,1,0.04,49.99,9.962,9.962,15.4231,-0.02,0,0,0,1
offensive,lpn_016_same_day_full,final_2026,2026-01-05,3,sh601089,sh601089,12.219741016182365,12.219741016182365,2026-01-06,2026-01-07,1,2.2348,26.99,3.8903,2.89,4.3349,-2.2601,0,0,0,1
offensive,lpn_016_same_day_full,final_2026,2026-01-06,1,sh603012,sh603012,11.97901436651662,11.97901436651662,2026-01-07,2026-01-08,1,-1.5083,6.53,7.9632,4.1348,4.7473,-1.072,0,0,0,1
offensive,lpn_016_same_day_full,final_2026,2026-01-06,2,sh603903,sh603903,11.901247191785519,11.901247191785519,2026-01-07,2026-01-08,1,-2.9347,13.23,1.4361,-4.1572,1.8896,-5.2154,0,0,1,0
offensive,lpn_016_same_day_full,final_2026,2026-01-06,3,sz001223,sz001223,11.884458256712728,11.884458256712728,2026-01-07,2026-01-08,1,0.7163,53.43,1.8903,0.1497,0.8984,-2.5267,0,0,0,1
offensive,lpn_016_same_day_full,final_2026,2026-01-07,1,sz002383,sz002383,12.870684172125506,12.870684172125506,2026-01-08,2026-01-09,1,-1.7705,13.87,6.3446,4.3259,4.5422,-2.5234,0,0,0,1
offensive,lpn_016_same_day_full,final_2026,2026-01-07,2,sz002766,sz002766,12.804009249258938,12.804009249258938,2026-01-08,2026-01-09,1,0.9887,7.15,3.2168,0.6993,-5.7343,-6.4336,0,1,1,0
offensive,lpn_016_same_day_full,final_2026,2026-01-07,3,sz002413,sz002413,12.715826667939524,12.715826667939524,2026-01-08,2026-01-09,1,-1.8552,16.4,8.1707,7.8659,11.5854,0.0,0,0,0,1
offensive,lpn_016_same_day_full,final_2026,2026-01-08,1,sh600266,sh600266,13.20627507657518,13.20627507657518,2026-01-09,2026-01-12,1,5.6296,7.13,2.3843,-4.3478,0.2805,-9.5372,0,0,1,0
offensive,lpn_016_same_day_full,final_2026,2026-01-08,2,sh600721,sh600721,12.95323926869134,12.95323926869134,2026-01-09,2026-01-12,1,-3.4274,9.58,2.4008,0.1044,-0.8351,-2.714,0,1,0,0
offensive,lpn_016_same_day_full,final_2026,2026-01-08,3,sh605298,sh605298,12.82706649332164,12.82706649332164,2026-01-09,2026-01-12,1,-1.3593,43.54,3.3532,0.3215,3.8126,-2.5953,0,0,0,1
offensive,lpn_016_same_day_full,final_2026,2026-01-09,1,sz001208,sz001208,12.835426388985312,12.835426388985312,2026-01-12,2026-01-13,1,0.8966,29.26,9.0226,6.1176,-4.4771,-4.4771,0,1,1,0
offensive,lpn_016_same_day_full,final_2026,2026-01-09,2,sh600869,sh600869,12.547124191413722,12.547124191413722,2026-01-12,2026-01-13,1,2.6515,10.84,1.845,0.4613,-1.9373,-4.059,0,1,1,0
offensive,lpn_016_same_day_full,final_2026,2026-01-09,3,sh600337,sh600337,12.257090265831962,12.257090265831962,2026-01-12,2026-01-13,1,-4.1667,3.68,4.3478,1.6304,-7.337,-8.4239,0,1,1,0
offensive,lpn_016_same_day_full,final_2026,2026-01-12,1,sh605255,sh605255,13.253405287686883,13.253405287686883,2026-01-13,2026-01-14,1,-9.999,176.6,0.0,0.0,10.0,-9.966,1,0,1,0
offensive,lpn_016_same_day_full,final_2026,2026-01-12,2,sz002774,sz002774,12.701038958977952,12.701038958977952,2026-01-13,2026-01-14,1,-7.1882,13.17,0.4556,-3.0372,-11.0858,-12.7563,0,1,1,0
offensive,lpn_016_same_day_full,final_2026,2026-01-12,3,sz002431,sz002431,12.31368290258923,12.31368290258923,2026-01-13,2026-01-14,1,-1.0417,2.85,0.0,-6.3158,-8.4211,-9.1228,1,1,1,0
offensive,lpn_016_same_day_full,final_2026,2026-01-13,1,sz002519,sz002519,14.852779038502002,14.852779038502002,2026-01-14,2026-01-15,1,-0.1919,10.4,10.1923,10.1923,-0.8654,-0.8654,0,1,0,0
offensive,lpn_016_same_day_full,final_2026,2026-01-13,2,sh600855,sh600855,14.218969382288725,14.218969382288725,2026-01-14,2026-01-15,1,-9.9811,23.81,6.2579,0.0,-4.1579,-6.2159,0,1,1,0
offensive,lpn_016_same_day_full,final_2026,2026-01-13,3,sh603698,sh603698,14.06146170645613,14.06146170645613,2026-01-14,2026-01-15,1,-8.1497,40.01,5.2987,-2.0245,-4.3989,-6.2734,0,1,1,0
offensive,lpn_016_same_day_full,final_2026,2026-01-14,1,sh600340,sh600340,16.02279923928686,16.02279923928686,2026-01-15,2026-01-16,1,-10.2041,1.76,0.0,0.0,-10.2273,-10.2273,1,1,1,0
offensive,lpn_016_same_day_full,final_2026,2026-01-14,2,sh600537,sh600537,15.47590800415529,15.47590800415529,2026-01-15,2026-01-16,1,-9.8837,3.1,0.0,0.0,-10.0,-10.0,1,1,1,0
offensive,lpn_016_same_day_full,final_2026,2026-01-14,3,sh600776,sh600776,14.436823727440169,14.436823727440169,2026-01-15,2026-01-16,1,-10.0,23.49,0.0,0.0,-10.0043,-10.0043,1,1,1,0
offensive,lpn_016_same_day_full,final_2026,2026-01-15,1,sz002465,sz002465,16.76721885068408,16.76721885068408,2026-01-16,2026-01-19,1,-10.0167,21.56,0.0,0.0,-10.0186,-10.0186,1,1,1,0
offensive,lpn_016_same_day_full,final_2026,2026-01-15,2,sh600776,sh600776,16.055120232582702,16.055120232582702,2026-01-16,2026-01-19,1,-10.0043,21.14,0.0,0.0,-9.9811,-9.9811,1,1,1,0
offensive,lpn_016_same_day_full,final_2026,2026-01-15,3,sh600498,sh600498,15.667662090172556,15.667662090172556,2026-01-16,2026-01-19,1,-9.9837,38.77,5.8035,0.6448,1.3928,-1.2639,0,0,0,1
offensive,lpn_016_same_day_full,final_2026,2026-01-16,1,sh603000,sh603000,19.20171181621418,19.20171181621418,2026-01-19,2026-01-20,1,-9.982,24.98,0.0,0.0,-5.8847,-7.2858,1,1,1,0
offensive,lpn_016_same_day_full,final_2026,2026-01-16,2,sz002465,sz002465,17.52503848977931,17.52503848977931,2026-01-19,2026-01-20,1,-10.0186,19.4,0.0,0.0,-6.701,-10.0,1,1,1,0
offensive,lpn_016_same_day_full,final_2026,2026-01-16,3,sz000681,sz000681,17.516442469789993,17.516442469789993,2026-01-19,2026-01-20,1,-10.0,28.44,2.391,0.0,-5.7665,-6.8214,0,1,1,0
offensive,lpn_016_same_day_full,final_2026,2026-01-19,1,sz002465,sz002465,19.193252965372444,19.193252965372444,2026-01-20,2026-01-21,1,-4.1237,18.6,4.2473,-2.6882,-4.8387,-6.8817,0,1,1,0
offensive,lpn_016_same_day_full,final_2026,2026-01-19,2,sz002115,sz002115,18.44522611818688,18.44522611818688,2026-01-20,2026-01-21,1,-6.4435,14.81,2.8359,-3.7812,-9.318,-10.0608,0,1,1,0
offensive,lpn_016_same_day_full,final_2026,2026-01-19,3,sz000592,sz000592,17.977374211486833,17.977374211486833,2026-01-20,2026-01-21,1,-5.8459,10.63,11.9473,0.0,-8.937,-9.9718,0,1,1,0
offensive,lpn_016_same_day_full,final_2026,2026-01-20,1,sh600785,sh600785,15.773991303936143,15.773991303936143,2026-01-21,2026-01-22,1,1.9816,22.13,6.1907,1.4008,-0.1356,-5.061,0,1,1,0
offensive,lpn_016_same_day_full,final_2026,2026-01-20,2,sh601096,sh601096,15.282014711042509,15.282014711042509,2026-01-21,2026-01-22,1,0.0,5.47,0.7313,-5.4845,-6.7642,-7.8611,0,1,1,0
offensive,lpn_016_same_day_full,final_2026,2026-01-20,3,sz002112,sz002112,15.272040950857887,15.272040950857887,2026-01-21,2026-01-22,1,-4.1485,21.95,4.328,-4.0547,-0.7745,-4.8292,0,1,1,0
offensive,lpn_016_same_day_full,final_2026,2026-01-21,1,sz002131,sz002131,18.35037139313187,18.35037139313187,2026-01-22,2026-01-23,1,-10.0427,8.42,0.0,0.0,-0.2375,-9.7387,1,1,1,0
offensive,lpn_016_same_day_full,final_2026,2026-01-21,2,sz002358,sz002358,15.468942797608765,15.468942797608765,2026-01-22,2026-01-23,1,-1.0582,7.48,3.2086,-3.0749,-0.1337,-6.4171,0,1,1,0
offensive,lpn_016_same_day_full,final_2026,2026-01-21,3,sh603926,sh603926,15.336738349323042,15.336738349323042,2026-01-22,2026-01-23,1,-8.6369,22.32,19.5341,16.5323,9.0054,-0.1344,0,0,0,1
offensive,lpn_016_same_day_full,final_2026,2026-01-22,1,sz002131,sz002131,18.44919939976441,18.44919939976441,2026-01-23,2026-01-26,1,-9.7387,7.6,18.0263,10.5263,5.2632,0.0,0,0,0,1
offensive,lpn_016_same_day_full,final_2026,2026-01-22,2,sh601616,sh601616,16.346585453277154,16.346585453277154,2026-01-23,2026-01-26,1,-2.4055,5.68,7.0423,2.4648,-6.162,-6.6901,0,1,1,0
offensive,lpn_016_same_day_full,final_2026,2026-01-22,3,sz002077,sz002077,14.369822534807904,14.369822534807904,2026-01-23,2026-01-26,1,0.7054,18.56,2.4246,1.5086,-7.0582,-8.0819,0,1,1,0
offensive,lpn_016_same_day_full,final_2026,2026-01-23,1,sz002201,sz002201,14.99510927700131,14.99510927700131,2026-01-26,2026-01-27,1,3.6486,15.34,6.1278,6.1278,-2.0209,-4.4329,0,1,1,0
offensive,lpn_016_same_day_full,final_2026,2026-01-23,2,sz002498,sz002498,14.19027690134462,14.19027690134462,2026-01-26,2026-01-27,1,1.0101,6.0,8.8333,2.8333,-5.6667,-7.5,0,1,1,0
offensive,lpn_016_same_day_full,final_2026,2026-01-23,3,sh601106,sh601106,13.97340538902183,13.97340538902183,2026-01-26,2026-01-27,1,2.2147,6.0,2.8333,-5.8333,-7.5,-9.8333,0,1,1,0
offensive,lpn_016_same_day_full,final_2026,2026-01-26,1,sh603078,sh603078,15.46133291327819,15.46133291327819,2026-01-27,2026-01-28,1,-0.6803,29.2,1.9863,-0.5822,-7.5342,-9.1438,0,1,1,0
offensive,lpn_016_same_day_full,final_2026,2026-01-26,2,sh600986,sh600986,15.134481538101507,15.134481538101507,2026-01-27,2026-01-28,1,6.9382,14.18,2.1862,-7.5458,-11.6361,-11.9887,0,1,1,0
offensive,lpn_016_same_day_full,final_2026,2026-01-26,3,sz002943,sz002943,15.022034449036308,15.022034449036308,2026-01-27,2026-01-28,1,-2.1429,68.5,12.4088,12.4088,12.9197,-0.2774,0,0,0,1
offensive,lpn_016_same_day_full,final_2026,2026-01-27,1,sh603516,sh603516,18.01760452721521,18.01760452721521,2026-01-28,2026-01-29,1,-9.9978,161.68,0.0,0.0,-4.1254,-9.2776,1,1,1,0
offensive,lpn_016_same_day_full,final_2026,2026-01-27,2,sh600986,sh600986,14.949434063561958,14.949434063561958,2026-01-28,2026-01-29,1,2.9748,13.5,1.4815,-7.1852,2.0741,-9.4074,0,0,1,0
offensive,lpn_016_same_day_full,final_2026,2026-01-27,3,sz002342,sz002342,14.402094396818214,14.402094396818214,2026-01-28,2026-01-29,1,-0.9841,13.08,11.0856,11.0856,8.104,-4.4343,0,0,1,0
offensive,lpn_016_same_day_full,final_2026,2026-01-28,1,sz002218,sz002218,16.68513950992056,16.68513950992056,2026-01-29,2026-01-30,1,-0.2899,6.88,3.0523,-4.6512,-14.2442,-14.2442,0,1,1,0
offensive,lpn_016_same_day_full,final_2026,2026-01-28,2,sh603516,sh603516,16.382645517127216,16.382645517127216,2026-01-29,2026-01-30,1,-9.2776,146.68,13.0352,5.679,12.967,0.0,0,0,0,1
offensive,lpn_016_same_day_full,final_2026,2026-01-28,3,sz002995,sz002995,15.157530829562207,15.157530829562207,2026-01-29,2026-01-30,1,5.4348,30.07,4.3232,4.3232,14.7655,-3.0263,0,0,1,0
offensive,lpn_016_same_day_full,final_2026,2026-01-29,1,sz003042,sz003042,15.724013281909057,15.724013281909057,2026-01-30,2026-02-02,1,-3.8041,22.0,0.9091,-6.4545,-15.8182,-15.8182,0,1,1,0
offensive,lpn_016_same_day_full,final_2026,2026-01-29,2,sz000506,sz000506,15.013100130189342,15.013100130189342,2026-01-30,2026-02-02,1,-9.993,25.67,0.0,0.0,-10.0117,-10.0117,1,1,1,0
offensive,lpn_016_same_day_full,final_2026,2026-01-29,3,sz000751,sz000751,14.988785921094866,14.988785921094866,2026-01-30,2026-02-02,1,-9.9476,6.88,1.4535,0.0,-10.0291,-10.0291,0,1,1,0
offensive,lpn_016_same_day_full,final_2026,2026-01-30,1,sh601212,sh601212,19.932679363007257,19.932679363007257,2026-02-02,2026-02-03,1,-10.0219,12.3,0.0,0.0,-10.0,-10.0,1,1,1,0
offensive,lpn_016_same_day_full,final_2026,2026-01-30,2,sz001337,sz001337,19.692202670255753,19.692202670255753,2026-02-02,2026-02-03,1,-10.003,59.56,0.0,0.0,-5.8764,-10.0067,1,1,1,0
offensive,lpn_016_same_day_full,final_2026,2026-01-30,3,sh600531,sh600531,19.255414983702742,19.255414983702742,2026-02-02,2026-02-03,1,-9.9955,20.08,0.0,0.0,-10.01,-10.01,1,1,1,0
offensive,lpn_016_same_day_full,final_2026,2026-02-02,1,sh601212,sh601212,14.714528992001283,14.714528992001283,2026-02-03,2026-02-04,1,-10.0,11.07,0.0,0.0,2.6197,-6.9557,1,0,1,0
offensive,lpn_016_same_day_full,final_2026,2026-02-02,2,sz002952,sz002952,14.308985486564705,14.308985486564705,2026-02-03,2026-02-04,1,-4.8446,23.57,3.0972,2.6305,3.8608,-2.4183,0,0,0,1
offensive,lpn_016_same_day_full,final_2026,2026-02-02,3,sz002455,sz002455,14.184373253610902,14.184373253610902,2026-02-03,2026-02-04,1,4.4824,9.79,5.3115,5.3115,10.1124,-3.8815,0,0,1,0
offensive,lpn_016_same_day_full,final_2026,2026-02-03,1,sh601212,sh601212,20.026567737049316,20.026567737049316,2026-02-04,2026-02-05,1,-6.8654,10.31,16.3919,10.1843,-0.8729,-0.8729,0,1,0,0
offensive,lpn_016_same_day_full,final_2026,2026-02-03,2,sz002501,sz002501,19.353451971920315,19.353451971920315,2026-02-04,2026-02-05,1,0.0,1.9,6.8421,2.6316,0.5263,-1.0526,0,0,0,1
offensive,lpn_016_same_day_full,final_2026,2026-02-03,3,sz002716,sz002716,19.12691539540713,19.12691539540713,2026-02-04,2026-02-05,1,-2.4627,15.05,9.6346,2.5914,-7.6412,-7.6412,0,1,1,0
offensive,lpn_016_same_day_full,final_2026,2026-02-04,1,sh600683,sh600683,13.75748800931318,13.75748800931318,2026-02-05,2026-02-06,1,0.1667,6.01,9.817,9.817,0.6656,-0.8319,0,0,0,1
offensive,lpn_016_same_day_full,final_2026,2026-02-04,2,sh603778,sh603778,13.405710526773577,13.405710526773577,2026-02-05,2026-02-06,1,2.9666,16.66,5.042,0.8403,-3.0612,-12.605,0,1,1,0
offensive,lpn_016_same_day_full,final_2026,2026-02-04,3,sh603103,sh603103,13.322593282034429,13.322593282034429,2026-02-05,2026-02-06,1,0.0347,28.79,9.9687,9.9687,16.0125,0.0,0,0,0,1
offensive,lpn_016_same_day_full,final_2026,2026-02-05,1,sz002830,sz002830,14.039532745109085,14.039532745109085,2026-02-06,2026-02-09,1,-10.0144,25.07,22.2577,22.2577,34.5034,0.0,0,0,0,1
offensive,lpn_016_same_day_full,final_2026,2026-02-05,2,sz000056,sz000056,13.875191448250794,13.875191448250794,2026-02-06,2026-02-09,1,1.9324,2.11,8.0569,8.0569,3.7915,-0.4739,0,0,0,1
offensive,lpn_016_same_day_full,final_2026,2026-02-05,3,sz002985,sz002985,13.766036869455895,13.766036869455895,2026-02-06,2026-02-09,1,-2.0864,45.99,1.4134,-3.8487,-5.6317,-6.8058,0,1,1,0
offensive,lpn_016_same_day_full,final_2026,2026-02-06,1,sh603172,sh603172,14.403473336636317,14.403473336636317,2026-02-09,2026-02-10,1,-1.7706,24.41,9.7911,8.603,5.5715,-1.7616,0,0,0,1
offensive,lpn_016_same_day_full,final_2026,2026-02-06,2,sz000995,sz000995,14.386020618565507,14.386020618565507,2026-02-09,2026-02-10,1,-1.3274,17.84,8.7444,5.3812,-4.5404,-5.1009,0,1,1,0
offensive,lpn_016_same_day_full,final_2026,2026-02-06,3,sz002519,sz002519,14.145121871245097,14.145121871245097,2026-02-09,2026-02-10,1,2.8361,9.79,1.1236,-3.6772,1.0215,-5.7201,0,0,1,0
offensive,lpn_016_same_day_full,final_2026,2026-02-09,1,sz000056,sz000056,14.739501893853364,14.739501893853364,2026-02-10,2026-02-11,1,2.2831,2.24,7.5893,7.5893,-3.125,-3.125,0,1,1,0
offensive,lpn_016_same_day_full,final_2026,2026-02-09,2,sh603959,sh603959,14.509611796849724,14.509611796849724,2026-02-10,2026-02-11,1,-2.0202,6.79,6.9219,1.9146,3.0928,-0.5891,0,0,0,1
offensive,lpn_016_same_day_full,final_2026,2026-02-09,3,sh600814,sh600814,14.340966029644278,14.340966029644278,2026-02-10,2026-02-11,1,-2.0542,10.49,0.0953,-8.103,-12.6787,-13.0601,0,1,1,0
offensive,lpn_016_same_day_full,final_2026,2026-02-10,1,sz003018,sz003018,14.123089017442465,14.123089017442465,2026-02-11,2026-02-12,1,-1.9159,20.99,12.1486,12.1486,6.6222,-3.3826,0,0,1,0
offensive,lpn_016_same_day_full,final_2026,2026-02-10,2,sz002099,sz002099,13.553311688857892,13.553311688857892,2026-02-11,2026-02-12,1,1.5513,8.51,2.1152,-3.6428,-2.5852,-5.9929,0,1,1,0
offensive,lpn_016_same_day_full,final_2026,2026-02-10,3,sz002830,sz002830,13.445349387013485,13.445349387013485,2026-02-11,2026-02-12,1,-9.3506,27.92,4.7636,-0.7163,-10.6375,-10.6375,0,1,1,0
offensive,lpn_016_same_day_full,final_2026,2026-02-11,1,sh603466,sh603466,14.506911744592506,14.506911744592506,2026-02-12,2026-02-13,1,-2.305,11.02,5.0817,-3.6298,5.9891,-4.6279,0,0,1,0
offensive,lpn_016_same_day_full,final_2026,2026-02-11,2,sz001330,sz001330,14.484728202233782,14.484728202233782,2026-02-12,2026-02-13,1,-10.0,12.06,0.0,0.0,5.8872,-10.0332,1,0,1,0
offensive,lpn_016_same_day_full,final_2026,2026-02-11,3,sh600683,sh600683,13.447038829232739,13.447038829232739,2026-02-12,2026-02-13,1,-4.0222,6.92,4.0462,0.1445,-3.0347,-5.3468,0,1,1,0
offensive,lpn_016_same_day_full,final_2026,2026-02-12,1,sz001330,sz001330,17.279230138976693,17.279230138976693,2026-02-13,2026-02-23,1,-10.0332,10.85,20.4608,17.6959,23.5023,0.0,0,0,0,1
offensive,lpn_016_same_day_full,final_2026,2026-02-12,2,sz002759,sz002759,17.251176565421716,17.251176565421716,2026-02-13,2026-02-23,1,-9.909,35.64,10.8586,6.6218,23.3446,-0.0561,0,0,0,1
offensive,lpn_016_same_day_full,final_2026,2026-02-12,3,sh603103,sh603103,17.12798004996398,17.12798004996398,2026-02-13,2026-02-23,1,-9.777,29.53,20.7586,18.1849,23.1629,0.0,0,0,0,1
offensive,lpn_016_same_day_full,final_2026,2026-02-13,1,sh600589,sh600589,15.957398266384029,15.957398266384029,2026-02-23,2026-02-24,1,-4.4731,12.6,0.0,0.0,-5.6349,-5.7937,1,1,1,0
offensive,lpn_016_same_day_full,final_2026,2026-02-13,2,sh600397,sh600397,15.745723797203144,15.745723797203144,2026-02-23,2026-02-24,1,-23.0471,11.92,9.1443,9.1443,42.953,-1.1745,0,0,0,1
offensive,lpn_016_same_day_full,final_2026,2026-02-13,3,sz002323,sz002323,15.190103033655111,15.190103033655111,2026-02-23,2026-02-24,1,-2.5424,2.3,3.4783,3.4783,-2.6087,-6.087,0,1,1,0
offensive,lpn_016_same_day_full,final_2026,2026-02-24,1,sz001330,sz001330,17.499403602980273,17.499403602980273,2026-02-25,2026-02-26,1,-10.0087,10.34,4.2553,0.0,-9.9613,-9.9613,0,1,1,0
offensive,lpn_016_same_day_full,final_2026,2026-02-24,2,sz002326,sz002326,16.812012111839724,16.812012111839724,2026-02-25,2026-02-26,1,-3.4376,25.0,6.0,3.12,0.48,-1.16,0,0,0,1
offensive,lpn_016_same_day_full,final_2026,2026-02-24,3,sh605287,sh605287,16.225227648654503,16.225227648654503,2026-02-25,2026-02-26,1,-4.3622,52.18,1.7248,-0.5366,1.9548,-3.2196,0,0,1,0
offensive,lpn_016_same_day_full,final_2026,2026-02-25,1,sh605006,sh605006,16.55652082286095,16.55652082286095,2026-02-26,2026-02-27,1,-2.9935,10.37,9.8361,7.0395,2.3144,-0.0964,0,0,0,1
offensive,lpn_016_same_day_full,final_2026,2026-02-25,2,sh605033,sh605033,15.785073501357287,15.785073501357287,2026-02-26,2026-02-27,1,-9.0693,26.77,3.8476,-0.9712,-6.9854,-8.2555,0,1,1,0
offensive,lpn_016_same_day_full,final_2026,2026-02-25,3,sh600397,sh600397,15.23587878641457,15.23587878641457,2026-02-26,2026-02-27,1,2.1345,19.14,6.7921,2.2466,12.4869,-0.5747,0,0,0,1
offensive,lpn_016_same_day_full,final_2026,2026-02-26,1,sh600397,sh600397,15.370537071979202,15.370537071979202,2026-02-27,2026-03-02,1,0.9709,19.76,8.9575,8.9575,8.8057,-1.9231,0,0,0,1
offensive,lpn_016_same_day_full,final_2026,2026-02-26,2,sh605289,sh605289,15.202220329082294,15.202220329082294,2026-02-27,2026-03-02,1,0.6912,117.99,6.7887,5.0089,11.3145,-3.1698,0,0,1,0
offensive,lpn_016_same_day_full,final_2026,2026-02-26,3,sh600545,sh600545,14.745040138276423,14.745040138276423,2026-02-27,2026-03-02,1,0.0,3.41,3.2258,0.2933,-1.7595,-4.1056,0,1,1,0
offensive,lpn_016_same_day_full,final_2026,2026-02-27,1,sz000826,sz000826,15.604988536302253,15.604988536302253,2026-03-02,2026-03-03,1,-9.9644,2.53,0.0,0.0,-3.5573,-4.3478,1,1,1,0
offensive,lpn_016_same_day_full,final_2026,2026-02-27,2,sz002470,sz002470,15.502532811208656,15.502532811208656,2026-03-02,2026-03-03,1,8.0645,3.35,1.791,-13.1343,-16.7164,-19.403,0,1,1,0
offensive,lpn_016_same_day_full,final_2026,2026-02-27,3,sh600078,sh600078,14.383311226796602,14.383311226796602,2026-03-02,2026-03-03,1,-1.3418,13.97,2.219,-5.3686,-12.7416,-13.0279,0,1,1,0
offensive,lpn_016_same_day_full,final_2026,2026-03-02,1,sh600481,sh600481,16.784545731832214,16.784545731832214,2026-03-03,2026-03-04,1,-2.9656,8.18,0.978,-7.0905,-7.335,-10.0244,0,1,1,0
offensive,lpn_016_same_day_full,final_2026,2026-03-02,2,sz000826,sz000826,15.541405607546503,15.541405607546503,2026-03-03,2026-03-04,1,-0.7905,2.51,5.9761,-2.7888,-5.1793,-12.3506,0,1,1,0
offensive,lpn_016_same_day_full,final_2026,2026-03-02,3,sz002470,sz002470,12.180991444582274,12.180991444582274,2026-03-03,2026-03-04,1,1.3746,2.95,4.7458,-5.4237,-4.4068,-12.5424,0,1,1,0
offensive,lpn_016_same_day_full,final_2026,2026-03-03,1,sz000852,sz000852,12.818803204505173,12.818803204505173,2026-03-04,2026-03-05,1,-2.5612,8.75,4.9143,3.0857,3.7714,-2.8571,0,0,0,1
offensive,lpn_016_same_day_full,final_2026,2026-03-03,2,sz001896,sz001896,12.778974109622649,12.778974109622649,2026-03-04,2026-03-05,1,0.2259,13.31,9.7671,7.1375,8.4899,0.0,0,0,0,1
offensive,lpn_016_same_day_full,final_2026,2026-03-03,3,sh600256,sh600256,12.738913535320782,12.738913535320782,2026-03-04,2026-03-05,1,-0.4213,7.09,2.2567,-2.9619,-4.6544,-9.591,0,1,1,0
offensive,lpn_016_same_day_full,final_2026,2026-03-04,1,sz001896,sz001896,13.46842544492074,13.46842544492074,2026-03-05,2026-03-06,1,0.2805,14.3,4.4755,0.979,11.049,-5.5245,0,0,1,0
offensive,lpn_016_same_day_full,final_2026,2026-03-04,2,sz002389,sz002389,13.45283375516136,13.45283375516136,2026-03-05,2026-03-06,1,-2.6416,28.01,6.5691,4.6055,-1.4281,-3.7487,0,1,1,0
offensive,lpn_016_same_day_full,final_2026,2026-03-04,3,sz000010,sz000010,13.340322639643375,13.340322639643375,2026-03-05,2026-03-06,1,3.3937,4.57,0.0,-5.4705,-3.5011,-8.3151,1,1,1,0
offensive,lpn_016_same_day_full,final_2026,2026-03-05,1,sz002178,sz002178,13.96528145636641,13.96528145636641,2026-03-06,2026-03-09,1,-2.9412,6.6,5.9091,3.7879,5.0,0.0,0,0,0,1
offensive,lpn_016_same_day_full,final_2026,2026-03-05,2,sh600236,sh600236,13.81682339819438,13.81682339819438,2026-03-06,2026-03-09,1,-6.6265,10.85,3.9631,0.9217,-4.0553,-4.977,0,1,1,0
offensive,lpn_016_same_day_full,final_2026,2026-03-05,3,sz002339,sz002339,13.504318351181873,13.504318351181873,2026-03-06,2026-03-09,1,2.2853,12.98,2.4653,0.8475,1.772,-3.9291,0,0,1,0
offensive,lpn_016_same_day_full,final_2026,2026-03-06,1,sz002865,sz002865,13.7248032308926,13.7248032308926,2026-03-09,2026-03-10,1,-5.0,87.4,1.7963,0.0229,4.1419,-3.7185,0,0,1,0
offensive,lpn_016_same_day_full,final_2026,2026-03-06,2,sh600108,sh600108,13.579308246682961,13.579308246682961,2026-03-09,2026-03-10,1,0.1812,5.53,7.5949,-1.8083,7.9566,-6.3291,0,0,1,0
offensive,lpn_016_same_day_full,final_2026,2026-03-06,3,sz000035,sz000035,13.459436262568811,13.459436262568811,2026-03-09,2026-03-10,1,-0.1279,7.81,4.8656,-0.8963,4.0973,-6.402,0,0,1,0
offensive,lpn_016_same_day_full,final_2026,2026-03-09,1,sz002490,sz002490,16.116882512658925,16.116882512658925,2026-03-10,2026-03-11,1,-9.9698,11.92,4.698,0.0,0.755,-7.802,0,0,1,0
offensive,lpn_016_same_day_full,final_2026,2026-03-09,2,sz002498,sz002498,15.648198335693124,15.648198335693124,2026-03-10,2026-03-11,1,0.1004,9.97,1.6048,-3.2096,-5.3159,-6.7202,0,1,1,0
offensive,lpn_016_same_day_full,final_2026,2026-03-09,3,sh600470,sh600470,15.518172800201116,15.518172800201116,2026-03-10,2026-03-11,1,-9.9422,7.79,7.7022,5.5199,11.1682,0.0,0,0,0,1
offensive,lpn_016_same_day_full,final_2026,2026-03-10,1,sz000815,sz000815,15.655754687315357,15.655754687315357,2026-03-11,2026-03-12,1,1.5642,18.18,1.9802,-2.4752,3.6304,-3.6854,0,0,1,0
offensive,lpn_016_same_day_full,final_2026,2026-03-10,2,sh600821,sh600821,15.29003902706447,15.29003902706447,2026-03-11,2026-03-12,1,0.0,9.66,5.7971,2.2774,12.5259,-6.3147,0,0,1,0
offensive,lpn_016_same_day_full,final_2026,2026-03-10,3,sh600602,sh600602,14.032957687037419,14.032957687037419,2026-03-11,2026-03-12,1,-2.8645,22.72,2.7289,0.132,-2.1567,-3.257,0,1,1,0
offensive,lpn_016_same_day_full,final_2026,2026-03-11,1,sz002903,sz002903,13.783738058283175,13.783738058283175,2026-03-12,2026-03-13,1,-0.0343,29.14,0.7893,-3.1915,6.4859,-6.6918,0,0,1,0
offensive,lpn_016_same_day_full,final_2026,2026-03-11,2,sh605268,sh605268,13.659459897803718,13.659459897803718,2026-03-12,2026-03-13,1,-8.6443,14.69,1.3615,-1.5657,-8.1007,-11.4364,0,1,1,0
offensive,lpn_016_same_day_full,final_2026,2026-03-11,3,sh600545,sh600545,13.482917514006948,13.482917514006948,2026-03-12,2026-03-13,1,-0.4808,4.14,0.4831,-2.4155,-7.4879,-8.9372,0,1,1,0
offensive,lpn_016_same_day_full,final_2026,2026-03-12,1,sh601868,sh601868,13.98520812166004,13.98520812166004,2026-03-13,2026-03-16,1,-0.2632,3.79,3.9578,-1.3193,-9.4987,-11.0818,0,1,1,0
offensive,lpn_016_same_day_full,final_2026,2026-03-12,2,sz000533,sz000533,13.530072180967743,13.530072180967743,2026-03-13,2026-03-16,1,-4.1932,18.05,2.8255,-6.0388,3.3795,-11.1911,0,0,1,0
offensive,lpn_016_same_day_full,final_2026,2026-03-12,3,sh603803,sh603803,13.357957440511464,13.357957440511464,2026-03-13,2026-03-16,1,-3.68,12.04,14.2027,14.2027,7.7243,0.0,0,0,0,1
offensive,lpn_016_same_day_full,final_2026,2026-03-13,1,sz000537,sz000537,14.663607438688947,14.663607438688947,2026-03-16,2026-03-17,1,-1.5335,12.2,1.2295,-7.9508,-4.2623,-11.0656,0,1,1,0
offensive,lpn_016_same_day_full,final_2026,2026-03-13,2,sh601789,sh601789,13.510277661138902,13.510277661138902,2026-03-16,2026-03-17,1,-6.3328,6.36,7.0755,3.1447,-3.9308,-5.0314,0,1,1,0
offensive,lpn_016_same_day_full,final_2026,2026-03-13,3,sh600108,sh600108,13.456698588859267,13.456698588859267,2026-03-16,2026-03-17,1,0.0,6.26,8.4665,-1.5974,-7.9872,-8.6262,0,1,1,0
offensive,lpn_016_same_day_full,final_2026,2026-03-16,1,sh600691,sh600691,16.099316487697592,16.099316487697592,2026-03-17,2026-03-18,1,-1.4052,4.21,12.114,12.114,6.6508,0.0,0,0,0,1
offensive,lpn_016_same_day_full,final_2026,2026-03-16,2,sh600227,sh600227,15.81770813472975,15.81770813472975,2026-03-17,2026-03-18,1,-4.158,4.61,14.7505,14.7505,8.4599,-0.2169,0,0,0,1
offensive,lpn_016_same_day_full,final_2026,2026-03-16,3,sh600726,sh600726,15.758359855605148,15.758359855605148,2026-03-17,2026-03-18,1,-5.4545,4.16,6.25,2.1635,9.6154,-4.8077,0,0,1,0
offensive,lpn_016_same_day_full,final_2026,2026-03-17,1,sh601330,sh601330,16.94609252220252,16.94609252220252,2026-03-18,2026-03-19,1,-4.433,9.27,3.2362,1.1866,4.9622,-4.2071,0,0,1,0
offensive,lpn_016_same_day_full,final_2026,2026-03-17,2,sh600726,sh600726,16.6386264607706,16.6386264607706,2026-03-18,2026-03-19,1,-0.4706,4.23,10.6383,7.8014,18.6761,-0.4728,0,0,0,1
offensive,lpn_016_same_day_full,final_2026,2026-03-17,3,sh600227,sh600227,16.632783686408782,16.632783686408782,2026-03-18,2026-03-19,1,0.0,5.29,2.0794,-5.482,-11.7202,-13.9887,0,1,1,0
offensive,lpn_016_same_day_full,final_2026,2026-03-18,1,sh600370,sh600370,16.754012410268327,16.754012410268327,2026-03-19,2026-03-20,1,1.1019,3.67,5.1771,-10.3542,-19.346,-19.346,0,1,1,0
offensive,lpn_016_same_day_full,final_2026,2026-03-18,2,sh600726,sh600726,16.254559990697825,16.254559990697825,2026-03-19,2026-03-20,1,-5.2632,4.32,16.2037,16.2037,27.7778,-2.3148,0,0,0,1
offensive,lpn_016_same_day_full,final_2026,2026-03-18,3,sh603248,sh603248,16.18207376450658,16.18207376450658,2026-03-19,2026-03-20,1,-1.9142,31.77,1.6682,-6.3582,-9.3484,-12.4961,0,1,1,0
offensive,lpn_016_same_day_full,final_2026,2026-03-19,1,sh603803,sh603803,17.74675251509207,17.74675251509207,2026-03-20,2026-03-23,1,10.0,15.29,0.0,-13.1458,-4.4474,-16.9392,1,1,1,0
offensive,lpn_016_same_day_full,final_2026,2026-03-19,2,sh603387,sh603387,17.42622362712385,17.42622362712385,2026-03-20,2026-03-23,1,-3.4314,9.85,4.3655,-2.0305,-11.7766,-11.7766,0,1,1,0
offensive,lpn_016_same_day_full,final_2026,2026-03-19,3,sh600370,sh600370,16.998248982497064,16.998248982497064,2026-03-20,2026-03-23,1,0.0,3.29,2.4316,-10.0304,-19.1489,-19.1489,0,1,1,0
offensive,lpn_016_same_day_full,final_2026,2026-03-20,1,sh600396,sh600396,18.123756164773514,18.123756164773514,2026-03-23,2026-03-24,1,6.23,6.65,3.609,3.609,13.985,-0.7519,0,0,0,1
offensive,lpn_016_same_day_full,final_2026,2026-03-20,2,sz000539,sz000539,17.356724805197356,17.356724805197356,2026-03-23,2026-03-24,1,-7.958,6.13,8.4829,0.4894,10.6036,-2.9364,0,0,0,1
offensive,lpn_016_same_day_full,final_2026,2026-03-20,3,sz002902,sz002902,17.195507070371722,17.195507070371722,2026-03-23,2026-03-24,1,-6.3136,23.0,4.8261,-0.913,2.5652,-2.4348,0,0,0,1
offensive,lpn_016_same_day_full,final_2026,2026-03-23,1,sh603687,sh603687,19.551957589558352,19.551957589558352,2026-03-24,2026-03-25,1,1.9009,15.01,2.7981,-1.7322,-0.0666,-9.6602,0,1,1,0
offensive,lpn_016_same_day_full,final_2026,2026-03-23,2,sh600617,sh600617,19.36336608270262,19.36336608270262,2026-03-24,2026-03-25,1,-1.2165,4.06,4.6798,4.4335,6.8966,-5.665,0,0,1,0
offensive,lpn_016_same_day_full,final_2026,2026-03-23,3,sz002310,sz002310,19.148048788214613,19.148048788214613,2026-03-24,2026-03-25,1,0.0,3.83,3.6554,-1.0444,-0.7833,-9.9217,0,1,1,0
offensive,lpn_016_same_day_full,final_2026,2026-03-24,1,sz002310,sz002310,16.367420028145773,16.367420028145773,2026-03-25,2026-03-26,1,-2.9024,3.68,10.8696,3.2609,-5.163,-7.0652,0,1,1,0
offensive,lpn_016_same_day_full,final_2026,2026-03-24,2,sh603687,sh603687,16.35212788960887,16.35212788960887,2026-03-25,2026-03-26,1,1.6949,15.0,2.2,0.0,10.0,-6.1333,0,0,1,0
offensive,lpn_016_same_day_full,final_2026,2026-03-24,3,sz002150,sz002150,16.344808117982296,16.344808117982296,2026-03-25,2026-03-26,1,-2.7808,36.01,9.7195,8.4421,2.4438,-1.8328,0,0,0,1
offensive,lpn_016_same_day_full,final_2026,2026-03-25,1,sz002309,sz002309,15.916953474554107,15.916953474554107,2026-03-26,2026-03-27,1,-5.1282,4.81,10.1871,-1.4553,-9.9792,-11.2266,0,1,1,0
offensive,lpn_016_same_day_full,final_2026,2026-03-25,2,sh603358,sh603358,15.813953552146621,15.813953552146621,2026-03-26,2026-03-27,1,-6.5564,30.5,1.6066,-3.6393,-0.6557,-10.4918,0,1,1,0
offensive,lpn_016_same_day_full,final_2026,2026-03-25,3,sz000815,sz000815,15.778297601740865,15.778297601740865,2026-03-26,2026-03-27,1,-3.241,20.6,3.0583,-2.3301,-1.5049,-6.6505,0,1,1,0
offensive,lpn_016_same_day_full,final_2026,2026-03-26,1,sh600396,sh600396,18.753914842540667,18.753914842540667,2026-03-27,2026-03-30,1,4.0541,9.24,2.7056,-2.7056,-12.4459,-12.4459,0,1,1,0
offensive,lpn_016_same_day_full,final_2026,2026-03-26,2,sh600666,sh600666,18.50291546599287,18.50291546599287,2026-03-27,2026-03-30,1,-4.1367,5.33,14.0713,14.0713,17.0732,-3.7523,0,0,1,0
offensive,lpn_016_same_day_full,final_2026,2026-03-26,3,sh600758,sh600758,18.4014395047274,18.4014395047274,2026-03-27,2026-03-30,1,-9.772,5.54,4.3321,-0.1805,-10.1083,-10.1083,0,1,1,0
offensive,lpn_016_same_day_full,final_2026,2026-03-27,1,sh600396,sh600396,17.470253317279838,17.470253317279838,2026-03-30,2026-03-31,1,-5.7842,8.47,2.4793,-4.4864,-1.4168,-13.6954,0,1,1,0
offensive,lpn_016_same_day_full,final_2026,2026-03-27,2,sz000722,sz000722,17.346953600526515,17.346953600526515,2026-03-30,2026-03-31,1,-1.0024,16.79,0.6552,-6.4324,-12.9839,-13.0435,0,1,1,0
offensive,lpn_016_same_day_full,final_2026,2026-03-27,3,sz002309,sz002309,16.645817045586114,16.645817045586114,2026-03-30,2026-03-31,1,-1.3857,4.27,11.4754,11.4754,15.6909,-2.5761,0,0,0,1
offensive,lpn_016_same_day_full,final_2026,2026-03-30,1,sz002082,sz002082,17.75895489411033,17.75895489411033,2026-03-31,2026-04-01,1,3.0237,28.28,6.7893,6.7893,17.3975,-4.4908,0,0,1,0
offensive,lpn_016_same_day_full,final_2026,2026-03-30,2,sh600310,sh600310,16.397781608506357,16.397781608506357,2026-03-31,2026-04-01,1,-9.9684,5.69,16.5202,11.4236,0.3515,0.0,0,0,0,1
offensive,lpn_016_same_day_full,final_2026,2026-03-30,3,sh603272,sh603272,16.379832654643334,16.379832654643334,2026-03-31,2026-04-01,1,2.2504,36.35,1.7882,-9.216,-8.9959,-13.0674,0,1,1,0
offensive,lpn_016_same_day_full,final_2026,2026-03-31,1,sz002082,sz002082,17.40745770759512,17.40745770759512,2026-04-01,2026-04-02,1,-2.7483,29.37,13.1086,13.0405,17.603,-0.2724,0,0,0,1
offensive,lpn_016_same_day_full,final_2026,2026-03-31,2,sh603618,sh603618,16.472347276575444,16.472347276575444,2026-04-01,2026-04-02,1,1.7199,28.98,1.2767,-2.0704,-3.7957,-10.3175,0,1,1,0
offensive,lpn_016_same_day_full,final_2026,2026-03-31,3,sz000908,sz000908,16.335713901029244,16.335713901029244,2026-04-01,2026-04-02,1,-1.2903,7.65,6.2745,3.268,-1.6993,-3.6601,0,1,1,0
offensive,lpn_016_same_day_full,final_2026,2026-04-01,1,sz000008,sz000008,17.399763278979258,17.399763278979258,2026-04-02,2026-04-03,1,-0.9174,3.24,1.2346,-3.7037,-13.2716,-13.2716,0,1,1,0
offensive,lpn_016_same_day_full,final_2026,2026-04-01,2,sh600513,sh600513,16.268989603772912,16.268989603772912,2026-04-02,2026-04-03,1,-1.4521,29.86,8.071,2.9806,-7.3007,-7.3007,0,1,1,0
offensive,lpn_016_same_day_full,final_2026,2026-04-01,3,sh603115,sh603115,15.99127182300939,15.99127182300939,2026-04-02,2026-04-03,1,-1.9851,45.92,3.0706,-4.6603,-8.2753,-8.9721,0,1,1,0
offensive,lpn_016_same_day_full,final_2026,2026-04-02,1,sh600249,sh600249,17.43584592910406,17.43584592910406,2026-04-03,2026-04-07,1,-6.1625,6.7,1.9403,-4.0299,-2.2388,-11.0448,0,1,1,0
offensive,lpn_016_same_day_full,final_2026,2026-04-02,2,sz002263,sz002263,17.34936487023962,17.34936487023962,2026-04-03,2026-04-07,1,-3.1712,4.58,13.1004,1.7467,7.2052,-3.4934,0,0,1,0
offensive,lpn_016_same_day_full,final_2026,2026-04-02,3,sz002038,sz002038,17.25714470117465,17.25714470117465,2026-04-03,2026-04-07,1,0.7018,8.61,9.1754,4.2973,-0.1161,-5.3426,0,1,1,0
offensive,lpn_016_same_day_full,final_2026,2026-04-03,1,sz002038,sz002038,19.051553143526956,19.051553143526956,2026-04-07,2026-04-08,1,-3.5635,8.66,5.7737,-0.6928,-9.0069,-10.5081,0,1,1,0
offensive,lpn_016_same_day_full,final_2026,2026-04-03,2,sz002560,sz002560,18.578398358999276,18.578398358999276,2026-04-07,2026-04-08,1,-0.7924,12.52,10.8626,5.8307,8.2268,-1.1182,0,0,0,1
offensive,lpn_016_same_day_full,final_2026,2026-04-03,3,sz000720,sz000720,18.195233597977968,18.195233597977968,2026-04-07,2026-04-08,1,9.4276,6.5,0.4615,0.4615,3.0769,-2.3077,0,0,0,1
offensive,lpn_016_same_day_full,final_2026,2026-04-07,1,sh600488,sh600488,16.558177897080935,16.558177897080935,2026-04-08,2026-04-09,1,8.8657,8.35,1.0778,-11.8563,-15.2096,-18.0838,0,1,1,0
offensive,lpn_016_same_day_full,final_2026,2026-04-07,2,sz002560,sz002560,15.947198201436118,15.947198201436118,2026-04-08,2026-04-09,1,-0.9811,13.12,5.1829,3.2774,1.1433,-2.1341,0,0,0,1
offensive,lpn_016_same_day_full,final_2026,2026-04-07,3,sh605162,sh605162,15.822092606133776,15.822092606133776,2026-04-08,2026-04-09,1,0.4264,14.13,9.5541,9.5541,0.1415,-1.4154,0,0,0,1
offensive,lpn_016_same_day_full,final_2026,2026-04-08,1,sh600488,sh600488,18.30861053850952,18.30861053850952,2026-04-09,2026-04-10,1,-2.8533,7.15,7.972,-0.979,-10.2098,-10.9091,0,1,1,0
offensive,lpn_016_same_day_full,final_2026,2026-04-08,2,sz000818,sz000818,18.266647883060973,18.266647883060973,2026-04-09,2026-04-10,1,0.128,15.64,2.6215,-1.7903,-5.7545,-6.6496,0,1,1,0
offensive,lpn_016_same_day_full,final_2026,2026-04-08,3,sz000720,sz000720,17.97076273073432,17.97076273073432,2026-04-09,2026-04-10,1,-3.1343,6.49,0.0,-7.0878,-16.3328,-16.3328,1,1,1,0
offensive,lpn_016_same_day_full,final_2026,2026-04-09,1,sz002051,sz002051,16.449481199839425,16.449481199839425,2026-04-10,2026-04-13,1,0.087,11.51,0.9557,-6.7767,-14.5091,-15.8123,0,1,1,0
offensive,lpn_016_same_day_full,final_2026,2026-04-09,2,sh600654,sh600654,16.21996630865257,16.21996630865257,2026-04-10,2026-04-13,1,0.2232,4.49,0.4454,-9.1314,0.0,-11.804,0,0,1,0
offensive,lpn_016_same_day_full,final_2026,2026-04-09,3,sh600488,sh600488,16.195228928645403,16.195228928645403,2026-04-10,2026-04-13,1,-5.791,6.67,4.7976,-3.7481,-11.3943,-11.3943,0,1,1,0
offensive,lpn_016_same_day_full,final_2026,2026-04-10,1,sh603778,sh603778,15.146389080267184,15.146389080267184,2026-04-13,2026-04-14,1,0.8003,31.49,8.5742,5.1127,-5.3985,-5.3985,0,1,1,0
offensive,lpn_016_same_day_full,final_2026,2026-04-10,2,sh600488,sh600488,15.057263032853543,15.057263032853543,2026-04-13,2026-04-14,1,-4.2056,6.15,1.4634,-3.9024,0.0,-4.5528,0,0,1,0
offensive,lpn_016_same_day_full,final_2026,2026-04-10,3,sz000586,sz000586,15.00228514317925,15.00228514317925,2026-04-13,2026-04-14,1,-9.9956,20.35,10.4668,6.1425,13.1204,0.0,0,0,0,1
offensive,lpn_016_same_day_full,final_2026,2026-04-13,1,sz002328,sz002328,14.171810713050915,14.171810713050915,2026-04-14,2026-04-15,1,3.3457,11.12,6.4748,6.4748,12.4101,-2.8777,0,0,0,1
offensive,lpn_016_same_day_full,final_2026,2026-04-13,2,sz000586,sz000586,13.43063237880295,13.43063237880295,2026-04-14,2026-04-15,1,-4.537,20.62,15.2279,11.6392,5.7226,-0.679,0,0,0,1
offensive,lpn_016_same_day_full,final_2026,2026-04-13,3,sh603629,sh603629,13.203388878084285,13.203388878084285,2026-04-14,2026-04-15,1,7.3198,78.0,2.5,2.5,12.7564,-5.1282,0,0,1,0
