source_id,business_source_name,metric,metric_label,window,horizon,threshold_low,threshold_high,low_day_n,high_day_n,low_candidate_n,high_candidate_n,low_avg_mfe,high_avg_mfe,mfe_lift_high_minus_low,low_avg_close,high_avg_close,close_lift_high_minus_low,low_pitfall_rate,high_pitfall_rate,pitfall_reduction_low_minus_high,supports_good_market_hypothesis,confidence
ALL,全部来源,all_up_ratio_1d,全市场上涨占比,1,5,29.2216,54.0396,23,23,98,96,9.7919,9.1873,-0.6046,0.4958,0.2969,-0.1989,43.8302,39.8399,3.9903,0,directional
ALL,全部来源,all_up_ratio_1d,全市场上涨占比,1,10,29.2216,54.0396,23,23,98,96,13.7015,12.4302,-1.2713,-1.0541,-0.1415,0.9126,54.0942,46.4931,7.6011,0,directional
ALL,全部来源,all_up_ratio_1d,全市场上涨占比,1,22,29.2216,54.0396,23,23,98,96,19.1161,20.8822,1.7661,1.3622,4.3471,2.9849,60.8023,57.5657,3.2366,1,directional
spark_opportunity_selector,星火机会模型,all_up_ratio_1d,全市场上涨占比,1,5,29.2216,54.0396,23,22,64,64,10.4466,9.0206,-1.426,0.4434,-0.8936,-1.337,44.9275,46.2121,-1.2846,0,directional
spark_opportunity_selector,星火机会模型,all_up_ratio_1d,全市场上涨占比,1,10,29.2216,54.0396,23,22,64,64,14.517,11.7255,-2.7915,-0.8593,-0.9665,-0.1072,56.5217,54.5455,1.9762,0,directional
spark_opportunity_selector,星火机会模型,all_up_ratio_1d,全市场上涨占比,1,22,29.2216,54.0396,23,22,64,64,20.6844,22.1204,1.436,2.7285,5.6496,2.9211,62.3188,63.6364,-1.3176,0,directional
probe_d3_confirmed,试盘识别-三日确认,all_up_ratio_1d,全市场上涨占比,1,5,29.2216,54.0396,5,3,5,3,4.2538,5.1905,0.9367,-3.6554,-2.0426,1.6128,60.0,33.3333,26.6667,1,low_sample
probe_d3_confirmed,试盘识别-三日确认,all_up_ratio_1d,全市场上涨占比,1,10,29.2216,54.0396,5,3,5,3,7.0169,5.7417,-1.2752,-7.6848,-3.863,3.8218,80.0,66.6667,13.3333,0,low_sample
probe_d3_confirmed,试盘识别-三日确认,all_up_ratio_1d,全市场上涨占比,1,22,29.2216,54.0396,5,3,5,3,7.0169,13.8113,6.7944,-18.1332,4.8328,22.966,80.0,66.6667,13.3333,1,low_sample
stable_capital_callback,资金流回调稳健策略,all_up_ratio_1d,全市场上涨占比,1,5,29.2216,54.0396,9,11,26,27,4.4946,11.6168,7.1222,-1.3261,6.9042,8.2303,51.8518,13.2576,38.5942,1,low_sample
stable_capital_callback,资金流回调稳健策略,all_up_ratio_1d,全市场上涨占比,1,10,29.2216,54.0396,9,11,26,27,6.537,18.9777,12.4407,-1.6562,7.8924,9.5486,50.0,6.0606,43.9394,1,low_sample
stable_capital_callback,资金流回调稳健策略,all_up_ratio_1d,全市场上涨占比,1,22,29.2216,54.0396,9,11,26,27,8.4182,27.49,19.0718,-2.266,11.2992,13.5652,53.7037,23.4848,30.2189,1,low_sample
trend_continuation_callback,趋势延续策略,all_up_ratio_1d,全市场上涨占比,1,5,29.2216,54.0396,3,1,3,2,10.5325,9.6169,-0.9156,0.7619,-9.9325,-10.6944,0.0,100.0,-100.0,0,low_sample
trend_continuation_callback,趋势延续策略,all_up_ratio_1d,全市场上涨占比,1,10,29.2216,54.0396,3,1,3,2,10.6039,18.9367,8.3328,-5.248,-4.5635,0.6845,33.3333,100.0,-66.6667,0,low_sample
trend_continuation_callback,趋势延续策略,all_up_ratio_1d,全市场上涨占比,1,22,29.2216,54.0396,3,1,3,2,10.6039,20.6467,10.0428,-11.666,-8.4916,3.1744,66.6667,100.0,-33.3333,0,low_sample
ALL,全部来源,all_up_ratio_3d,全市场上涨占比,3,5,27.4639,51.9334,23,23,94,110,8.4402,11.2734,2.8332,-2.7822,3.2019,5.9841,54.529,27.2312,27.2978,1,directional
ALL,全部来源,all_up_ratio_3d,全市场上涨占比,3,10,27.4639,51.9334,23,23,94,110,11.0723,15.0703,3.998,-4.9879,2.3023,7.2902,68.2971,39.4382,28.8589,1,directional
ALL,全部来源,all_up_ratio_3d,全市场上涨占比,3,22,27.4639,51.9334,23,23,94,110,16.5422,23.0666,6.5244,-0.7619,4.2527,5.0146,71.9203,57.2189,14.7014,1,directional
spark_opportunity_selector,星火机会模型,all_up_ratio_3d,全市场上涨占比,3,5,27.4639,51.9334,23,23,63,67,8.4549,11.7377,3.2828,-2.6875,2.767,5.4545,53.6232,28.2609,25.3623,1,directional
spark_opportunity_selector,星火机会模型,all_up_ratio_3d,全市场上涨占比,3,10,27.4639,51.9334,23,23,63,67,11.2547,14.92,3.6653,-4.5863,1.8074,6.3937,68.1159,42.029,26.0869,1,directional
spark_opportunity_selector,星火机会模型,all_up_ratio_3d,全市场上涨占比,3,22,27.4639,51.9334,23,23,63,67,16.8764,23.5973,6.7209,0.0612,5.5069,5.4457,71.7391,56.5217,15.2174,1,directional
probe_d3_confirmed,试盘识别-三日确认,all_up_ratio_3d,全市场上涨占比,3,5,27.4639,51.9334,4,3,6,3,4.6603,6.065,1.4047,-6.1496,-1.6332,4.5164,75.0,33.3333,41.6667,1,low_sample
probe_d3_confirmed,试盘识别-三日确认,all_up_ratio_3d,全市场上涨占比,3,10,27.4639,51.9334,4,3,6,3,4.6603,6.6161,1.9558,-10.4657,-6.3414,4.1243,87.5,100.0,-12.5,0,low_sample
probe_d3_confirmed,试盘识别-三日确认,all_up_ratio_3d,全市场上涨占比,3,22,27.4639,51.9334,4,3,6,3,4.6603,14.6858,10.0255,-13.7438,-8.5544,5.1894,87.5,100.0,-12.5,0,low_sample
stable_capital_callback,资金流回调稳健策略,all_up_ratio_3d,全市场上涨占比,3,5,27.4639,51.9334,8,13,24,35,6.3345,10.4269,4.0924,-3.6236,5.7234,9.347,54.1667,18.9103,35.2564,1,low_sample
stable_capital_callback,资金流回调稳健策略,all_up_ratio_3d,全市场上涨占比,3,10,27.4639,51.9334,8,13,24,35,7.0886,17.5175,10.4289,-6.1403,6.3983,12.5386,62.5,25.641,36.859,1,low_sample
stable_capital_callback,资金流回调稳健策略,all_up_ratio_3d,全市场上涨占比,3,22,27.4639,51.9334,8,13,24,35,7.336,25.2734,17.9374,-6.3803,8.4381,14.8184,62.5,39.1026,23.3974,1,low_sample
trend_continuation_callback,趋势延续策略,all_up_ratio_3d,全市场上涨占比,3,5,27.4639,51.9334,1,4,1,5,9.6382,10.0983,0.4601,1.1276,-0.8829,-2.0105,0.0,25.0,-25.0,0,low_sample
trend_continuation_callback,趋势延续策略,all_up_ratio_3d,全市场上涨占比,3,10,27.4639,51.9334,1,4,1,5,9.6382,18.7309,9.0927,-0.3334,7.3014,7.6348,0.0,25.0,-25.0,0,low_sample
trend_continuation_callback,趋势延续策略,all_up_ratio_3d,全市场上涨占比,3,22,27.4639,51.9334,1,4,1,5,9.6382,39.2144,29.5762,-0.451,8.2542,8.7052,0.0,75.0,-75.0,0,low_sample
ALL,全部来源,all_up_ratio_5d,全市场上涨占比,5,5,26.005,49.0726,23,23,94,94,7.1392,9.9535,2.8143,-3.5095,2.8625,6.372,58.2246,28.4576,29.767,1,directional
ALL,全部来源,all_up_ratio_5d,全市场上涨占比,5,10,26.005,49.0726,23,23,94,94,9.4443,14.5692,5.1249,-5.1402,2.6925,7.8327,68.5507,41.2422,27.3085,1,directional
ALL,全部来源,all_up_ratio_5d,全市场上涨占比,5,22,26.005,49.0726,23,23,94,94,16.9283,21.882,4.9537,1.1194,3.4643,2.3449,70.7246,64.6894,6.0352,1,directional
spark_opportunity_selector,星火机会模型,all_up_ratio_5d,全市场上涨占比,5,5,26.005,49.0726,23,23,62,67,7.4464,10.286,2.8396,-3.5703,2.9784,6.5487,59.4203,25.3623,34.058,1,directional
spark_opportunity_selector,星火机会模型,all_up_ratio_5d,全市场上涨占比,5,10,26.005,49.0726,23,23,62,67,9.5733,15.0211,5.4478,-5.348,3.4329,8.7809,72.4638,40.5797,31.8841,1,directional
spark_opportunity_selector,星火机会模型,all_up_ratio_5d,全市场上涨占比,5,22,26.005,49.0726,23,23,62,67,17.6478,21.9956,4.3478,1.9186,3.9408,2.0222,74.6377,60.8696,13.7681,1,directional
probe_d3_confirmed,试盘识别-三日确认,all_up_ratio_5d,全市场上涨占比,5,5,26.005,49.0726,4,2,5,2,3.5688,4.7849,1.2161,-3.9215,-5.1452,-1.2237,62.5,50.0,12.5,0,low_sample
probe_d3_confirmed,试盘识别-三日确认,all_up_ratio_5d,全市场上涨占比,5,10,26.005,49.0726,4,2,5,2,7.0227,5.6116,-1.4111,-4.7048,-4.3907,0.3141,62.5,100.0,-37.5,0,low_sample
probe_d3_confirmed,试盘识别-三日确认,all_up_ratio_5d,全市场上涨占比,5,22,26.005,49.0726,4,2,5,2,7.0227,17.716,10.6933,-10.2855,7.2492,17.5347,62.5,100.0,-37.5,0,low_sample
stable_capital_callback,资金流回调稳健策略,all_up_ratio_5d,全市场上涨占比,5,5,26.005,49.0726,9,11,26,18,5.9076,10.3226,4.415,-1.4209,3.8266,5.2475,44.4444,30.303,14.1414,1,low_sample
stable_capital_callback,资金流回调稳健策略,all_up_ratio_5d,全市场上涨占比,5,10,26.005,49.0726,9,11,26,18,7.2593,16.5416,9.2823,-3.2511,1.9485,5.1996,44.4444,36.3636,8.0808,1,low_sample
stable_capital_callback,资金流回调稳健策略,all_up_ratio_5d,全市场上涨占比,5,22,26.005,49.0726,9,11,26,18,10.4381,23.8892,13.4511,-1.13,3.4503,4.5803,44.4444,56.0606,-11.6162,0,low_sample
trend_continuation_callback,趋势延续策略,all_up_ratio_5d,全市场上涨占比,5,5,26.005,49.0726,1,6,1,7,9.6382,7.0298,-2.6084,1.1276,0.3536,-0.774,0.0,25.0,-25.0,0,low_sample
trend_continuation_callback,趋势延续策略,all_up_ratio_5d,全市场上涨占比,5,10,26.005,49.0726,1,6,1,7,9.6382,12.2263,2.5881,-0.3334,4.9531,5.2865,0.0,33.3333,-33.3333,0,low_sample
trend_continuation_callback,趋势延续策略,all_up_ratio_5d,全市场上涨占比,5,22,26.005,49.0726,1,6,1,7,9.6382,33.0605,23.4223,-0.451,11.9915,12.4425,0.0,83.3333,-83.3333,0,low_sample
ALL,全部来源,all_up_ratio_10d,全市场上涨占比,10,5,23.6883,48.3516,23,23,125,93,7.7709,10.0581,2.2872,-2.358,2.5189,4.8769,51.1184,30.6315,20.4869,1,directional
ALL,全部来源,all_up_ratio_10d,全市场上涨占比,10,10,23.6883,48.3516,23,23,125,93,10.2225,15.0475,4.825,-2.5478,2.2291,4.7769,57.6318,45.1553,12.4765,1,directional
ALL,全部来源,all_up_ratio_10d,全市场上涨占比,10,22,23.6883,48.3516,23,23,125,93,17.5602,22.9629,5.4027,3.4964,3.0035,-0.4929,62.2137,60.3416,1.8721,0,directional
spark_opportunity_selector,星火机会模型,all_up_ratio_10d,全市场上涨占比,10,5,23.6883,48.3516,23,23,66,68,8.1388,10.6138,2.475,-2.5003,2.9669,5.4672,52.8986,28.9855,23.9131,1,directional
spark_opportunity_selector,星火机会模型,all_up_ratio_10d,全市场上涨占比,10,10,23.6883,48.3516,23,23,66,68,10.5107,16.3401,5.8294,-2.6358,3.6605,6.2963,61.5942,43.4782,18.116,1,directional
spark_opportunity_selector,星火机会模型,all_up_ratio_10d,全市场上涨占比,10,22,23.6883,48.3516,23,23,66,68,18.9007,24.7164,5.8157,4.9262,4.5898,-0.3364,64.4928,57.971,6.5218,0,directional
probe_d3_confirmed,试盘识别-三日确认,all_up_ratio_10d,全市场上涨占比,10,5,23.6883,48.3516,4,3,6,3,5.4308,3.9008,-1.53,-4.0427,-8.0798,-4.0371,75.0,66.6667,8.3333,0,low_sample
probe_d3_confirmed,试盘识别-三日确认,all_up_ratio_10d,全市场上涨占比,10,10,23.6883,48.3516,4,3,6,3,5.4308,4.4519,-0.9789,-5.8646,-11.3625,-5.4979,87.5,100.0,-12.5,0,low_sample
probe_d3_confirmed,试盘识别-三日确认,all_up_ratio_10d,全市场上涨占比,10,22,23.6883,48.3516,4,3,6,3,5.4308,12.5216,7.0908,-5.8646,-7.9733,-2.1087,87.5,100.0,-12.5,0,low_sample
stable_capital_callback,资金流回调稳健策略,all_up_ratio_10d,全市场上涨占比,10,5,23.6883,48.3516,17,8,50,17,5.5828,8.3251,2.7423,-1.7083,2.1826,3.8909,41.9118,29.1667,12.7451,1,low_sample
stable_capital_callback,资金流回调稳健策略,all_up_ratio_10d,全市场上涨占比,10,10,23.6883,48.3516,17,8,50,17,7.6794,12.308,4.6286,-2.2763,2.4977,4.774,45.098,31.25,13.848,1,low_sample
stable_capital_callback,资金流回调稳健策略,all_up_ratio_10d,全市场上涨占比,10,22,23.6883,48.3516,17,8,50,17,10.9064,20.8966,9.9902,-0.3304,3.6721,4.0025,52.451,45.8333,6.6177,1,low_sample
trend_continuation_callback,趋势延续策略,all_up_ratio_10d,全市场上涨占比,10,5,23.6883,48.3516,2,4,3,5,13.0758,6.3909,-6.6849,-3.5306,2.0712,5.6018,50.0,12.5,37.5,0,low_sample
trend_continuation_callback,趋势延续策略,all_up_ratio_10d,全市场上涨占比,10,10,23.6883,48.3516,2,4,3,5,17.7357,11.3486,-6.3871,-3.4204,2.8706,6.291,50.0,50.0,0.0,0,low_sample
trend_continuation_callback,趋势延续策略,all_up_ratio_10d,全市场上涨占比,10,22,23.6883,48.3516,2,4,3,5,18.5907,26.9514,8.3607,-7.3151,1.5718,8.8869,100.0,75.0,25.0,1,low_sample
ALL,全部来源,all_up_ratio_20d,全市场上涨占比,20,5,27.1644,46.4656,23,23,123,81,7.8855,10.7612,2.8757,0.3151,2.308,1.9929,34.8865,38.1677,-3.2812,0,directional
ALL,全部来源,all_up_ratio_20d,全市场上涨占比,20,10,27.1644,46.4656,23,23,123,81,11.6326,14.5406,2.908,2.1111,-1.0746,-3.1857,42.0624,54.8654,-12.803,0,directional
ALL,全部来源,all_up_ratio_20d,全市场上涨占比,20,22,27.1644,46.4656,23,23,123,81,22.6023,19.2737,-3.3286,9.5776,-3.1224,-12.7,49.0771,74.5445,-25.4674,0,directional
spark_opportunity_selector,星火机会模型,all_up_ratio_20d,全市场上涨占比,20,5,27.1644,46.4656,23,23,68,66,8.4328,10.9877,2.5549,0.026,2.395,2.369,38.4058,36.2319,2.1739,1,directional
spark_opportunity_selector,星火机会模型,all_up_ratio_20d,全市场上涨占比,20,10,27.1644,46.4656,23,23,68,66,12.2215,14.7568,2.5353,2.0513,-0.6654,-2.7167,45.6522,55.0725,-9.4203,0,directional
spark_opportunity_selector,星火机会模型,all_up_ratio_20d,全市场上涨占比,20,22,27.1644,46.4656,23,23,68,66,24.6612,19.9351,-4.7261,12.003,-1.622,-13.625,50.0,72.4638,-22.4638,0,directional
probe_d3_confirmed,试盘识别-三日确认,all_up_ratio_20d,全市场上涨占比,20,5,27.1644,46.4656,4,4,5,4,5.6732,4.3587,-1.3145,-0.7136,-5.2637,-4.5501,62.5,75.0,-12.5,0,low_sample
probe_d3_confirmed,试盘识别-三日确认,all_up_ratio_20d,全市场上涨占比,20,10,27.1644,46.4656,4,4,5,4,5.6732,9.6022,3.929,-4.967,-3.9571,1.0099,87.5,100.0,-12.5,0,low_sample
probe_d3_confirmed,试盘识别-三日确认,all_up_ratio_20d,全市场上涨占比,20,22,27.1644,46.4656,4,4,5,4,5.6732,15.6545,9.9813,-12.4468,-9.5363,2.9105,87.5,100.0,-12.5,0,low_sample
stable_capital_callback,资金流回调稳健策略,all_up_ratio_20d,全市场上涨占比,20,5,27.1644,46.4656,15,4,43,7,5.7926,17.4861,11.6935,0.9163,11.0121,10.0958,23.0555,41.6667,-18.6112,0,low_sample
stable_capital_callback,资金流回调稳健策略,all_up_ratio_20d,全市场上涨占比,20,10,27.1644,46.4656,15,4,43,7,9.0082,26.1149,17.1067,1.6684,5.4706,3.8022,28.8889,20.8333,8.0556,1,low_sample
stable_capital_callback,资金流回调稳健策略,all_up_ratio_20d,全市场上涨占比,20,22,27.1644,46.4656,15,4,43,7,14.7558,28.3043,13.5485,4.1989,-4.4707,-8.6696,38.3333,54.1667,-15.8334,0,low_sample
trend_continuation_callback,趋势延续策略,all_up_ratio_20d,全市场上涨占比,20,5,27.1644,46.4656,5,4,7,4,10.6314,3.3639,-7.2675,0.3011,-2.2644,-2.5655,30.0,25.0,5.0,0,low_sample
trend_continuation_callback,趋势延续策略,all_up_ratio_20d,全市场上涨占比,20,10,27.1644,46.4656,5,4,7,4,16.0349,5.7754,-10.2595,2.9766,-2.8841,-5.8607,40.0,50.0,-10.0,0,low_sample
trend_continuation_callback,趋势延续策略,all_up_ratio_20d,全市场上涨占比,20,22,27.1644,46.4656,5,4,7,4,28.8591,11.2158,-17.6433,5.0316,-12.475,-17.5066,60.0,100.0,-40.0,0,low_sample
ALL,全部来源,all_med_ret_1d,全市场中位涨跌幅,1,5,-1.0114,0.2326,23,23,101,101,9.4654,9.2587,-0.2067,-0.3497,0.5029,0.8526,47.4534,36.0356,11.4178,0,directional
ALL,全部来源,all_med_ret_1d,全市场中位涨跌幅,1,10,-1.0114,0.2326,23,23,101,101,13.1921,12.3369,-0.8552,-1.9795,0.0458,2.0253,56.9928,42.6887,14.3041,0,directional
ALL,全部来源,all_med_ret_1d,全市场中位涨跌幅,1,22,-1.0114,0.2326,23,23,101,101,17.8045,20.4398,2.6353,0.2818,4.2217,3.9399,63.7008,53.7613,9.9395,1,directional
spark_opportunity_selector,星火机会模型,all_med_ret_1d,全市场中位涨跌幅,1,5,-1.0114,0.2326,23,22,64,64,10.0739,9.1038,-0.9701,-0.2918,-0.6487,-0.3569,47.8261,41.6667,6.1594,0,directional
spark_opportunity_selector,星火机会模型,all_med_ret_1d,全市场中位涨跌幅,1,10,-1.0114,0.2326,23,22,64,64,13.8228,11.6364,-2.1864,-1.7919,-0.7412,1.0507,59.4203,50.0,9.4203,0,directional
spark_opportunity_selector,星火机会模型,all_med_ret_1d,全市场中位涨跌幅,1,22,-1.0114,0.2326,23,22,64,64,18.9434,21.6664,2.723,1.6827,5.5479,3.8652,65.2174,59.0909,6.1265,1,directional
probe_d3_confirmed,试盘识别-三日确认,all_med_ret_1d,全市场中位涨跌幅,1,5,-1.0114,0.2326,5,4,5,5,4.2538,5.6044,1.3506,-3.6554,-0.9169,2.7385,60.0,37.5,22.5,1,low_sample
probe_d3_confirmed,试盘识别-三日确认,all_med_ret_1d,全市场中位涨跌幅,1,10,-1.0114,0.2326,5,4,5,5,7.0169,6.0178,-0.9991,-7.6848,-2.2822,5.4026,80.0,62.5,17.5,0,low_sample
probe_d3_confirmed,试盘识别-三日确认,all_med_ret_1d,全市场中位涨跌幅,1,22,-1.0114,0.2326,5,4,5,5,7.0169,12.07,5.0531,-18.1332,4.2397,22.3729,80.0,62.5,17.5,1,low_sample
stable_capital_callback,资金流回调稳健策略,all_med_ret_1d,全市场中位涨跌幅,1,5,-1.0114,0.2326,10,12,30,30,5.1915,10.8605,5.669,-2.2131,6.3166,8.5297,56.6667,12.1528,44.5139,1,directional
stable_capital_callback,资金流回调稳健策略,all_med_ret_1d,全市场中位涨跌幅,1,10,-1.0114,0.2326,10,12,30,30,6.8874,17.608,10.7206,-4.0608,7.2225,11.2833,60.0,5.5556,54.4444,1,directional
stable_capital_callback,资金流回调稳健策略,all_med_ret_1d,全市场中位涨跌幅,1,22,-1.0114,0.2326,10,12,30,30,8.1263,25.411,17.2847,-5.0032,10.3454,15.3486,63.3333,21.5278,41.8055,1,directional
trend_continuation_callback,趋势延续策略,all_med_ret_1d,全市场中位涨跌幅,1,5,-1.0114,0.2326,2,1,2,2,13.0864,9.6169,-3.4695,1.9994,-9.9325,-11.9319,0.0,100.0,-100.0,0,low_sample
trend_continuation_callback,趋势延续策略,all_med_ret_1d,全市场中位涨跌幅,1,10,-1.0114,0.2326,2,1,2,2,13.0864,18.9367,5.8503,-1.3053,-4.5635,-3.2582,0.0,100.0,-100.0,0,low_sample
trend_continuation_callback,趋势延续策略,all_med_ret_1d,全市场中位涨跌幅,1,22,-1.0114,0.2326,2,1,2,2,13.0864,20.6467,7.5603,-3.2948,-8.4916,-5.1968,50.0,100.0,-50.0,0,low_sample
ALL,全部来源,all_med_ret_3d,全市场中位涨跌幅,3,5,-2.0026,0.1671,23,23,94,110,8.4402,11.2734,2.8332,-2.7822,3.2019,5.9841,54.529,27.2312,27.2978,1,directional
ALL,全部来源,all_med_ret_3d,全市场中位涨跌幅,3,10,-2.0026,0.1671,23,23,94,110,11.0723,15.0703,3.998,-4.9879,2.3023,7.2902,68.2971,39.4382,28.8589,1,directional
ALL,全部来源,all_med_ret_3d,全市场中位涨跌幅,3,22,-2.0026,0.1671,23,23,94,110,16.5422,23.0666,6.5244,-0.7619,4.2527,5.0146,71.9203,57.2189,14.7014,1,directional
spark_opportunity_selector,星火机会模型,all_med_ret_3d,全市场中位涨跌幅,3,5,-2.0026,0.1671,23,23,63,67,8.4549,11.7377,3.2828,-2.6875,2.767,5.4545,53.6232,28.2609,25.3623,1,directional
spark_opportunity_selector,星火机会模型,all_med_ret_3d,全市场中位涨跌幅,3,10,-2.0026,0.1671,23,23,63,67,11.2547,14.92,3.6653,-4.5863,1.8074,6.3937,68.1159,42.029,26.0869,1,directional
spark_opportunity_selector,星火机会模型,all_med_ret_3d,全市场中位涨跌幅,3,22,-2.0026,0.1671,23,23,63,67,16.8764,23.5973,6.7209,0.0612,5.5069,5.4457,71.7391,56.5217,15.2174,1,directional
probe_d3_confirmed,试盘识别-三日确认,all_med_ret_3d,全市场中位涨跌幅,3,5,-2.0026,0.1671,4,3,6,3,4.6603,6.065,1.4047,-6.1496,-1.6332,4.5164,75.0,33.3333,41.6667,1,low_sample
probe_d3_confirmed,试盘识别-三日确认,all_med_ret_3d,全市场中位涨跌幅,3,10,-2.0026,0.1671,4,3,6,3,4.6603,6.6161,1.9558,-10.4657,-6.3414,4.1243,87.5,100.0,-12.5,0,low_sample
probe_d3_confirmed,试盘识别-三日确认,all_med_ret_3d,全市场中位涨跌幅,3,22,-2.0026,0.1671,4,3,6,3,4.6603,14.6858,10.0255,-13.7438,-8.5544,5.1894,87.5,100.0,-12.5,0,low_sample
stable_capital_callback,资金流回调稳健策略,all_med_ret_3d,全市场中位涨跌幅,3,5,-2.0026,0.1671,8,13,24,35,6.3345,10.4269,4.0924,-3.6236,5.7234,9.347,54.1667,18.9103,35.2564,1,low_sample
stable_capital_callback,资金流回调稳健策略,all_med_ret_3d,全市场中位涨跌幅,3,10,-2.0026,0.1671,8,13,24,35,7.0886,17.5175,10.4289,-6.1403,6.3983,12.5386,62.5,25.641,36.859,1,low_sample
stable_capital_callback,资金流回调稳健策略,all_med_ret_3d,全市场中位涨跌幅,3,22,-2.0026,0.1671,8,13,24,35,7.336,25.2734,17.9374,-6.3803,8.4381,14.8184,62.5,39.1026,23.3974,1,low_sample
trend_continuation_callback,趋势延续策略,all_med_ret_3d,全市场中位涨跌幅,3,5,-2.0026,0.1671,1,4,1,5,9.6382,10.0983,0.4601,1.1276,-0.8829,-2.0105,0.0,25.0,-25.0,0,low_sample
trend_continuation_callback,趋势延续策略,all_med_ret_3d,全市场中位涨跌幅,3,10,-2.0026,0.1671,1,4,1,5,9.6382,18.7309,9.0927,-0.3334,7.3014,7.6348,0.0,25.0,-25.0,0,low_sample
trend_continuation_callback,趋势延续策略,all_med_ret_3d,全市场中位涨跌幅,3,22,-2.0026,0.1671,1,4,1,5,9.6382,39.2144,29.5762,-0.451,8.2542,8.7052,0.0,75.0,-75.0,0,low_sample
ALL,全部来源,all_med_ret_5d,全市场中位涨跌幅,5,5,-2.6304,0.0,23,23,96,94,7.3032,9.9535,2.6503,-3.3117,2.8625,6.1742,57.2723,28.4576,28.8147,1,directional
ALL,全部来源,all_med_ret_5d,全市场中位涨跌幅,5,10,-2.6304,0.0,23,23,96,94,9.5772,14.5692,4.992,-5.3629,2.6925,8.0554,67.5983,41.2422,26.3561,1,directional
ALL,全部来源,all_med_ret_5d,全市场中位涨跌幅,5,22,-2.6304,0.0,23,23,96,94,16.0205,21.882,5.8615,0.1907,3.4643,3.2736,71.2215,64.6894,6.5321,1,directional
spark_opportunity_selector,星火机会模型,all_med_ret_5d,全市场中位涨跌幅,5,5,-2.6304,0.0,23,23,62,67,7.7158,10.286,2.5702,-3.3023,2.9784,6.2807,57.971,25.3623,32.6087,1,directional
spark_opportunity_selector,星火机会模型,all_med_ret_5d,全市场中位涨跌幅,5,10,-2.6304,0.0,23,23,62,67,9.8458,15.0211,5.1753,-5.604,3.4329,9.0369,71.0145,40.5797,30.4348,1,directional
spark_opportunity_selector,星火机会模型,all_med_ret_5d,全市场中位涨跌幅,5,22,-2.6304,0.0,23,23,62,67,16.6638,21.9956,5.3318,0.7181,3.9408,3.2227,74.6377,60.8696,13.7681,1,directional
probe_d3_confirmed,试盘识别-三日确认,all_med_ret_5d,全市场中位涨跌幅,5,5,-2.6304,0.0,5,2,6,2,3.898,4.7849,0.8869,-4.2415,-5.1452,-0.9037,70.0,50.0,20.0,0,low_sample
probe_d3_confirmed,试盘识别-三日确认,all_med_ret_5d,全市场中位涨跌幅,5,10,-2.6304,0.0,5,2,6,2,6.6611,5.6116,-1.0495,-5.1442,-4.3907,0.7535,70.0,100.0,-30.0,0,low_sample
probe_d3_confirmed,试盘识别-三日确认,all_med_ret_5d,全市场中位涨跌幅,5,22,-2.6304,0.0,5,2,6,2,6.6611,17.716,11.0549,-9.6088,7.2492,16.858,70.0,100.0,-30.0,0,low_sample
stable_capital_callback,资金流回调稳健策略,all_med_ret_5d,全市场中位涨跌幅,5,5,-2.6304,0.0,9,11,27,18,5.4512,10.3226,4.8714,-2.1783,3.8266,6.0049,48.1481,30.303,17.8451,1,low_sample
stable_capital_callback,资金流回调稳健策略,all_med_ret_5d,全市场中位涨跌幅,5,10,-2.6304,0.0,9,11,27,18,6.3079,16.5416,10.2337,-4.0002,1.9485,5.9487,48.1481,36.3636,11.7845,1,low_sample
stable_capital_callback,资金流回调稳健策略,all_med_ret_5d,全市场中位涨跌幅,5,22,-2.6304,0.0,9,11,27,18,9.4866,23.8892,14.4026,-1.6456,3.4503,5.0959,48.1481,56.0606,-7.9125,0,low_sample
trend_continuation_callback,趋势延续策略,all_med_ret_5d,全市场中位涨跌幅,5,5,-2.6304,0.0,1,6,1,7,9.6382,7.0298,-2.6084,1.1276,0.3536,-0.774,0.0,25.0,-25.0,0,low_sample
trend_continuation_callback,趋势延续策略,all_med_ret_5d,全市场中位涨跌幅,5,10,-2.6304,0.0,1,6,1,7,9.6382,12.2263,2.5881,-0.3334,4.9531,5.2865,0.0,33.3333,-33.3333,0,low_sample
trend_continuation_callback,趋势延续策略,all_med_ret_5d,全市场中位涨跌幅,5,22,-2.6304,0.0,1,6,1,7,9.6382,33.0605,23.4223,-0.451,11.9915,12.4425,0.0,83.3333,-83.3333,0,low_sample
ALL,全部来源,all_med_ret_10d,全市场中位涨跌幅,10,5,-4.4569,-0.2034,23,23,128,93,8.2405,10.6653,2.4248,-2.0529,3.3544,5.4073,49.6691,29.1822,20.4869,1,directional
ALL,全部来源,all_med_ret_10d,全市场中位涨跌幅,10,10,-4.4569,-0.2034,23,23,128,93,10.5699,15.7696,5.1997,-2.6526,2.9393,5.5919,56.1825,42.2567,13.9258,1,directional
ALL,全部来源,all_med_ret_10d,全市场中位涨跌幅,10,22,-4.4569,-0.2034,23,23,128,93,16.8484,23.8298,6.9814,2.5136,3.1552,0.6416,60.7644,58.8923,1.8721,1,directional
spark_opportunity_selector,星火机会模型,all_med_ret_10d,全市场中位涨跌幅,10,5,-4.4569,-0.2034,23,23,66,68,8.4898,11.221,2.7312,-2.5418,3.8025,6.3443,52.8986,27.5362,25.3624,1,directional
spark_opportunity_selector,星火机会模型,all_med_ret_10d,全市场中位涨跌幅,10,10,-4.4569,-0.2034,23,23,66,68,10.6468,17.0623,6.4155,-3.2557,4.3706,7.6263,61.5942,40.5797,21.0145,1,directional
spark_opportunity_selector,星火机会模型,all_med_ret_10d,全市场中位涨跌幅,10,22,-4.4569,-0.2034,23,23,66,68,17.9775,25.5833,7.6058,3.4282,4.7415,1.3133,64.4928,56.5217,7.9711,1,directional
probe_d3_confirmed,试盘识别-三日确认,all_med_ret_10d,全市场中位涨跌幅,10,5,-4.4569,-0.2034,4,3,6,3,5.4308,3.9008,-1.53,-4.0427,-8.0798,-4.0371,75.0,66.6667,8.3333,0,low_sample
probe_d3_confirmed,试盘识别-三日确认,all_med_ret_10d,全市场中位涨跌幅,10,10,-4.4569,-0.2034,4,3,6,3,5.4308,4.4519,-0.9789,-5.8646,-11.3625,-5.4979,87.5,100.0,-12.5,0,low_sample
probe_d3_confirmed,试盘识别-三日确认,all_med_ret_10d,全市场中位涨跌幅,10,22,-4.4569,-0.2034,4,3,6,3,5.4308,12.5216,7.0908,-5.8646,-7.9733,-2.1087,87.5,100.0,-12.5,0,low_sample
stable_capital_callback,资金流回调稳健策略,all_med_ret_10d,全市场中位涨跌幅,10,5,-4.4569,-0.2034,18,8,53,17,6.2558,8.3251,2.0693,-1.0775,2.1826,3.2601,39.5833,29.1667,10.4166,1,low_sample
stable_capital_callback,资金流回调稳健策略,all_med_ret_10d,全市场中位涨跌幅,10,10,-4.4569,-0.2034,18,8,53,17,8.4727,12.308,3.8353,-1.3438,2.4977,3.8415,42.5926,31.25,11.3426,1,low_sample
stable_capital_callback,资金流回调稳健策略,all_med_ret_10d,全市场中位涨跌幅,10,22,-4.4569,-0.2034,18,8,53,17,11.5204,20.8966,9.3762,0.494,3.6721,3.1781,49.537,45.8333,3.7037,1,low_sample
trend_continuation_callback,趋势延续策略,all_med_ret_10d,全市场中位涨跌幅,10,5,-4.4569,-0.2034,2,4,3,5,13.0758,6.3909,-6.6849,-3.5306,2.0712,5.6018,50.0,12.5,37.5,0,low_sample
trend_continuation_callback,趋势延续策略,all_med_ret_10d,全市场中位涨跌幅,10,10,-4.4569,-0.2034,2,4,3,5,17.7357,11.3486,-6.3871,-3.4204,2.8706,6.291,50.0,50.0,0.0,0,low_sample
trend_continuation_callback,趋势延续策略,all_med_ret_10d,全市场中位涨跌幅,10,22,-4.4569,-0.2034,2,4,3,5,18.5907,26.9514,8.3607,-7.3151,1.5718,8.8869,100.0,75.0,25.0,1,low_sample
ALL,全部来源,all_med_ret_20d,全市场中位涨跌幅,20,5,-5.8036,-0.5507,23,23,129,81,8.311,10.7612,2.4502,-0.2382,2.308,2.5462,38.6546,38.1677,0.4869,1,directional
ALL,全部来源,all_med_ret_20d,全市场中位涨跌幅,20,10,-5.8036,-0.5507,23,23,129,81,11.7232,14.5406,2.8174,0.9093,-1.0746,-1.9839,44.4537,54.8654,-10.4117,0,directional
ALL,全部来源,all_med_ret_20d,全市场中位涨跌幅,20,22,-5.8036,-0.5507,23,23,129,81,21.2541,19.2737,-1.9804,7.5457,-3.1224,-10.6681,50.4539,74.5445,-24.0906,0,directional
spark_opportunity_selector,星火机会模型,all_med_ret_20d,全市场中位涨跌幅,20,5,-5.8036,-0.5507,23,23,68,66,8.7264,10.9877,2.2613,-0.6157,2.395,3.0107,41.3043,36.2319,5.0724,1,directional
spark_opportunity_selector,星火机会模型,all_med_ret_20d,全市场中位涨跌幅,20,10,-5.8036,-0.5507,23,23,68,66,12.0853,14.7568,2.6715,0.7451,-0.6654,-1.4105,48.5507,55.0725,-6.5218,0,directional
spark_opportunity_selector,星火机会模型,all_med_ret_20d,全市场中位涨跌幅,20,22,-5.8036,-0.5507,23,23,68,66,23.1366,19.9351,-3.2015,9.7312,-1.622,-11.3532,51.4493,72.4638,-21.0145,0,directional
probe_d3_confirmed,试盘识别-三日确认,all_med_ret_20d,全市场中位涨跌幅,20,5,-5.8036,-0.5507,5,4,7,4,6.0697,4.3587,-1.711,-2.156,-5.2637,-3.1077,60.0,75.0,-15.0,0,low_sample
probe_d3_confirmed,试盘识别-三日确认,all_med_ret_20d,全市场中位涨跌幅,20,10,-5.8036,-0.5507,5,4,7,4,6.0697,9.6022,3.5325,-6.7402,-3.9571,2.7831,90.0,100.0,-10.0,0,low_sample
probe_d3_confirmed,试盘识别-三日确认,all_med_ret_20d,全市场中位涨跌幅,20,22,-5.8036,-0.5507,5,4,7,4,6.0697,15.6545,9.5848,-12.724,-9.5363,3.1877,90.0,100.0,-10.0,0,low_sample
stable_capital_callback,资金流回调稳健策略,all_med_ret_20d,全市场中位涨跌幅,20,5,-5.8036,-0.5507,17,4,52,7,7.2101,17.4861,10.276,0.2896,11.0121,10.7225,30.1471,41.6667,-11.5196,0,low_sample
stable_capital_callback,资金流回调稳健策略,all_med_ret_20d,全市场中位涨跌幅,20,10,-5.8036,-0.5507,17,4,52,7,10.2715,26.1149,15.8434,0.5308,5.4706,4.9398,31.3725,20.8333,10.5392,1,low_sample
stable_capital_callback,资金流回调稳健策略,all_med_ret_20d,全市场中位涨跌幅,20,22,-5.8036,-0.5507,17,4,52,7,15.2804,28.3043,13.0239,2.405,-4.4707,-6.8757,42.6471,54.1667,-11.5196,0,low_sample
trend_continuation_callback,趋势延续策略,all_med_ret_20d,全市场中位涨跌幅,20,5,-5.8036,-0.5507,1,4,2,4,9.6169,3.3639,-6.253,-9.9325,-2.2644,7.6681,100.0,25.0,75.0,0,low_sample
trend_continuation_callback,趋势延续策略,all_med_ret_20d,全市场中位涨跌幅,20,10,-5.8036,-0.5507,1,4,2,4,18.9367,5.7754,-13.1613,-4.5635,-2.8841,1.6794,100.0,50.0,50.0,0,low_sample
trend_continuation_callback,趋势延续策略,all_med_ret_20d,全市场中位涨跌幅,20,22,-5.8036,-0.5507,1,4,2,4,20.6467,11.2158,-9.4309,-8.4916,-12.475,-3.9834,100.0,100.0,0.0,0,low_sample
ALL,全部来源,small_up_ratio_1d,小盘上涨占比,1,5,21.3254,56.5476,23,23,97,103,9.5306,9.0752,-0.4554,0.4709,-0.3266,-0.7975,47.0911,39.0428,8.0483,0,directional
ALL,全部来源,small_up_ratio_1d,小盘上涨占比,1,10,21.3254,56.5476,23,23,97,103,13.2573,12.4036,-0.8537,-1.0616,-0.6222,0.4394,56.2681,48.522,7.7461,0,directional
ALL,全部来源,small_up_ratio_1d,小盘上涨占比,1,22,21.3254,56.5476,23,23,97,103,18.513,20.5555,2.0425,1.6491,3.7259,2.0768,62.9762,59.5947,3.3815,1,directional
spark_opportunity_selector,星火机会模型,small_up_ratio_1d,小盘上涨占比,1,5,21.3254,56.5476,23,22,64,64,10.0256,8.9557,-1.0699,0.3252,-1.2823,-1.6075,49.2754,44.697,4.5784,0,directional
spark_opportunity_selector,星火机会模型,small_up_ratio_1d,小盘上涨占比,1,10,21.3254,56.5476,23,22,64,64,13.7745,12.1077,-1.6668,-1.0992,-0.8147,0.2845,59.4203,56.0606,3.3597,0,directional
spark_opportunity_selector,星火机会模型,small_up_ratio_1d,小盘上涨占比,1,22,21.3254,56.5476,23,22,64,64,19.5383,21.9265,2.3882,2.6876,4.992,2.3044,65.2174,65.1515,0.0659,1,directional
probe_d3_confirmed,试盘识别-三日确认,small_up_ratio_1d,小盘上涨占比,1,5,21.3254,56.5476,4,4,4,5,4.784,5.8068,1.0228,-1.082,-3.5134,-2.4314,50.0,37.5,12.5,0,low_sample
probe_d3_confirmed,试盘识别-三日确认,small_up_ratio_1d,小盘上涨占比,1,10,21.3254,56.5476,4,4,4,5,8.238,6.2202,-2.0178,-3.2794,-6.3554,-3.076,75.0,75.0,0.0,0,low_sample
probe_d3_confirmed,试盘识别-三日确认,small_up_ratio_1d,小盘上涨占比,1,22,21.3254,56.5476,4,4,4,5,8.238,12.2724,4.0344,-13.0619,0.1664,13.2283,75.0,75.0,0.0,0,low_sample
stable_capital_callback,资金流回调稳健策略,small_up_ratio_1d,小盘上涨占比,1,5,21.3254,56.5476,9,13,27,31,4.7242,10.5647,5.8405,-1.3601,3.7371,5.0972,51.8518,24.0385,27.8133,1,low_sample
stable_capital_callback,资金流回调稳健策略,small_up_ratio_1d,小盘上涨占比,1,10,21.3254,56.5476,9,13,27,31,6.6085,16.7932,10.1847,-2.9221,4.2107,7.1328,55.5555,20.5128,35.0427,1,low_sample
stable_capital_callback,资金流回调稳健策略,small_up_ratio_1d,小盘上涨占比,1,22,21.3254,56.5476,9,13,27,31,7.9851,23.9959,16.0108,-3.9691,7.3503,11.3194,59.2593,35.2564,24.0029,1,low_sample
trend_continuation_callback,趋势延续策略,small_up_ratio_1d,小盘上涨占比,1,5,21.3254,56.5476,2,2,2,3,13.0864,5.877,-7.2094,1.9994,-8.3971,-10.3965,0.0,100.0,-100.0,0,low_sample
trend_continuation_callback,趋势延续策略,small_up_ratio_1d,小盘上涨占比,1,10,21.3254,56.5476,2,2,2,3,13.0864,12.5617,-0.5247,-1.3053,-3.1254,-1.8201,0.0,100.0,-100.0,0,low_sample
trend_continuation_callback,趋势延续策略,small_up_ratio_1d,小盘上涨占比,1,22,21.3254,56.5476,2,2,2,3,13.0864,33.8329,20.7465,-3.2948,19.2638,22.5586,50.0,100.0,-50.0,0,low_sample
ALL,全部来源,small_up_ratio_3d,小盘上涨占比,3,5,22.1088,50.1701,23,23,88,111,8.7386,11.6486,2.91,-2.3783,3.6962,6.0745,53.6232,23.6081,30.0151,1,directional
ALL,全部来源,small_up_ratio_3d,小盘上涨占比,3,10,22.1088,50.1701,23,23,88,111,11.7489,15.4408,3.6919,-3.8801,2.3763,6.2564,66.3043,35.815,30.4893,1,directional
ALL,全部来源,small_up_ratio_3d,小盘上涨占比,3,22,22.1088,50.1701,23,23,88,111,17.6597,23.9978,6.3381,0.5428,4.8832,4.3404,72.8261,53.5957,19.2304,1,directional
spark_opportunity_selector,星火机会模型,small_up_ratio_3d,小盘上涨占比,3,5,22.1088,50.1701,23,23,62,68,8.4279,12.0362,3.6083,-2.846,3.1462,5.9922,55.0725,24.6377,30.4348,1,directional
spark_opportunity_selector,星火机会模型,small_up_ratio_3d,小盘上涨占比,3,10,22.1088,50.1701,23,23,62,68,11.3197,15.3407,4.021,-4.1226,2.0092,6.1318,68.1159,37.6812,30.4347,1,directional
spark_opportunity_selector,星火机会模型,small_up_ratio_3d,小盘上涨占比,3,22,22.1088,50.1701,23,23,62,68,17.1317,24.9111,7.7794,0.3818,5.9405,5.5587,74.6377,53.6232,21.0145,1,directional
probe_d3_confirmed,试盘识别-三日确认,small_up_ratio_3d,小盘上涨占比,3,5,22.1088,50.1701,2,3,3,3,4.8312,6.065,1.2338,-6.5549,-1.6332,4.9217,75.0,33.3333,41.6667,1,low_sample
probe_d3_confirmed,试盘识别-三日确认,small_up_ratio_3d,小盘上涨占比,3,10,22.1088,50.1701,2,3,3,3,4.8312,6.6161,1.7849,-9.5084,-6.3414,3.167,100.0,100.0,0.0,0,low_sample
probe_d3_confirmed,试盘识别-三日确认,small_up_ratio_3d,小盘上涨占比,3,22,22.1088,50.1701,2,3,3,3,4.8312,14.6858,9.8546,-9.5084,-8.5544,0.954,100.0,100.0,0.0,0,low_sample
stable_capital_callback,资金流回调稳健策略,small_up_ratio_3d,小盘上涨占比,3,5,22.1088,50.1701,7,14,21,36,6.8763,10.2542,3.3779,-4.1203,5.6863,9.8066,61.9048,17.5595,44.3453,1,low_sample
stable_capital_callback,资金流回调稳健策略,small_up_ratio_3d,小盘上涨占比,3,10,22.1088,50.1701,7,14,21,36,7.7382,16.8383,9.1001,-6.9965,6.2419,13.2384,71.4286,23.8095,47.6191,1,low_sample
stable_capital_callback,资金流回调稳健策略,small_up_ratio_3d,小盘上涨占比,3,22,22.1088,50.1701,7,14,21,36,8.0209,25.2781,17.2572,-7.2708,9.4902,16.761,71.4286,36.3095,35.1191,1,low_sample
trend_continuation_callback,趋势延续策略,small_up_ratio_3d,小盘上涨占比,3,5,22.1088,50.1701,2,3,2,4,16.0356,12.3417,-3.6939,11.0167,0.1182,-10.8985,0.0,33.3333,-33.3333,0,low_sample
trend_continuation_callback,趋势延续策略,small_up_ratio_3d,小盘上涨占比,3,10,22.1088,50.1701,2,3,2,4,25.9092,21.3476,-4.5616,14.1303,6.7128,-7.4175,0.0,33.3333,-33.3333,0,low_sample
trend_continuation_callback,趋势延续策略,small_up_ratio_3d,小盘上涨占比,3,22,22.1088,50.1701,2,3,2,4,36.0724,41.405,5.3326,21.8124,12.2146,-9.5978,0.0,66.6667,-66.6667,0,low_sample
ALL,全部来源,small_up_ratio_5d,小盘上涨占比,5,5,20.4082,48.1293,23,23,94,101,7.6732,10.1421,2.4689,-2.4485,2.9352,5.3837,53.0797,26.5066,26.5731,1,directional
ALL,全部来源,small_up_ratio_5d,小盘上涨占比,5,10,20.4082,48.1293,23,23,94,101,10.5468,14.8688,4.322,-3.7842,2.8221,6.6063,65.2174,37.5076,27.7098,1,directional
ALL,全部来源,small_up_ratio_5d,小盘上涨占比,5,22,20.4082,48.1293,23,23,94,101,17.7502,22.4157,4.6655,2.269,3.933,1.664,68.8406,60.899,7.9416,1,directional
spark_opportunity_selector,星火机会模型,small_up_ratio_5d,小盘上涨占比,5,5,20.4082,48.1293,23,23,62,67,7.9256,10.4063,2.4807,-2.5615,2.8729,5.4344,53.6232,25.3623,28.2609,1,directional
spark_opportunity_selector,星火机会模型,small_up_ratio_5d,小盘上涨占比,5,10,20.4082,48.1293,23,23,62,67,10.6458,15.0703,4.4245,-4.1405,3.2086,7.3491,68.1159,39.1304,28.9855,1,directional
spark_opportunity_selector,星火机会模型,small_up_ratio_5d,小盘上涨占比,5,22,20.4082,48.1293,23,23,62,67,18.1809,23.1988,5.0179,2.599,5.7746,3.1756,71.7391,57.971,13.7681,1,directional
probe_d3_confirmed,试盘识别-三日确认,small_up_ratio_5d,小盘上涨占比,5,5,20.4082,48.1293,3,2,4,2,4.0475,4.7849,0.7374,-0.579,-5.1452,-4.5662,50.0,50.0,0.0,0,low_sample
probe_d3_confirmed,试盘识别-三日确认,small_up_ratio_5d,小盘上涨占比,5,10,20.4082,48.1293,3,2,4,2,8.6527,5.6116,-3.0411,2.1623,-4.3907,-6.553,50.0,100.0,-50.0,0,low_sample
probe_d3_confirmed,试盘识别-三日确认,small_up_ratio_5d,小盘上涨占比,5,22,20.4082,48.1293,3,2,4,2,8.6527,17.716,9.0633,-0.9079,7.2492,8.1571,50.0,100.0,-50.0,0,low_sample
stable_capital_callback,资金流回调稳健策略,small_up_ratio_5d,小盘上涨占比,5,5,20.4082,48.1293,9,11,27,23,6.2049,9.8362,3.6313,-1.9119,3.5722,5.4841,48.1481,28.4091,19.739,1,low_sample
stable_capital_callback,资金流回调稳健策略,small_up_ratio_5d,小盘上涨占比,5,10,20.4082,48.1293,9,11,27,23,7.6349,16.3724,8.7375,-3.0075,2.5828,5.5903,51.8519,30.303,21.5489,1,low_sample
stable_capital_callback,资金流回调稳健策略,small_up_ratio_5d,小盘上涨占比,5,22,20.4082,48.1293,9,11,27,23,11.0335,23.4059,12.3724,-0.8662,3.184,4.0502,51.8519,52.2727,-0.4208,0,low_sample
trend_continuation_callback,趋势延续策略,small_up_ratio_5d,小盘上涨占比,5,5,20.4082,48.1293,1,7,1,9,9.6382,7.3994,-2.2388,1.1276,-1.1159,-2.2435,0.0,35.7143,-35.7143,0,low_sample
trend_continuation_callback,趋势延续策略,small_up_ratio_5d,小盘上涨占比,5,10,20.4082,48.1293,1,7,1,9,9.6382,13.1849,3.5467,-0.3334,3.5936,3.927,0.0,42.8571,-42.8571,0,low_sample
trend_continuation_callback,趋势延续策略,small_up_ratio_5d,小盘上涨占比,5,22,20.4082,48.1293,1,7,1,9,9.6382,31.2871,21.6489,-0.451,9.0654,9.5164,0.0,85.7143,-85.7143,0,low_sample
ALL,全部来源,small_up_ratio_10d,小盘上涨占比,10,5,19.0476,45.4082,23,23,129,90,7.7927,10.886,3.0933,-1.3125,3.1902,4.5027,46.0459,32.0807,13.9652,1,directional
ALL,全部来源,small_up_ratio_10d,小盘上涨占比,10,10,19.0476,45.4082,23,23,129,90,10.4776,15.7903,5.3127,-1.1046,1.8341,2.9387,52.5593,44.4306,8.1287,1,directional
ALL,全部来源,small_up_ratio_10d,小盘上涨占比,10,22,19.0476,45.4082,23,23,129,90,17.8989,23.486,5.5871,4.9577,1.8582,-3.0995,59.3152,61.7909,-2.4757,0,directional
spark_opportunity_selector,星火机会模型,small_up_ratio_10d,小盘上涨占比,10,5,19.0476,45.4082,23,23,67,68,8.042,11.1686,3.1266,-1.8013,3.5022,5.3035,49.2754,30.4348,18.8406,1,directional
spark_opportunity_selector,星火机会模型,small_up_ratio_10d,小盘上涨占比,10,10,19.0476,45.4082,23,23,67,68,10.5545,16.7555,6.201,-1.7077,3.1365,4.8442,57.971,43.4782,14.4928,1,directional
spark_opportunity_selector,星火机会模型,small_up_ratio_10d,小盘上涨占比,10,22,19.0476,45.4082,23,23,67,68,19.028,25.2566,6.2286,5.8723,3.5934,-2.2789,63.0435,59.4203,3.6232,0,directional
probe_d3_confirmed,试盘识别-三日确认,small_up_ratio_10d,小盘上涨占比,10,5,19.0476,45.4082,4,3,6,3,5.4308,3.9008,-1.53,-4.0427,-8.0798,-4.0371,75.0,66.6667,8.3333,0,low_sample
probe_d3_confirmed,试盘识别-三日确认,small_up_ratio_10d,小盘上涨占比,10,10,19.0476,45.4082,4,3,6,3,5.4308,4.4519,-0.9789,-5.8646,-11.3625,-5.4979,87.5,100.0,-12.5,0,low_sample
probe_d3_confirmed,试盘识别-三日确认,small_up_ratio_10d,小盘上涨占比,10,22,19.0476,45.4082,4,3,6,3,5.4308,12.5216,7.0908,-5.8646,-7.9733,-2.1087,87.5,100.0,-12.5,0,low_sample
stable_capital_callback,资金流回调稳健策略,small_up_ratio_10d,小盘上涨占比,10,5,19.0476,45.4082,18,7,53,15,6.2558,9.1682,2.9124,-1.0775,2.7738,3.8513,39.5833,33.3333,6.25,1,low_sample
stable_capital_callback,资金流回调稳健策略,small_up_ratio_10d,小盘上涨占比,10,10,19.0476,45.4082,18,7,53,15,8.4727,13.6556,5.1829,-1.3438,4.182,5.5258,42.5926,21.4286,21.164,1,low_sample
stable_capital_callback,资金流回调稳健策略,small_up_ratio_10d,小盘上涨占比,10,22,19.0476,45.4082,18,7,53,15,11.5204,23.3191,11.7987,0.494,5.2543,4.7603,49.537,45.2381,4.2989,1,low_sample
trend_continuation_callback,趋势延续策略,small_up_ratio_10d,小盘上涨占比,10,5,19.0476,45.4082,2,3,3,4,13.0758,4.8967,-8.1791,-3.5306,0.2896,3.8202,50.0,16.6667,33.3333,0,low_sample
trend_continuation_callback,趋势延续策略,small_up_ratio_10d,小盘上涨占比,10,10,19.0476,45.4082,2,3,3,4,17.7357,5.6077,-12.128,-3.4204,-5.1656,-1.7452,50.0,66.6667,-16.6667,0,low_sample
trend_continuation_callback,趋势延续策略,small_up_ratio_10d,小盘上涨占比,10,22,19.0476,45.4082,2,3,3,4,18.5907,6.9239,-11.6668,-7.3151,-14.9955,-7.6804,100.0,100.0,0.0,0,low_sample
ALL,全部来源,small_up_ratio_20d,小盘上涨占比,20,5,20.6485,41.3882,23,23,126,79,8.3635,10.9643,2.6008,0.3341,2.8527,2.5186,35.1039,33.8199,1.284,1,directional
ALL,全部来源,small_up_ratio_20d,小盘上涨占比,20,10,20.6485,41.3882,23,23,126,79,12.1465,14.7437,2.5972,2.1444,-0.7362,-2.8806,42.1349,50.5176,-8.3827,0,directional
ALL,全部来源,small_up_ratio_20d,小盘上涨占比,20,22,20.6485,41.3882,23,23,126,79,22.4271,19.2594,-3.1677,8.9275,-2.6821,-11.6096,47.4104,70.1967,-22.7863,0,directional
spark_opportunity_selector,星火机会模型,small_up_ratio_20d,小盘上涨占比,20,5,20.6485,41.3882,23,22,68,63,8.9019,11.4268,2.5249,-0.0705,2.8841,2.9546,38.4058,33.3333,5.0725,1,directional
spark_opportunity_selector,星火机会模型,small_up_ratio_20d,小盘上涨占比,20,10,20.6485,41.3882,23,22,68,63,12.6089,15.3671,2.7582,1.7533,-0.2142,-1.9675,45.6522,53.0303,-7.3781,0,directional
spark_opportunity_selector,星火机会模型,small_up_ratio_20d,小盘上涨占比,20,22,20.6485,41.3882,23,22,68,63,24.0947,20.5535,-3.5412,10.7972,-1.2355,-12.0327,48.5507,71.2121,-22.6614,0,directional
probe_d3_confirmed,试盘识别-三日确认,small_up_ratio_20d,小盘上涨占比,20,5,20.6485,41.3882,4,5,5,5,5.6732,4.6874,-0.9858,-0.7136,-3.3784,-2.6648,62.5,60.0,2.5,0,low_sample
probe_d3_confirmed,试盘识别-三日确认,small_up_ratio_20d,小盘上涨占比,20,10,20.6485,41.3882,4,5,5,5,5.6732,8.8822,3.209,-4.967,-3.7272,1.2398,87.5,80.0,7.5,1,low_sample
probe_d3_confirmed,试盘识别-三日确认,small_up_ratio_20d,小盘上涨占比,20,22,20.6485,41.3882,4,5,5,5,5.6732,13.724,8.0508,-12.4468,-7.629,4.8178,87.5,80.0,7.5,1,low_sample
stable_capital_callback,资金流回调稳健策略,small_up_ratio_20d,小盘上涨占比,20,5,20.6485,41.3882,16,4,48,7,7.089,17.4861,10.3971,0.9633,11.0121,10.0488,21.6146,41.6667,-20.0521,0,low_sample
stable_capital_callback,资金流回调稳健策略,small_up_ratio_20d,小盘上涨占比,20,10,20.6485,41.3882,16,4,48,7,10.37,26.1149,15.7449,1.992,5.4706,3.4786,27.0833,20.8333,6.25,1,low_sample
stable_capital_callback,资金流回调稳健策略,small_up_ratio_20d,小盘上涨占比,20,22,20.6485,41.3882,16,4,48,7,15.7584,28.3043,12.5459,4.1014,-4.4707,-8.5721,35.9375,54.1667,-18.2292,0,low_sample
trend_continuation_callback,趋势延续策略,small_up_ratio_20d,小盘上涨占比,20,5,20.6485,41.3882,3,4,5,4,8.9946,3.3639,-5.6307,-0.8311,-2.2644,-1.4333,50.0,25.0,25.0,0,low_sample
trend_continuation_callback,趋势延续策略,small_up_ratio_20d,小盘上涨占比,20,10,20.6485,41.3882,3,4,5,4,18.0005,5.7754,-12.2251,5.8312,-2.8841,-8.7153,66.6667,50.0,16.6667,0,low_sample
trend_continuation_callback,趋势延续策略,small_up_ratio_20d,小盘上涨占比,20,22,20.6485,41.3882,3,4,5,4,39.3742,11.2158,-28.1584,10.5826,-12.475,-23.0576,66.6667,100.0,-33.3333,0,low_sample
ALL,全部来源,small_med_ret_1d,小盘中位涨跌幅,1,5,-1.148,0.2896,23,23,103,103,9.4908,9.0752,-0.4156,0.0586,-0.3266,-0.3852,46.3665,39.0428,7.3237,0,directional
ALL,全部来源,small_med_ret_1d,小盘中位涨跌幅,1,10,-1.148,0.2896,23,23,103,103,13.5896,12.4036,-1.186,-0.6909,-0.6222,0.0687,54.8188,48.522,6.2968,0,directional
ALL,全部来源,small_med_ret_1d,小盘中位涨跌幅,1,22,-1.148,0.2896,23,23,103,103,18.6657,20.5555,1.8898,1.6532,3.7259,2.0727,61.5269,59.5947,1.9322,1,directional
spark_opportunity_selector,星火机会模型,small_med_ret_1d,小盘中位涨跌幅,1,5,-1.148,0.2896,23,22,64,64,10.206,8.9557,-1.2503,0.2276,-1.2823,-1.5099,46.3768,44.697,1.6798,0,directional
spark_opportunity_selector,星火机会模型,small_med_ret_1d,小盘中位涨跌幅,1,10,-1.148,0.2896,23,22,64,64,14.6548,12.1077,-2.5471,-0.0131,-0.8147,-0.8016,56.5217,56.0606,0.4611,0,directional
spark_opportunity_selector,星火机会模型,small_med_ret_1d,小盘中位涨跌幅,1,22,-1.148,0.2896,23,22,64,64,20.571,21.9265,1.3555,3.5059,4.992,1.4861,62.3188,65.1515,-2.8327,0,directional
probe_d3_confirmed,试盘识别-三日确认,small_med_ret_1d,小盘中位涨跌幅,1,5,-1.148,0.2896,4,4,4,5,4.784,5.8068,1.0228,-1.082,-3.5134,-2.4314,50.0,37.5,12.5,0,low_sample
probe_d3_confirmed,试盘识别-三日确认,small_med_ret_1d,小盘中位涨跌幅,1,10,-1.148,0.2896,4,4,4,5,8.238,6.2202,-2.0178,-3.2794,-6.3554,-3.076,75.0,75.0,0.0,0,low_sample
probe_d3_confirmed,试盘识别-三日确认,small_med_ret_1d,小盘中位涨跌幅,1,22,-1.148,0.2896,4,4,4,5,8.238,12.2724,4.0344,-13.0619,0.1664,13.2283,75.0,75.0,0.0,0,low_sample
stable_capital_callback,资金流回调稳健策略,small_med_ret_1d,小盘中位涨跌幅,1,5,-1.148,0.2896,11,13,32,31,4.7874,10.5647,5.7773,-2.629,3.7371,6.3661,60.6061,24.0385,36.5676,1,directional
stable_capital_callback,资金流回调稳健策略,small_med_ret_1d,小盘中位涨跌幅,1,10,-1.148,0.2896,11,13,32,31,6.4585,16.7932,10.3347,-3.7024,4.2107,7.9131,59.0909,20.5128,38.5781,1,directional
stable_capital_callback,资金流回调稳健策略,small_med_ret_1d,小盘中位涨跌幅,1,22,-1.148,0.2896,11,13,32,31,7.9975,23.9959,15.9984,-4.4136,7.3503,11.7639,62.1212,35.2564,26.8648,1,directional
trend_continuation_callback,趋势延续策略,small_med_ret_1d,小盘中位涨跌幅,1,5,-1.148,0.2896,3,2,3,3,10.5325,5.877,-4.6555,0.7619,-8.3971,-9.159,0.0,100.0,-100.0,0,low_sample
trend_continuation_callback,趋势延续策略,small_med_ret_1d,小盘中位涨跌幅,1,10,-1.148,0.2896,3,2,3,3,10.6039,12.5617,1.9578,-5.248,-3.1254,2.1226,33.3333,100.0,-66.6667,0,low_sample
trend_continuation_callback,趋势延续策略,small_med_ret_1d,小盘中位涨跌幅,1,22,-1.148,0.2896,3,2,3,3,10.6039,33.8329,23.229,-11.666,19.2638,30.9298,66.6667,100.0,-33.3333,0,low_sample
ALL,全部来源,small_med_ret_3d,小盘中位涨跌幅,3,5,-2.0,0.0719,23,23,91,111,8.5362,11.6486,3.1124,-2.7174,3.6962,6.4136,55.4348,23.6081,31.8267,1,directional
ALL,全部来源,small_med_ret_3d,小盘中位涨跌幅,3,10,-2.0,0.0719,23,23,91,111,11.5504,15.4408,3.8904,-3.9005,2.3763,6.2768,67.7536,35.815,31.9386,1,directional
ALL,全部来源,small_med_ret_3d,小盘中位涨跌幅,3,22,-2.0,0.0719,23,23,91,111,17.5872,23.9978,6.4106,0.0645,4.8832,4.8187,71.3768,53.5957,17.7811,1,directional
spark_opportunity_selector,星火机会模型,small_med_ret_3d,小盘中位涨跌幅,3,5,-2.0,0.0719,23,23,62,68,8.6938,12.0362,3.3424,-2.4959,3.1462,5.6421,54.3478,24.6377,29.7101,1,directional
spark_opportunity_selector,星火机会模型,small_med_ret_3d,小盘中位涨跌幅,3,10,-2.0,0.0719,23,23,62,68,12.2035,15.3407,3.1372,-2.9828,2.0092,4.992,67.3913,37.6812,29.7101,1,directional
spark_opportunity_selector,星火机会模型,small_med_ret_3d,小盘中位涨跌幅,3,22,-2.0,0.0719,23,23,62,68,18.7242,24.9111,6.1869,1.5025,5.9405,4.438,71.0145,53.6232,17.3913,1,directional
probe_d3_confirmed,试盘识别-三日确认,small_med_ret_3d,小盘中位涨跌幅,3,5,-2.0,0.0719,3,3,4,3,3.9317,6.065,2.1333,-9.0196,-1.6332,7.3864,83.3333,33.3333,50.0,1,low_sample
probe_d3_confirmed,试盘识别-三日确认,small_med_ret_3d,小盘中位涨跌幅,3,10,-2.0,0.0719,3,3,4,3,3.9317,6.6161,2.6844,-14.7743,-6.3414,8.4329,100.0,100.0,0.0,0,low_sample
probe_d3_confirmed,试盘识别-三日确认,small_med_ret_3d,小盘中位涨跌幅,3,22,-2.0,0.0719,3,3,4,3,3.9317,14.6858,10.7541,-19.1451,-8.5544,10.5907,100.0,100.0,0.0,0,low_sample
stable_capital_callback,资金流回调稳健策略,small_med_ret_3d,小盘中位涨跌幅,3,5,-2.0,0.0719,8,14,23,36,6.11,10.2542,4.1442,-4.4537,5.6863,10.14,66.6667,17.5595,49.1072,1,low_sample
stable_capital_callback,资金流回调稳健策略,small_med_ret_3d,小盘中位涨跌幅,3,10,-2.0,0.0719,8,14,23,36,7.042,16.8383,9.7963,-6.1367,6.2419,12.3786,68.75,23.8095,44.9405,1,low_sample
stable_capital_callback,资金流回调稳健策略,small_med_ret_3d,小盘中位涨跌幅,3,22,-2.0,0.0719,8,14,23,36,7.857,25.2781,17.4211,-6.1766,9.4902,15.6668,68.75,36.3095,32.4405,1,low_sample
trend_continuation_callback,趋势延续策略,small_med_ret_3d,小盘中位涨跌幅,3,5,-2.0,0.0719,2,3,2,4,7.5314,12.3417,4.8103,-0.2928,0.1182,0.411,0.0,33.3333,-33.3333,0,low_sample
trend_continuation_callback,趋势延续策略,small_med_ret_3d,小盘中位涨跌幅,3,10,-2.0,0.0719,2,3,2,4,7.6385,21.3476,13.7091,-6.7334,6.7128,13.4462,50.0,33.3333,16.6667,1,low_sample
trend_continuation_callback,趋势延续策略,small_med_ret_3d,小盘中位涨跌幅,3,22,-2.0,0.0719,2,3,2,4,7.6385,41.405,33.7665,-14.4297,12.2146,26.6443,50.0,66.6667,-16.6667,0,low_sample
ALL,全部来源,small_med_ret_5d,小盘中位涨跌幅,5,5,-3.1009,-0.0773,23,23,100,104,7.7518,9.8723,2.1205,-2.6418,2.4181,5.0599,55.2536,25.782,29.4716,1,directional
ALL,全部来源,small_med_ret_5d,小盘中位涨跌幅,5,10,-3.1009,-0.0773,23,23,100,104,10.4837,13.9808,3.4971,-4.7641,2.2984,7.0625,68.1159,38.2322,29.8837,1,directional
ALL,全部来源,small_med_ret_5d,小盘中位涨跌幅,5,22,-3.1009,-0.0773,23,23,100,104,16.9411,21.8658,4.9247,0.649,3.3225,2.6735,71.7391,62.3483,9.3908,1,directional
spark_opportunity_selector,星火机会模型,small_med_ret_5d,小盘中位涨跌幅,5,5,-3.1009,-0.0773,23,23,62,67,7.9178,10.1934,2.2756,-2.7375,2.3762,5.1137,56.5217,23.913,32.6087,1,directional
spark_opportunity_selector,星火机会模型,small_med_ret_5d,小盘中位涨跌幅,5,10,-3.1009,-0.0773,23,23,62,67,10.6769,14.2657,3.5888,-4.7652,2.8086,7.5738,71.0145,39.1304,31.8841,1,directional
spark_opportunity_selector,星火机会模型,small_med_ret_5d,小盘中位涨跌幅,5,22,-3.1009,-0.0773,23,23,62,67,17.4661,22.589,5.1229,1.4714,4.6067,3.1353,74.6377,59.4203,15.2174,1,directional
probe_d3_confirmed,试盘识别-三日确认,small_med_ret_5d,小盘中位涨跌幅,5,5,-3.1009,-0.0773,5,2,7,2,4.3862,4.7849,0.3987,-4.7223,-5.1452,-0.4229,60.0,50.0,10.0,0,low_sample
probe_d3_confirmed,试盘识别-三日确认,small_med_ret_5d,小盘中位涨跌幅,5,10,-3.1009,-0.0773,5,2,7,2,7.1493,5.6116,-1.5377,-6.5304,-4.3907,2.1397,70.0,100.0,-30.0,0,low_sample
probe_d3_confirmed,试盘识别-三日确认,small_med_ret_5d,小盘中位涨跌幅,5,22,-3.1009,-0.0773,5,2,7,2,7.1493,17.716,10.5667,-10.995,7.2492,18.2442,70.0,100.0,-30.0,0,low_sample
stable_capital_callback,资金流回调稳健策略,small_med_ret_5d,小盘中位涨跌幅,5,5,-3.1009,-0.0773,10,12,30,26,6.4357,9.8822,3.4465,-2.3277,3.3787,5.7064,50.0,28.8194,21.1806,1,directional
stable_capital_callback,资金流回调稳健策略,small_med_ret_5d,小盘中位涨跌幅,5,10,-3.1009,-0.0773,10,12,30,26,7.7227,15.8737,8.151,-4.14,2.2441,6.3841,56.6667,33.3333,23.3334,1,directional
stable_capital_callback,资金流回调稳健策略,small_med_ret_5d,小盘中位涨跌幅,5,22,-3.1009,-0.0773,10,12,30,26,10.7814,23.2436,12.4622,-2.2128,3.7201,5.9329,56.6667,53.4722,3.1945,1,directional
trend_continuation_callback,趋势延续策略,small_med_ret_5d,小盘中位涨跌幅,5,5,-3.1009,-0.0773,1,7,1,9,9.6382,7.3994,-2.2388,1.1276,-1.1159,-2.2435,0.0,35.7143,-35.7143,0,low_sample
trend_continuation_callback,趋势延续策略,small_med_ret_5d,小盘中位涨跌幅,5,10,-3.1009,-0.0773,1,7,1,9,9.6382,13.1849,3.5467,-0.3334,3.5936,3.927,0.0,42.8571,-42.8571,0,low_sample
trend_continuation_callback,趋势延续策略,small_med_ret_5d,小盘中位涨跌幅,5,22,-3.1009,-0.0773,1,7,1,9,9.6382,31.2871,21.6489,-0.451,9.0654,9.5164,0.0,85.7143,-85.7143,0,low_sample
ALL,全部来源,small_med_ret_10d,小盘中位涨跌幅,10,5,-5.1479,-0.4545,23,23,124,90,8.317,10.886,2.569,-2.0909,3.1902,5.2811,50.9735,32.0807,18.8928,1,directional
ALL,全部来源,small_med_ret_10d,小盘中位涨跌幅,10,10,-5.1479,-0.4545,23,23,124,90,10.8841,15.7903,4.9062,-2.7844,1.8341,4.6185,56.6173,44.4306,12.1867,1,directional
ALL,全部来源,small_med_ret_10d,小盘中位涨跌幅,10,22,-5.1479,-0.4545,23,23,124,90,16.8735,23.486,6.6125,2.0731,1.8582,-0.2149,61.9963,61.7909,0.2054,0,directional
spark_opportunity_selector,星火机会模型,small_med_ret_10d,小盘中位涨跌幅,10,5,-5.1479,-0.4545,23,23,65,68,8.5404,11.1686,2.6282,-2.6101,3.5022,6.1123,55.0725,30.4348,24.6377,1,directional
spark_opportunity_selector,星火机会模型,small_med_ret_10d,小盘中位涨跌幅,10,10,-5.1479,-0.4545,23,23,65,68,10.9509,16.7555,5.8046,-3.4235,3.1365,6.56,62.3188,43.4782,18.8406,1,directional
spark_opportunity_selector,星火机会模型,small_med_ret_10d,小盘中位涨跌幅,10,22,-5.1479,-0.4545,23,23,65,68,18.0748,25.2566,7.1818,3.1441,3.5934,0.4493,65.942,59.4203,6.5217,1,directional
probe_d3_confirmed,试盘识别-三日确认,small_med_ret_10d,小盘中位涨跌幅,10,5,-5.1479,-0.4545,4,3,6,3,5.4308,3.9008,-1.53,-4.0427,-8.0798,-4.0371,75.0,66.6667,8.3333,0,low_sample
probe_d3_confirmed,试盘识别-三日确认,small_med_ret_10d,小盘中位涨跌幅,10,10,-5.1479,-0.4545,4,3,6,3,5.4308,4.4519,-0.9789,-5.8646,-11.3625,-5.4979,87.5,100.0,-12.5,0,low_sample
probe_d3_confirmed,试盘识别-三日确认,small_med_ret_10d,小盘中位涨跌幅,10,22,-5.1479,-0.4545,4,3,6,3,5.4308,12.5216,7.0908,-5.8646,-7.9733,-2.1087,87.5,100.0,-12.5,0,low_sample
stable_capital_callback,资金流回调稳健策略,small_med_ret_10d,小盘中位涨跌幅,10,5,-5.1479,-0.4545,16,7,51,15,6.7021,9.1682,2.4661,-1.2176,2.7738,3.9914,38.2812,33.3333,4.9479,1,low_sample
stable_capital_callback,资金流回调稳健策略,small_med_ret_10d,小盘中位涨跌幅,10,10,-5.1479,-0.4545,16,7,51,15,8.7254,13.6556,4.9302,-1.7623,4.182,5.9443,41.6667,21.4286,20.2381,1,low_sample
stable_capital_callback,资金流回调稳健策略,small_med_ret_10d,小盘中位涨跌幅,10,22,-5.1479,-0.4545,16,7,51,15,11.113,23.3191,12.2061,-0.8542,5.2543,6.1085,49.4792,45.2381,4.2411,1,low_sample
trend_continuation_callback,趋势延续策略,small_med_ret_10d,小盘中位涨跌幅,10,5,-5.1479,-0.4545,1,3,2,4,9.6169,4.8967,-4.7202,-9.9325,0.2896,10.2221,100.0,16.6667,83.3333,0,low_sample
trend_continuation_callback,趋势延续策略,small_med_ret_10d,小盘中位涨跌幅,10,10,-5.1479,-0.4545,1,3,2,4,18.9367,5.6077,-13.329,-4.5635,-5.1656,-0.6021,100.0,66.6667,33.3333,0,low_sample
trend_continuation_callback,趋势延续策略,small_med_ret_10d,小盘中位涨跌幅,10,22,-5.1479,-0.4545,1,3,2,4,20.6467,6.9239,-13.7228,-8.4916,-14.9955,-6.5039,100.0,100.0,0.0,0,low_sample
ALL,全部来源,small_med_ret_20d,小盘中位涨跌幅,20,5,-5.8993,-1.3356,23,23,133,79,8.4557,10.9643,2.5086,-0.1166,2.8527,2.9693,40.1764,33.8199,6.3565,1,directional
ALL,全部来源,small_med_ret_20d,小盘中位涨跌幅,20,10,-5.8993,-1.3356,23,23,133,79,12.1022,14.7437,2.6415,1.0481,-0.7362,-1.7843,49.0189,50.5176,-1.4987,0,directional
ALL,全部来源,small_med_ret_20d,小盘中位涨跌幅,20,22,-5.8993,-1.3356,23,23,133,79,21.661,19.2594,-2.4016,7.5334,-2.6821,-10.2155,50.309,70.1967,-19.8877,0,directional
spark_opportunity_selector,星火机会模型,small_med_ret_20d,小盘中位涨跌幅,20,5,-5.8993,-1.3356,23,22,68,63,9.042,11.4268,2.3848,-0.3915,2.8841,3.2756,42.7536,33.3333,9.4203,1,directional
spark_opportunity_selector,星火机会模型,small_med_ret_20d,小盘中位涨跌幅,20,10,-5.8993,-1.3356,23,22,68,63,12.8997,15.3671,2.4674,1.113,-0.2142,-1.3272,51.4493,53.0303,-1.581,0,directional
spark_opportunity_selector,星火机会模型,small_med_ret_20d,小盘中位涨跌幅,20,22,-5.8993,-1.3356,23,22,68,63,23.4428,20.5535,-2.8893,9.5975,-1.2355,-10.833,51.4493,71.2121,-19.7628,0,directional
probe_d3_confirmed,试盘识别-三日确认,small_med_ret_20d,小盘中位涨跌幅,20,5,-5.8993,-1.3356,5,5,7,5,6.0697,4.6874,-1.3823,-2.156,-3.3784,-1.2224,60.0,60.0,0.0,0,low_sample
probe_d3_confirmed,试盘识别-三日确认,small_med_ret_20d,小盘中位涨跌幅,20,10,-5.8993,-1.3356,5,5,7,5,6.0697,8.8822,2.8125,-6.7402,-3.7272,3.013,90.0,80.0,10.0,1,low_sample
probe_d3_confirmed,试盘识别-三日确认,small_med_ret_20d,小盘中位涨跌幅,20,22,-5.8993,-1.3356,5,5,7,5,6.0697,13.724,7.6543,-12.724,-7.629,5.095,90.0,80.0,10.0,1,low_sample
stable_capital_callback,资金流回调稳健策略,small_med_ret_20d,小盘中位涨跌幅,20,5,-5.8993,-1.3356,17,4,53,7,7.1268,17.4861,10.3593,0.2362,11.0121,10.7759,30.1471,41.6667,-11.5196,0,low_sample
stable_capital_callback,资金流回调稳健策略,small_med_ret_20d,小盘中位涨跌幅,20,10,-5.8993,-1.3356,17,4,53,7,9.5749,26.1149,16.54,0.0424,5.4706,5.4282,37.2549,20.8333,16.4216,1,low_sample
stable_capital_callback,资金流回调稳健策略,small_med_ret_20d,小盘中位涨跌幅,20,22,-5.8993,-1.3356,17,4,53,7,14.6464,28.3043,13.6579,2.3767,-4.4707,-6.8474,39.7059,54.1667,-14.4608,0,low_sample
trend_continuation_callback,趋势延续策略,small_med_ret_20d,小盘中位涨跌幅,20,5,-5.8993,-1.3356,3,4,5,4,8.9946,3.3639,-5.6307,-0.8311,-2.2644,-1.4333,50.0,25.0,25.0,0,low_sample
trend_continuation_callback,趋势延续策略,small_med_ret_20d,小盘中位涨跌幅,20,10,-5.8993,-1.3356,3,4,5,4,18.0005,5.7754,-12.2251,5.8312,-2.8841,-8.7153,66.6667,50.0,16.6667,0,low_sample
trend_continuation_callback,趋势延续策略,small_med_ret_20d,小盘中位涨跌幅,20,22,-5.8993,-1.3356,3,4,5,4,39.3742,11.2158,-28.1584,10.5826,-12.475,-23.0576,66.6667,100.0,-33.3333,0,low_sample
ALL,全部来源,large_up_ratio_1d,大盘上涨占比,1,5,36.4754,53.6986,23,23,98,97,9.6503,9.0274,-0.6229,0.0323,0.9847,0.9524,45.8696,35.2385,10.6311,0,directional
ALL,全部来源,large_up_ratio_1d,大盘上涨占比,1,10,36.4754,53.6986,23,23,98,97,13.5062,12.3923,-1.1139,-1.674,0.4868,2.1608,58.0901,45.1525,12.9376,0,directional
ALL,全部来源,large_up_ratio_1d,大盘上涨占比,1,22,36.4754,53.6986,23,23,98,97,19.4557,20.9884,1.5327,0.6243,5.5479,4.9236,67.8416,58.399,9.4426,1,directional
spark_opportunity_selector,星火机会模型,large_up_ratio_1d,大盘上涨占比,1,5,36.4754,53.6986,23,22,63,63,10.0202,8.8952,-1.125,-0.0477,-0.2556,-0.2079,46.3768,39.3939,6.9829,0,directional
spark_opportunity_selector,星火机会模型,large_up_ratio_1d,大盘上涨占比,1,10,36.4754,53.6986,23,22,63,63,13.8083,11.735,-2.0733,-1.4725,-0.7424,0.7301,59.4203,53.0303,6.39,0,directional
spark_opportunity_selector,星火机会模型,large_up_ratio_1d,大盘上涨占比,1,22,36.4754,53.6986,23,22,63,63,20.3748,21.5464,1.1716,1.9173,6.5305,4.6132,68.8406,63.6364,5.2042,1,directional
probe_d3_confirmed,试盘识别-三日确认,large_up_ratio_1d,大盘上涨占比,1,5,36.4754,53.6986,6,3,7,4,4.9071,4.514,-0.3931,-2.9161,0.1187,3.0348,58.3333,50.0,8.3333,0,low_sample
probe_d3_confirmed,试盘识别-三日确认,large_up_ratio_1d,大盘上涨占比,1,10,36.4754,53.6986,6,3,7,4,10.4298,5.0652,-5.3646,-4.516,0.2313,4.7473,83.3333,50.0,33.3333,0,low_sample
probe_d3_confirmed,试盘识别-三日确认,large_up_ratio_1d,大盘上涨占比,1,22,36.4754,53.6986,6,3,7,4,10.4298,13.1348,2.705,-18.637,6.8757,25.5127,83.3333,50.0,33.3333,1,low_sample
stable_capital_callback,资金流回调稳健策略,large_up_ratio_1d,大盘上涨占比,1,5,36.4754,53.6986,8,10,23,27,4.9712,12.2056,7.2344,-2.1191,7.4632,9.5823,58.3333,14.5833,43.75,1,low_sample
stable_capital_callback,资金流回调稳健策略,large_up_ratio_1d,大盘上涨占比,1,10,36.4754,53.6986,8,10,23,27,7.1596,19.2853,12.1257,-3.204,9.2056,12.4096,60.4167,10.0,50.4167,1,low_sample
stable_capital_callback,资金流回调稳健策略,large_up_ratio_1d,大盘上涨占比,1,22,36.4754,53.6986,8,10,23,27,9.2759,28.8466,19.5707,-3.89,13.5646,17.4546,64.5833,19.1667,45.4166,1,low_sample
trend_continuation_callback,趋势延续策略,large_up_ratio_1d,大盘上涨占比,1,5,36.4754,53.6986,5,2,5,3,11.1843,6.4924,-4.6919,3.4349,-6.9093,-10.3442,20.0,50.0,-30.0,0,low_sample
trend_continuation_callback,趋势延续策略,large_up_ratio_1d,大盘上涨占比,1,10,36.4754,53.6986,5,2,5,3,15.1766,14.9087,-0.2679,0.5642,2.2519,1.6877,40.0,50.0,-10.0,0,low_sample
trend_continuation_callback,趋势延续策略,large_up_ratio_1d,大盘上涨占比,1,22,36.4754,53.6986,5,2,5,3,19.2419,26.6446,7.4027,-0.6486,-6.0593,-5.4107,60.0,100.0,-40.0,0,low_sample
ALL,全部来源,large_up_ratio_3d,大盘上涨占比,3,5,33.5626,54.6575,23,23,87,106,8.3133,9.8595,1.5462,-2.3404,2.763,5.1034,50.1812,30.3472,19.834,1,directional
ALL,全部来源,large_up_ratio_3d,大盘上涨占比,3,10,33.5626,54.6575,23,23,87,106,10.9285,14.0967,3.1682,-4.2965,2.6581,6.9546,63.5145,43.1339,20.3806,1,directional
ALL,全部来源,large_up_ratio_3d,大盘上涨占比,3,22,33.5626,54.6575,23,23,87,106,17.2486,22.8759,5.6273,0.5061,5.3899,4.8838,68.587,58.0885,10.4985,1,directional
spark_opportunity_selector,星火机会模型,large_up_ratio_3d,大盘上涨占比,3,5,33.5626,54.6575,22,23,61,66,8.45,10.4439,1.9939,-2.4312,2.7286,5.1598,53.7879,30.4348,23.3531,1,directional
spark_opportunity_selector,星火机会模型,large_up_ratio_3d,大盘上涨占比,3,10,33.5626,54.6575,22,23,61,66,11.5024,14.4427,2.9403,-3.6846,2.973,6.6576,68.9394,44.2029,24.7365,1,directional
spark_opportunity_selector,星火机会模型,large_up_ratio_3d,大盘上涨占比,3,22,33.5626,54.6575,22,23,61,66,18.2766,23.6996,5.423,1.1789,7.3379,6.159,74.2424,57.2464,16.996,1,directional
probe_d3_confirmed,试盘识别-三日确认,large_up_ratio_3d,大盘上涨占比,3,5,33.5626,54.6575,4,3,6,3,5.6591,6.065,0.4059,-3.813,-1.6332,2.1798,50.0,33.3333,16.6667,1,low_sample
probe_d3_confirmed,试盘识别-三日确认,large_up_ratio_3d,大盘上涨占比,3,10,33.5626,54.6575,4,3,6,3,5.6591,6.6161,0.957,-9.8716,-6.3414,3.5302,62.5,100.0,-37.5,0,low_sample
probe_d3_confirmed,试盘识别-三日确认,large_up_ratio_3d,大盘上涨占比,3,22,33.5626,54.6575,4,3,6,3,5.6591,14.6858,9.0267,-12.4478,-8.5544,3.8934,62.5,100.0,-37.5,0,low_sample
stable_capital_callback,资金流回调稳健策略,large_up_ratio_3d,大盘上涨占比,3,5,33.5626,54.6575,7,11,18,33,6.0984,10.5697,4.4713,-4.5388,5.5113,10.0501,42.8571,22.3485,20.5086,1,low_sample
stable_capital_callback,资金流回调稳健策略,large_up_ratio_3d,大盘上涨占比,3,10,33.5626,54.6575,7,11,18,33,6.8597,17.573,10.7133,-6.2192,5.8907,12.1099,47.619,30.303,17.316,1,low_sample
stable_capital_callback,资金流回调稳健策略,large_up_ratio_3d,大盘上涨占比,3,22,33.5626,54.6575,7,11,18,33,6.8597,26.7391,19.8794,-6.0423,8.246,14.2883,47.619,37.1212,10.4978,1,low_sample
trend_continuation_callback,趋势延续策略,large_up_ratio_3d,大盘上涨占比,3,5,33.5626,54.6575,2,3,2,4,5.8877,7.9528,2.0651,-2.867,-2.1342,0.7328,50.0,33.3333,16.6667,1,low_sample
trend_continuation_callback,趋势延续策略,large_up_ratio_3d,大盘上涨占比,3,10,33.5626,54.6575,2,3,2,4,7.9124,19.463,11.5506,-1.0104,10.4943,11.5047,50.0,33.3333,16.6667,1,low_sample
trend_continuation_callback,趋势延续策略,large_up_ratio_3d,大盘上涨占比,3,22,33.5626,54.6575,2,3,2,4,28.3286,46.7743,18.4457,23.2841,13.0518,-10.2323,50.0,66.6667,-16.6667,0,low_sample
ALL,全部来源,large_up_ratio_5d,大盘上涨占比,5,5,34.116,48.9011,23,23,87,95,7.7299,9.4472,1.7173,-2.1207,2.4368,4.5575,50.9783,31.3561,19.6222,1,directional
ALL,全部来源,large_up_ratio_5d,大盘上涨占比,5,10,34.116,48.9011,23,23,87,95,9.9752,14.3954,4.4202,-4.3934,2.6975,7.0909,61.3043,45.5901,15.7142,1,directional
ALL,全部来源,large_up_ratio_5d,大盘上涨占比,5,22,34.116,48.9011,23,23,87,95,17.7976,22.9832,5.1856,2.1503,4.8289,2.6786,63.4783,63.6025,-0.1242,0,directional
spark_opportunity_selector,星火机会模型,large_up_ratio_5d,大盘上涨占比,5,5,34.116,48.9011,22,23,61,66,8.1034,9.9169,1.8135,-2.6436,2.7255,5.3691,57.5758,27.5362,30.0396,1,directional
spark_opportunity_selector,星火机会模型,large_up_ratio_5d,大盘上涨占比,5,10,34.116,48.9011,22,23,61,66,10.0666,15.3404,5.2738,-5.1405,4.0275,9.168,70.4545,44.2029,26.2516,1,directional
spark_opportunity_selector,星火机会模型,large_up_ratio_5d,大盘上涨占比,5,22,34.116,48.9011,22,23,61,66,18.7706,24.0739,5.3033,2.4789,6.181,3.7021,72.7273,58.6957,14.0316,1,directional
probe_d3_confirmed,试盘识别-三日确认,large_up_ratio_5d,大盘上涨占比,5,5,34.116,48.9011,4,2,5,2,4.5676,4.7849,0.2173,-1.5848,-5.1452,-3.5604,37.5,50.0,-12.5,0,low_sample
probe_d3_confirmed,试盘识别-三日确认,large_up_ratio_5d,大盘上涨占比,5,10,34.116,48.9011,4,2,5,2,8.0215,5.6116,-2.4099,-4.1107,-4.3907,-0.28,37.5,100.0,-62.5,0,low_sample
probe_d3_confirmed,试盘识别-三日确认,large_up_ratio_5d,大盘上涨占比,5,22,34.116,48.9011,4,2,5,2,8.0215,17.716,9.6945,-8.9895,7.2492,16.2387,37.5,100.0,-62.5,0,low_sample
stable_capital_callback,资金流回调稳健策略,large_up_ratio_5d,大盘上涨占比,5,5,34.116,48.9011,7,11,20,19,6.3955,9.9529,3.5574,1.387,3.0278,1.6408,19.0476,39.3939,-20.3463,0,low_sample
stable_capital_callback,资金流回调稳健策略,large_up_ratio_5d,大盘上涨占比,5,10,34.116,48.9011,7,11,20,19,8.1334,15.6166,7.4832,0.2962,0.969,0.6728,19.0476,40.9091,-21.8615,0,low_sample
stable_capital_callback,资金流回调稳健策略,large_up_ratio_5d,大盘上涨占比,5,22,34.116,48.9011,7,11,20,19,12.2204,21.8629,9.6425,3.3569,1.3124,-2.0445,19.0476,60.6061,-41.5585,0,low_sample
trend_continuation_callback,趋势延续策略,large_up_ratio_5d,大盘上涨占比,5,5,34.116,48.9011,1,7,1,8,9.6382,6.8005,-2.8377,1.1276,0.0583,-1.0693,0.0,21.4286,-21.4286,0,low_sample
trend_continuation_callback,趋势延续策略,large_up_ratio_5d,大盘上涨占比,5,10,34.116,48.9011,1,7,1,8,9.6382,11.2852,1.647,-0.3334,2.3693,2.7027,0.0,42.8571,-42.8571,0,low_sample
trend_continuation_callback,趋势延续策略,large_up_ratio_5d,大盘上涨占比,5,22,34.116,48.9011,1,7,1,8,9.6382,29.1431,19.5049,-0.451,6.2201,6.6711,0.0,85.7143,-85.7143,0,low_sample
ALL,全部来源,large_up_ratio_10d,大盘上涨占比,10,5,33.425,54.8343,23,23,116,91,7.828,10.3995,2.5715,-2.2183,3.3089,5.5272,48.3751,29.5445,18.8306,1,directional
ALL,全部来源,large_up_ratio_10d,大盘上涨占比,10,10,33.425,54.8343,23,23,116,91,10.5937,15.583,4.9893,-2.1292,3.488,5.6172,54.8885,43.8509,11.0376,1,directional
ALL,全部来源,large_up_ratio_10d,大盘上涨占比,10,22,33.425,54.8343,23,23,116,91,18.5748,23.4504,4.8756,4.0614,3.47,-0.5914,62.369,59.9068,2.4622,0,directional
spark_opportunity_selector,星火机会模型,large_up_ratio_10d,大盘上涨占比,10,5,33.425,54.8343,23,23,66,67,8.0662,11.203,3.1368,-2.3829,4.1114,6.4943,52.1739,25.3623,26.8116,1,directional
spark_opportunity_selector,星火机会模型,large_up_ratio_10d,大盘上涨占比,10,10,33.425,54.8343,23,23,66,67,10.581,17.0347,6.4537,-2.2895,4.9378,7.2273,60.8696,39.8551,21.0145,1,directional
spark_opportunity_selector,星火机会模型,large_up_ratio_10d,大盘上涨占比,10,22,33.425,54.8343,23,23,66,67,19.8092,25.262,5.4528,5.6946,4.8223,-0.8723,66.6667,55.7971,10.8696,0,directional
probe_d3_confirmed,试盘识别-三日确认,large_up_ratio_10d,大盘上涨占比,10,5,33.425,54.8343,3,3,5,3,5.9305,5.1007,-0.8298,-1.4929,-2.3685,-0.8756,33.3333,66.6667,-33.3334,0,low_sample
probe_d3_confirmed,试盘识别-三日确认,large_up_ratio_10d,大盘上涨占比,10,10,33.425,54.8343,3,3,5,3,10.5357,12.0921,1.5564,-0.7207,3.1592,3.8799,50.0,100.0,-50.0,0,low_sample
probe_d3_confirmed,试盘识别-三日确认,large_up_ratio_10d,大盘上涨占比,10,22,33.425,54.8343,3,3,5,3,10.5357,20.1617,9.626,-3.7909,0.0911,3.882,50.0,100.0,-50.0,0,low_sample
stable_capital_callback,资金流回调稳健策略,large_up_ratio_10d,大盘上涨占比,10,5,33.425,54.8343,14,7,41,15,5.8869,8.1961,2.3092,-1.448,1.5561,3.0041,38.9881,33.3333,5.6548,1,low_sample
stable_capital_callback,资金流回调稳健策略,large_up_ratio_10d,大盘上涨占比,10,10,33.425,54.8343,14,7,41,15,8.3703,11.9867,3.6164,-1.9552,2.2917,4.2469,42.8571,35.7143,7.1428,1,low_sample
stable_capital_callback,资金流回调稳健策略,large_up_ratio_10d,大盘上涨占比,10,22,33.425,54.8343,14,7,41,15,12.2888,21.8022,9.5134,0.4077,3.9342,3.5265,51.7857,52.381,-0.5953,0,low_sample
trend_continuation_callback,趋势延续策略,large_up_ratio_10d,大盘上涨占比,10,5,33.425,54.8343,3,5,4,6,11.9299,5.4909,-6.439,-1.9779,0.4535,2.4314,33.3333,30.0,3.3333,0,low_sample
trend_continuation_callback,趋势延续策略,large_up_ratio_10d,大盘上涨占比,10,10,33.425,54.8343,3,5,4,6,15.0365,9.4571,-5.5794,-2.3914,0.2907,2.6821,33.3333,60.0,-26.6667,0,low_sample
trend_continuation_callback,趋势延续策略,large_up_ratio_10d,大盘上涨占比,10,22,33.425,54.8343,3,5,4,6,15.6065,21.9393,6.3328,-5.0271,-1.2067,3.8204,66.6667,80.0,-13.3333,0,low_sample
ALL,全部来源,large_up_ratio_20d,大盘上涨占比,20,5,34.663,51.2431,23,23,120,80,7.8993,11.2063,3.307,0.4965,3.0069,2.5104,31.7809,37.8054,-6.0245,0,directional
ALL,全部来源,large_up_ratio_20d,大盘上涨占比,20,10,34.663,51.2431,23,23,120,80,11.873,15.411,3.538,2.7382,0.8905,-1.8477,38.9568,51.2422,-12.2854,0,directional
ALL,全部来源,large_up_ratio_20d,大盘上涨占比,20,22,34.663,51.2431,23,23,120,80,23.111,20.6298,-2.4812,10.2666,-0.8739,-11.1405,47.0584,70.9213,-23.8629,0,directional
spark_opportunity_selector,星火机会模型,large_up_ratio_20d,大盘上涨占比,20,5,34.663,51.2431,23,23,68,65,8.4425,11.1156,2.6731,0.2963,2.5596,2.2633,34.058,37.6812,-3.6232,0,directional
spark_opportunity_selector,星火机会模型,large_up_ratio_20d,大盘上涨占比,20,10,34.663,51.2431,23,23,68,65,12.446,15.0238,2.5778,2.8107,0.6837,-2.127,41.3043,52.8985,-11.5942,0,directional
spark_opportunity_selector,星火机会模型,large_up_ratio_20d,大盘上涨占比,20,22,34.663,51.2431,23,23,68,65,25.002,20.4371,-4.5649,12.6371,-0.3296,-12.9667,47.1015,70.2899,-23.1884,0,directional
probe_d3_confirmed,试盘识别-三日确认,large_up_ratio_20d,大盘上涨占比,20,5,34.663,51.2431,3,3,4,3,5.8261,5.1007,-0.7254,0.889,-2.3685,-3.2575,50.0,66.6667,-16.6667,0,low_sample
probe_d3_confirmed,试盘识别-三日确认,large_up_ratio_20d,大盘上涨占比,20,10,34.663,51.2431,3,3,4,3,5.8261,12.0921,6.266,-4.3221,3.1592,7.4813,83.3333,100.0,-16.6667,0,low_sample
probe_d3_confirmed,试盘识别-三日确认,large_up_ratio_20d,大盘上涨占比,20,22,34.663,51.2431,3,3,4,3,5.8261,20.1617,14.3356,-14.2951,0.0911,14.3862,83.3333,100.0,-16.6667,0,low_sample
stable_capital_callback,资金流回调稳健策略,large_up_ratio_20d,大盘上涨占比,20,5,34.663,51.2431,15,4,41,7,5.7721,17.4861,11.714,1.0661,11.0121,9.946,20.8333,41.6667,-20.8334,0,low_sample
stable_capital_callback,资金流回调稳健策略,large_up_ratio_20d,大盘上涨占比,20,10,34.663,51.2431,15,4,41,7,9.4314,26.1149,16.6835,2.5656,5.4706,2.905,26.6667,20.8333,5.8334,1,low_sample
stable_capital_callback,资金流回调稳健策略,large_up_ratio_20d,大盘上涨占比,20,22,34.663,51.2431,15,4,41,7,16.2895,28.3043,12.0148,6.0524,-4.4707,-10.5231,36.1111,54.1667,-18.0556,0,low_sample
trend_continuation_callback,趋势延续策略,large_up_ratio_20d,大盘上涨占比,20,5,34.663,51.2431,5,5,7,5,10.6314,7.1777,-3.4537,0.3011,2.3696,2.0685,30.0,20.0,10.0,0,low_sample
trend_continuation_callback,趋势延续策略,large_up_ratio_20d,大盘上涨占比,20,10,34.663,51.2431,5,5,7,5,16.0349,13.0563,-2.9786,2.9766,3.4116,0.435,40.0,40.0,0.0,0,low_sample
trend_continuation_callback,趋势延续策略,large_up_ratio_20d,大盘上涨占比,20,22,34.663,51.2431,5,5,7,5,28.8591,21.474,-7.3851,5.0316,-1.1648,-6.1964,60.0,80.0,-20.0,0,low_sample
ALL,全部来源,large_med_ret_1d,大盘中位涨跌幅,1,5,-0.6309,0.1714,23,23,92,97,9.4905,9.0274,-0.4631,-0.0164,0.9847,1.0011,44.7826,35.2385,9.5441,0,directional
ALL,全部来源,large_med_ret_1d,大盘中位涨跌幅,1,10,-0.6309,0.1714,23,23,92,97,12.8659,12.3923,-0.4736,-2.4904,0.4868,2.9772,58.0901,45.1525,12.9376,0,directional
ALL,全部来源,large_med_ret_1d,大盘中位涨跌幅,1,22,-0.6309,0.1714,23,23,92,97,18.3518,20.9884,2.6366,-0.0868,5.5479,5.6347,67.8416,58.399,9.4426,1,directional
spark_opportunity_selector,星火机会模型,large_med_ret_1d,大盘中位涨跌幅,1,5,-0.6309,0.1714,23,22,62,63,9.9083,8.8952,-1.0131,-0.3862,-0.2556,0.1306,45.6522,39.3939,6.2583,0,directional
spark_opportunity_selector,星火机会模型,large_med_ret_1d,大盘中位涨跌幅,1,10,-0.6309,0.1714,23,22,62,63,12.7073,11.735,-0.9723,-3.2958,-0.7424,2.5534,60.8696,53.0303,7.8393,0,directional
spark_opportunity_selector,星火机会模型,large_med_ret_1d,大盘中位涨跌幅,1,22,-0.6309,0.1714,23,22,62,63,18.4781,21.5464,3.0683,0.1005,6.5305,6.43,70.2899,63.6364,6.6535,1,directional
probe_d3_confirmed,试盘识别-三日确认,large_med_ret_1d,大盘中位涨跌幅,1,5,-0.6309,0.1714,5,3,5,4,4.3573,4.514,0.1567,-1.9141,0.1187,2.0328,60.0,50.0,10.0,1,low_sample
probe_d3_confirmed,试盘识别-三日确认,large_med_ret_1d,大盘中位涨跌幅,1,10,-0.6309,0.1714,5,3,5,4,10.9846,5.0652,-5.9194,-2.6526,0.2313,2.8839,80.0,50.0,30.0,0,low_sample
probe_d3_confirmed,试盘识别-三日确认,large_med_ret_1d,大盘中位涨跌幅,1,22,-0.6309,0.1714,5,3,5,4,10.9846,13.1348,2.1502,-19.5978,6.8757,26.4735,80.0,50.0,30.0,1,low_sample
stable_capital_callback,资金流回调稳健策略,large_med_ret_1d,大盘中位涨跌幅,1,5,-0.6309,0.1714,7,10,21,27,4.9407,12.2056,7.2649,-0.6999,7.4632,8.1631,47.619,14.5833,33.0357,1,low_sample
stable_capital_callback,资金流回调稳健策略,large_med_ret_1d,大盘中位涨跌幅,1,10,-0.6309,0.1714,7,10,21,27,7.2385,19.2853,12.0468,-1.7121,9.2056,10.9177,52.3809,10.0,42.3809,1,low_sample
stable_capital_callback,资金流回调稳健策略,large_med_ret_1d,大盘中位涨跌幅,1,22,-0.6309,0.1714,7,10,21,27,9.0084,28.8466,19.8382,-2.7249,13.5646,16.2895,57.1429,19.1667,37.9762,1,low_sample
trend_continuation_callback,趋势延续策略,large_med_ret_1d,大盘中位涨跌幅,1,5,-0.6309,0.1714,4,2,4,3,12.6242,6.4924,-6.1318,4.7219,-6.9093,-11.6312,25.0,50.0,-25.0,0,low_sample
trend_continuation_callback,趋势延续策略,large_med_ret_1d,大盘中位涨跌幅,1,10,-0.6309,0.1714,4,2,4,3,17.561,14.9087,-2.6523,3.9887,2.2519,-1.7368,25.0,50.0,-25.0,0,low_sample
trend_continuation_callback,趋势延续策略,large_med_ret_1d,大盘中位涨跌幅,1,22,-0.6309,0.1714,4,2,4,3,22.6426,26.6446,4.002,6.2913,-6.0593,-12.3506,50.0,100.0,-50.0,0,low_sample
ALL,全部来源,large_med_ret_3d,大盘中位涨跌幅,3,5,-1.3648,0.4079,23,23,90,106,8.3767,10.4174,2.0407,-2.3342,3.4615,5.7957,50.9058,30.3472,20.5586,1,directional
ALL,全部来源,large_med_ret_3d,大盘中位涨跌幅,3,10,-1.3648,0.4079,23,23,90,106,11.0437,14.6606,3.6169,-4.7091,2.8597,7.5688,64.2391,41.6846,22.5545,1,directional
ALL,全部来源,large_med_ret_3d,大盘中位涨跌幅,3,22,-1.3648,0.4079,23,23,90,106,16.2459,23.067,6.8211,-0.7632,5.091,5.8542,67.8623,56.6392,11.2231,1,directional
spark_opportunity_selector,星火机会模型,large_med_ret_3d,大盘中位涨跌幅,3,5,-1.3648,0.4079,22,23,60,67,8.4899,10.9462,2.4563,-2.3975,3.4509,5.8484,53.0303,29.7101,23.3202,1,directional
spark_opportunity_selector,星火机会模型,large_med_ret_3d,大盘中位涨跌幅,3,10,-1.3648,0.4079,22,23,60,67,11.5963,15.0599,3.4636,-4.0886,3.402,7.4906,68.1818,41.3043,26.8775,1,directional
spark_opportunity_selector,星火机会模型,large_med_ret_3d,大盘中位涨跌幅,3,22,-1.3648,0.4079,22,23,60,67,17.2019,24.1438,6.9419,-0.1209,6.8948,7.0157,71.9697,55.7971,16.1726,1,directional
probe_d3_confirmed,试盘识别-三日确认,large_med_ret_3d,大盘中位涨跌幅,3,5,-1.3648,0.4079,5,3,7,3,4.9286,6.065,1.1364,-4.0872,-1.6332,2.454,60.0,33.3333,26.6667,1,low_sample
probe_d3_confirmed,试盘识别-三日确认,large_med_ret_3d,大盘中位涨跌幅,3,10,-1.3648,0.4079,5,3,7,3,4.9286,6.6161,1.6875,-8.934,-6.3414,2.5926,70.0,100.0,-30.0,0,low_sample
probe_d3_confirmed,试盘识别-三日确认,large_med_ret_3d,大盘中位涨跌幅,3,22,-1.3648,0.4079,5,3,7,3,4.9286,14.6858,9.7572,-10.995,-8.5544,2.4406,70.0,100.0,-30.0,0,low_sample
stable_capital_callback,资金流回调稳健策略,large_med_ret_3d,大盘中位涨跌幅,3,5,-1.3648,0.4079,8,11,21,33,5.7481,10.5697,4.8216,-4.9361,5.5113,10.4474,50.0,22.3485,27.6515,1,low_sample
stable_capital_callback,资金流回调稳健策略,large_med_ret_3d,大盘中位涨跌幅,3,10,-1.3648,0.4079,8,11,21,33,6.4143,17.573,11.1587,-6.4065,5.8907,12.2972,54.1667,30.303,23.8637,1,low_sample
stable_capital_callback,资金流回调稳健策略,large_med_ret_3d,大盘中位涨跌幅,3,22,-1.3648,0.4079,8,11,21,33,6.4143,26.7391,20.3248,-6.2517,8.246,14.4977,54.1667,37.1212,17.0455,1,low_sample
trend_continuation_callback,趋势延续策略,large_med_ret_3d,大盘中位涨跌幅,3,5,-1.3648,0.4079,2,2,2,3,5.8877,10.2452,4.3575,-2.867,-1.2583,1.6087,50.0,50.0,0.0,0,low_sample
trend_continuation_callback,趋势延续策略,large_med_ret_3d,大盘中位涨跌幅,3,10,-1.3648,0.4079,2,2,2,3,7.9124,23.754,15.8416,-1.0104,11.2078,12.2182,50.0,50.0,0.0,0,low_sample
trend_continuation_callback,趋势延续策略,large_med_ret_3d,大盘中位涨跌幅,3,22,-1.3648,0.4079,2,2,2,3,28.3286,53.8402,25.5116,23.2841,21.3911,-1.893,50.0,50.0,0.0,0,low_sample
ALL,全部来源,large_med_ret_5d,大盘中位涨跌幅,5,5,-2.0059,-0.1182,23,23,90,95,7.7433,9.4472,1.7039,-2.0001,2.4368,4.4369,51.9099,31.3561,20.5538,1,directional
ALL,全部来源,large_med_ret_5d,大盘中位涨跌幅,5,10,-2.0059,-0.1182,23,23,90,95,9.6255,14.3954,4.7699,-4.8398,2.6975,7.5373,62.9607,45.5901,17.3706,1,directional
ALL,全部来源,large_med_ret_5d,大盘中位涨跌幅,5,22,-2.0059,-0.1182,23,23,90,95,16.7309,22.9832,6.2523,1.541,4.8289,3.2879,65.1346,63.6025,1.5321,1,directional
spark_opportunity_selector,星火机会模型,large_med_ret_5d,大盘中位涨跌幅,5,5,-2.0059,-0.1182,22,23,60,66,8.1361,9.9169,1.7808,-2.6292,2.7255,5.3547,59.8485,27.5362,32.3123,1,directional
spark_opportunity_selector,星火机会模型,large_med_ret_5d,大盘中位涨跌幅,5,10,-2.0059,-0.1182,22,23,60,66,9.7027,15.3404,5.6377,-5.793,4.0275,9.8205,73.4849,44.2029,29.282,1,directional
spark_opportunity_selector,星火机会模型,large_med_ret_5d,大盘中位涨跌幅,5,22,-2.0059,-0.1182,22,23,60,66,17.657,24.0739,6.4169,1.6561,6.181,4.5249,75.7576,58.6957,17.0619,1,directional
probe_d3_confirmed,试盘识别-三日确认,large_med_ret_5d,大盘中位涨跌幅,5,5,-2.0059,-0.1182,5,2,6,2,4.697,4.7849,0.0879,-2.3722,-5.1452,-2.773,50.0,50.0,0.0,0,low_sample
probe_d3_confirmed,试盘识别-三日确认,large_med_ret_5d,大盘中位涨跌幅,5,10,-2.0059,-0.1182,5,2,6,2,7.4602,5.6116,-1.8486,-4.6689,-4.3907,0.2782,50.0,100.0,-50.0,0,low_sample
probe_d3_confirmed,试盘识别-三日确认,large_med_ret_5d,大盘中位涨跌幅,5,22,-2.0059,-0.1182,5,2,6,2,7.4602,17.716,10.2558,-8.572,7.2492,15.8212,50.0,100.0,-50.0,0,low_sample
stable_capital_callback,资金流回调稳健策略,large_med_ret_5d,大盘中位涨跌幅,5,5,-2.0059,-0.1182,8,11,23,19,6.2361,9.9529,3.7168,1.1826,3.0278,1.8452,20.8333,39.3939,-18.5606,0,low_sample
stable_capital_callback,资金流回调稳健策略,large_med_ret_5d,大盘中位涨跌幅,5,10,-2.0059,-0.1182,8,11,23,19,7.8661,15.6166,7.7505,-0.0912,0.969,1.0602,20.8333,40.9091,-20.0758,0,low_sample
stable_capital_callback,资金流回调稳健策略,large_med_ret_5d,大盘中位涨跌幅,5,22,-2.0059,-0.1182,8,11,23,19,11.4422,21.8629,10.4207,2.5869,1.3124,-1.2745,20.8333,60.6061,-39.7728,0,low_sample
trend_continuation_callback,趋势延续策略,large_med_ret_5d,大盘中位涨跌幅,5,5,-2.0059,-0.1182,1,7,1,8,9.6382,6.8005,-2.8377,1.1276,0.0583,-1.0693,0.0,21.4286,-21.4286,0,low_sample
trend_continuation_callback,趋势延续策略,large_med_ret_5d,大盘中位涨跌幅,5,10,-2.0059,-0.1182,1,7,1,8,9.6382,11.2852,1.647,-0.3334,2.3693,2.7027,0.0,42.8571,-42.8571,0,low_sample
trend_continuation_callback,趋势延续策略,large_med_ret_5d,大盘中位涨跌幅,5,22,-2.0059,-0.1182,1,7,1,8,9.6382,29.1431,19.5049,-0.451,6.2201,6.6711,0.0,85.7143,-85.7143,0,low_sample
ALL,全部来源,large_med_ret_10d,大盘中位涨跌幅,10,5,-3.0822,0.8184,23,23,118,91,7.6838,10.3995,2.7157,-2.2035,3.3089,5.5124,48.7375,29.5445,19.193,1,directional
ALL,全部来源,large_med_ret_10d,大盘中位涨跌幅,10,10,-3.0822,0.8184,23,23,118,91,10.4113,15.583,5.1717,-2.1277,3.488,5.6157,55.2508,43.8509,11.3999,1,directional
ALL,全部来源,large_med_ret_10d,大盘中位涨跌幅,10,22,-3.0822,0.8184,23,23,118,91,17.8077,23.4504,5.6427,3.3794,3.47,0.0906,62.7313,59.9068,2.8245,1,directional
spark_opportunity_selector,星火机会模型,large_med_ret_10d,大盘中位涨跌幅,10,5,-3.0822,0.8184,23,23,65,67,7.9494,11.203,3.2536,-2.2225,4.1114,6.3339,50.0,25.3623,24.6377,1,directional
spark_opportunity_selector,星火机会模型,large_med_ret_10d,大盘中位涨跌幅,10,10,-3.0822,0.8184,23,23,65,67,10.4133,17.0347,6.6214,-2.1678,4.9378,7.1056,58.6957,39.8551,18.8406,1,directional
spark_opportunity_selector,星火机会模型,large_med_ret_10d,大盘中位涨跌幅,10,22,-3.0822,0.8184,23,23,65,67,18.8619,25.262,6.4001,4.9031,4.8223,-0.0808,64.4928,55.7971,8.6957,0,directional
probe_d3_confirmed,试盘识别-三日确认,large_med_ret_10d,大盘中位涨跌幅,10,5,-3.0822,0.8184,4,3,6,3,4.9495,5.1007,0.1512,-2.4157,-2.3685,0.0472,50.0,66.6667,-16.6667,0,low_sample
probe_d3_confirmed,试盘识别-三日确认,large_med_ret_10d,大盘中位涨跌幅,10,10,-3.0822,0.8184,4,3,6,3,8.4035,12.0921,3.6886,-1.8365,3.1592,4.9957,62.5,100.0,-37.5,0,low_sample
probe_d3_confirmed,试盘识别-三日确认,large_med_ret_10d,大盘中位涨跌幅,10,22,-3.0822,0.8184,4,3,6,3,8.4035,20.1617,11.7582,-4.1391,0.0911,4.2302,62.5,100.0,-37.5,0,low_sample
stable_capital_callback,资金流回调稳健策略,large_med_ret_10d,大盘中位涨跌幅,10,5,-3.0822,0.8184,15,7,44,15,5.7142,8.1961,2.4819,-1.8659,1.5561,3.422,43.0556,33.3333,9.7223,1,low_sample
stable_capital_callback,资金流回调稳健策略,large_med_ret_10d,大盘中位涨跌幅,10,10,-3.0822,0.8184,15,7,44,15,8.032,11.9867,3.9547,-2.3394,2.2917,4.6311,46.6667,35.7143,10.9524,1,low_sample
stable_capital_callback,资金流回调稳健策略,large_med_ret_10d,大盘中位涨跌幅,10,22,-3.0822,0.8184,15,7,44,15,11.6893,21.8022,10.1129,-0.134,3.9342,4.0682,55.0,52.381,2.619,1,low_sample
trend_continuation_callback,趋势延续策略,large_med_ret_10d,大盘中位涨跌幅,10,5,-3.0822,0.8184,2,5,3,6,13.0758,5.4909,-7.5849,-3.5306,0.4535,3.9841,50.0,30.0,20.0,0,low_sample
trend_continuation_callback,趋势延续策略,large_med_ret_10d,大盘中位涨跌幅,10,10,-3.0822,0.8184,2,5,3,6,17.7357,9.4571,-8.2786,-3.4204,0.2907,3.7111,50.0,60.0,-10.0,0,low_sample
trend_continuation_callback,趋势延续策略,large_med_ret_10d,大盘中位涨跌幅,10,22,-3.0822,0.8184,2,5,3,6,18.5907,21.9393,3.3486,-7.3151,-1.2067,6.1084,100.0,80.0,20.0,1,low_sample
ALL,全部来源,large_med_ret_20d,大盘中位涨跌幅,20,5,-4.253,0.5461,23,23,121,81,7.6354,11.224,3.5886,0.1614,2.8854,2.724,34.8865,38.1677,-3.2812,0,directional
ALL,全部来源,large_med_ret_20d,大盘中位涨跌幅,20,10,-4.253,0.5461,23,23,121,81,11.3015,15.4288,4.1273,2.188,0.5213,-1.6667,39.8885,51.2422,-11.3537,0,directional
ALL,全部来源,large_med_ret_20d,大盘中位涨跌幅,20,22,-4.253,0.5461,23,23,121,81,22.0059,20.6187,-1.3872,9.5873,-1.651,-11.2383,48.7148,70.9213,-22.2065,0,directional
spark_opportunity_selector,星火机会模型,large_med_ret_20d,大盘中位涨跌幅,20,5,-4.253,0.5461,23,23,68,65,7.9234,11.1778,3.2544,-0.2816,2.4819,2.7635,38.4058,37.6812,0.7246,1,directional
spark_opportunity_selector,星火机会模型,large_med_ret_20d,大盘中位涨跌幅,20,10,-4.253,0.5461,23,23,68,65,11.5487,15.0859,3.5372,1.9539,0.3686,-1.5853,44.2029,52.8985,-8.6956,0,directional
spark_opportunity_selector,星火机会模型,large_med_ret_20d,大盘中位涨跌幅,20,22,-4.253,0.5461,23,23,68,65,23.9155,20.4703,-3.4452,11.929,-0.9156,-12.8446,50.0,70.2899,-20.2899,0,directional
probe_d3_confirmed,试盘识别-三日确认,large_med_ret_20d,大盘中位涨跌幅,20,5,-4.253,0.5461,4,4,5,4,5.6732,4.3587,-1.3145,-0.7136,-5.2637,-4.5501,62.5,75.0,-12.5,0,low_sample
probe_d3_confirmed,试盘识别-三日确认,large_med_ret_20d,大盘中位涨跌幅,20,10,-4.253,0.5461,4,4,5,4,5.6732,9.6022,3.929,-4.967,-3.9571,1.0099,87.5,100.0,-12.5,0,low_sample
probe_d3_confirmed,试盘识别-三日确认,large_med_ret_20d,大盘中位涨跌幅,20,22,-4.253,0.5461,4,4,5,4,5.6732,15.6545,9.9813,-12.4468,-9.5363,2.9105,87.5,100.0,-12.5,0,low_sample
stable_capital_callback,资金流回调稳健策略,large_med_ret_20d,大盘中位涨跌幅,20,5,-4.253,0.5461,15,4,42,7,5.9518,17.4861,11.5343,1.1799,11.0121,9.8322,23.0555,41.6667,-18.6112,0,low_sample
stable_capital_callback,资金流回调稳健策略,large_med_ret_20d,大盘中位涨跌幅,20,10,-4.253,0.5461,15,4,42,7,9.6394,26.1149,16.4755,2.9983,5.4706,2.4723,22.2222,20.8333,1.3889,1,low_sample
stable_capital_callback,资金流回调稳健策略,large_med_ret_20d,大盘中位涨跌幅,20,22,-4.253,0.5461,15,4,42,7,16.4265,28.3043,11.8778,6.3591,-4.4707,-10.8298,35.0,54.1667,-19.1667,0,low_sample
trend_continuation_callback,趋势延续策略,large_med_ret_20d,大盘中位涨跌幅,20,5,-4.253,0.5461,4,5,6,5,10.5708,7.1777,-3.3931,-1.4776,2.3696,3.8472,37.5,20.0,17.5,0,low_sample
trend_continuation_callback,趋势延续策略,large_med_ret_20d,大盘中位涨跌幅,20,10,-4.253,0.5461,4,5,6,5,12.9008,13.0563,0.1555,-3.024,3.4116,6.4356,50.0,40.0,10.0,1,low_sample
trend_continuation_callback,趋势延续策略,large_med_ret_20d,大盘中位涨跌幅,20,22,-4.253,0.5461,4,5,6,5,14.3155,21.474,7.1585,-6.529,-1.1648,5.3642,75.0,80.0,-5.0,0,low_sample
