discovery_date,symbol,rank,setup_score,pre20_return_pct,pre20_super_price_divergence,pre20_main_price_divergence,pre5_return_pct,pre5_super_price_divergence,launch_start_date,launch_end_date,pullback_confirm_date,pullback_confirm_reason,launch3_return_pct,launch3_max_drawdown_pct,launch3_super_net_ratio,launch3_main_net_ratio,launch3_add_buy_ratio,pullback_super_net_ratio,pullback_main_net_ratio,pullback_support_spread_avg,pullback_depth_from_launch_peak_pct,confirm_distribution_score,entry_signal_date,entry_date,gross_entry_price,entry_price,exit_signal_date,exit_date,gross_exit_price,exit_price,return_pct,net_return_pct,max_runup_pct,max_drawdown_pct,holding_days,exit_reason,final_cum_super_amount,final_cum_super_peak_amount,final_cum_super_ratio,final_super_peak_drawdown_pct,final_super_decline_streak,stop_loss_pct,super_peak_drawdown_pct,super_decline_days,daily_super_outflow_cum_amount_ratio,max_holding_days
2026-03-02,sz002558,1,97.6,-19.71,0.18799,0.16851,-11.46,0.10454,2026-03-09,2026-03-11,2026-03-12,pullback_absorption_confirm,6.67,0.0,0.0141,0.07858,1.35171,-0.00662,0.02833,0.12701,-6.62,22.0,2026-03-12,2026-03-13,36.93,37.0223,2026-03-19,2026-03-20,33.0,32.9175,-10.64,-11.09,0.84,-12.73,5,hard_stop_8pct,-139231534.39,0.0,-0.0183,0.0,1,-8.0,0.2,3,0.025,40
2026-03-02,sz002865,3,88.01,-13.46,0.13437,0.11866,-3.69,0.08566,2026-03-04,2026-03-06,2026-03-18,pullback_absorption_confirm,10.07,0.0,0.09893,0.10589,1.6158,0.00725,0.02548,-0.13093,-16.48,38.0,2026-03-18,2026-03-19,83.51,83.7188,2026-03-24,2026-03-25,77.45,77.2564,-7.26,-7.72,9.22,-13.35,4,hard_stop_8pct,-8362860.76,131130728.16,-0.00145,106.38,2,-8.0,0.2,3,0.025,40
2026-03-02,sz002759,5,85.66,-13.18,0.14817,0.1308,-13.51,0.14537,2026-03-09,2026-03-11,2026-03-13,pullback_absorption_confirm,8.02,0.0,0.0105,0.05434,1.40279,0.01403,0.01224,-0.17342,-5.74,38.0,2026-03-13,2026-03-16,36.63,36.7216,2026-03-19,2026-03-20,33.0,32.9175,-9.91,-10.36,5.98,-11.49,4,hard_stop_8pct,-187098967.01,29063021.5,-0.0314,743.77,3,-8.0,0.2,3,0.025,40
2026-03-02,sh600370,7,83.89,-14.23,0.16965,0.12653,-16.73,0.23656,2026-03-05,2026-03-09,2026-03-10,pullback_absorption_confirm,4.09,-0.87,0.01041,0.02154,1.17565,0.01238,-0.03486,0.21601,-8.61,56.92,2026-03-10,2026-03-11,2.25,2.2556,2026-03-18,2026-03-19,3.67,3.6608,63.11,62.3,61.33,-2.67,6,violent_super_outflow,22743398.21,191355720.81,0.0063,88.11,2,-8.0,0.2,3,0.025,40
2026-03-02,sz002326,9,79.4,-9.4,0.09074,0.08799,-14.29,0.14882,2026-03-09,2026-03-11,2026-03-25,pullback_absorption_confirm,4.46,0.0,0.00207,0.02791,1.4102,-0.04771,-0.05288,0.03006,-14.0,22.0,2026-03-25,2026-03-26,22.1,22.1552,2026-04-24,2026-04-24,26.22,26.1545,18.64,18.05,19.91,-1.0,19,window_end,104475174.88,104475174.88,0.00569,0.0,0,-8.0,0.2,3,0.025,40
2026-03-03,sz002558,2,84.61,-21.89,0.2153,0.19874,-5.76,0.04074,2026-03-09,2026-03-11,2026-03-12,pullback_absorption_confirm,6.67,0.0,0.0141,0.07858,1.35171,-0.00662,0.02833,0.12701,-6.62,22.0,2026-03-12,2026-03-13,36.93,37.0223,2026-03-19,2026-03-20,33.0,32.9175,-10.64,-11.09,0.84,-12.73,5,hard_stop_8pct,-139231534.39,0.0,-0.0183,0.0,1,-8.0,0.2,3,0.025,40
2026-03-04,sz001309,4,88.85,-17.8,0.15887,0.16636,-8.79,0.02694,2026-03-04,2026-03-06,2026-03-09,pullback_absorption_confirm,7.77,0.0,0.09847,0.06049,1.90137,0.08069,0.1008,0.10696,-5.15,13.26,2026-03-09,2026-03-10,288.0,288.72,2026-03-11,2026-03-12,299.99,299.24,4.16,3.64,7.52,-2.43,2,violent_super_outflow,-73327467.37,324962671.95,-0.00634,122.56,1,-8.0,0.2,3,0.025,40
2026-03-04,sz002865,6,88.04,-15.89,0.16334,0.14496,-3.66,0.06184,2026-03-04,2026-03-06,2026-03-18,pullback_absorption_confirm,10.07,0.0,0.09893,0.10589,1.6158,0.00725,0.02548,-0.13093,-16.48,38.0,2026-03-18,2026-03-19,83.51,83.7188,2026-03-24,2026-03-25,77.45,77.2564,-7.26,-7.72,9.22,-13.35,4,hard_stop_8pct,-8362860.76,131130728.16,-0.00145,106.38,2,-8.0,0.2,3,0.025,40
2026-03-04,sh601615,7,87.18,-20.86,0.19329,0.1632,-11.15,0.09287,2026-03-06,2026-03-10,2026-03-12,pullback_absorption_confirm,4.79,0.0,0.02402,0.0714,0.88421,0.07436,0.1011,-0.09577,-3.82,50.4,2026-03-12,2026-03-13,22.6,22.6565,2026-03-17,2026-03-18,20.68,20.6283,-8.5,-8.95,2.35,-9.29,3,hard_stop_8pct,140397086.39,140397086.39,0.01973,0.0,0,-8.0,0.2,3,0.025,40
2026-03-04,sz002558,8,85.95,-19.66,0.19376,0.18007,-6.86,0.05781,2026-03-09,2026-03-11,2026-03-12,pullback_absorption_confirm,6.67,0.0,0.0141,0.07858,1.35171,-0.00662,0.02833,0.12701,-6.62,22.0,2026-03-12,2026-03-13,36.93,37.0223,2026-03-19,2026-03-20,33.0,32.9175,-10.64,-11.09,0.84,-12.73,5,hard_stop_8pct,-139231534.39,0.0,-0.0183,0.0,1,-8.0,0.2,3,0.025,40
2026-03-04,sz002654,10,85.01,-14.34,0.1223,0.11205,-13.79,0.08652,2026-03-04,2026-03-06,2026-03-09,pullback_absorption_confirm,9.82,0.0,0.03419,0.04805,1.44689,-0.04653,-0.08389,0.09127,-7.84,55.47,2026-03-09,2026-03-10,14.94,14.9773,2026-03-16,2026-03-17,16.13,16.0897,7.97,7.43,11.78,-0.74,5,cum_super_peak_dd_20pct_3d,264291607.68,388643278.46,0.04279,32.0,3,-8.0,0.2,3,0.025,40
2026-03-05,sh601615,1,97.17,-16.79,0.14875,0.12141,-13.81,0.12665,2026-03-06,2026-03-10,2026-03-12,pullback_absorption_confirm,4.79,0.0,0.02402,0.0714,0.88421,0.07436,0.1011,-0.09577,-3.82,50.4,2026-03-12,2026-03-13,22.6,22.6565,2026-03-17,2026-03-18,20.68,20.6283,-8.5,-8.95,2.35,-9.29,3,hard_stop_8pct,140397086.39,140397086.39,0.01973,0.0,0,-8.0,0.2,3,0.025,40
2026-03-05,sh600602,2,91.75,-11.37,0.10771,0.09775,-7.81,0.12678,2026-03-05,2026-03-09,2026-03-18,pullback_absorption_confirm,12.42,0.0,0.17624,0.14632,2.0526,0.08382,0.10191,-0.01404,-10.06,52.0,2026-03-18,2026-03-19,22.32,22.3758,2026-04-02,2026-04-03,22.71,22.6532,1.75,1.24,7.39,-9.95,11,cum_super_peak_dd_20pct_3d,82371286.14,376853792.26,0.00378,78.14,3,-8.0,0.2,3,0.025,40
2026-03-05,sh600481,6,88.97,-18.14,0.17735,0.15081,-12.87,0.17484,2026-03-06,2026-03-10,2026-03-23,pullback_absorption_confirm,4.05,0.0,-0.00185,0.01005,0.86298,0.04471,0.08925,-0.07614,-16.27,52.0,2026-03-23,2026-03-24,7.3,7.3182,2026-03-31,2026-04-01,6.69,6.6733,-8.36,-8.81,3.84,-10.41,6,hard_stop_8pct,-173770720.79,0.0,-0.03661,0.0,5,-8.0,0.2,3,0.025,40
2026-03-06,sz002165,1,92.48,-13.08,0.13368,0.10041,-13.35,0.1167,2026-03-11,2026-03-13,2026-03-17,pullback_absorption_confirm,6.96,-2.77,0.15161,0.15958,1.60949,0.02484,0.04379,-0.09789,-6.74,37.66,2026-03-17,2026-03-18,12.38,12.4109,2026-03-19,2026-03-20,10.67,10.6433,-13.81,-14.24,0.08,-10.42,2,hard_stop_8pct,-197579035.04,0.0,-0.0507,0.0,1,-8.0,0.2,3,0.025,40
2026-03-06,sz002558,10,85.31,-19.33,0.19238,0.18067,-4.37,0.05363,2026-03-09,2026-03-11,2026-03-12,pullback_absorption_confirm,6.67,0.0,0.0141,0.07858,1.35171,-0.00662,0.02833,0.12701,-6.62,22.0,2026-03-12,2026-03-13,36.93,37.0223,2026-03-19,2026-03-20,33.0,32.9175,-10.64,-11.09,0.84,-12.73,5,hard_stop_8pct,-139231534.39,0.0,-0.0183,0.0,1,-8.0,0.2,3,0.025,40
2026-03-09,sz002565,5,86.97,-12.87,0.1268,0.09753,-10.62,0.0501,2026-03-13,2026-03-17,2026-03-18,pullback_absorption_confirm,11.75,0.0,0.28902,0.19103,2.35126,0.17368,0.16113,0.46833,-3.8,12.0,2026-03-18,2026-03-19,16.53,16.5713,2026-03-26,2026-03-27,14.2,14.1645,-14.1,-14.52,5.75,-11.07,6,hard_stop_8pct,140168543.48,853986635.16,0.00507,83.59,3,-8.0,0.2,3,0.025,40
2026-03-09,sz002558,9,82.23,-16.04,0.15984,0.14686,-3.71,0.0465,2026-03-09,2026-03-11,2026-03-12,pullback_absorption_confirm,6.67,0.0,0.0141,0.07858,1.35171,-0.00662,0.02833,0.12701,-6.62,22.0,2026-03-12,2026-03-13,36.93,37.0223,2026-03-19,2026-03-20,33.0,32.9175,-10.64,-11.09,0.84,-12.73,5,hard_stop_8pct,-139231534.39,0.0,-0.0183,0.0,1,-8.0,0.2,3,0.025,40
2026-03-10,sz001270,8,81.68,-27.06,0.23279,0.18799,-11.32,0.03619,2026-03-17,2026-03-19,2026-03-26,pullback_absorption_confirm,6.79,0.0,0.0412,0.02593,1.61634,0.01249,0.0393,0.03087,-16.87,22.0,2026-03-26,2026-03-27,105.01,105.2725,2026-03-31,2026-04-01,114.2,113.9145,8.75,8.21,8.98,-4.01,3,violent_super_outflow,-50546104.2,41359518.2,-0.02266,222.21,1,-8.0,0.2,3,0.025,40
2026-03-11,sz002512,1,92.13,-27.5,0.27746,0.25774,-18.57,0.5702,2026-03-11,2026-03-13,2026-03-16,pullback_absorption_confirm,5.56,0.0,-0.00164,0.04762,1.44278,0.06115,0.19953,0.58161,-6.5,12.0,2026-03-16,2026-03-17,4.79,4.802,2026-03-18,2026-03-19,4.23,4.2194,-11.69,-12.13,1.04,-8.98,2,hard_stop_8pct,-165411490.32,0.0,-0.17005,0.0,1,-8.0,0.2,3,0.025,40
2026-03-11,sz002165,7,70.5,-17.28,0.16585,0.13009,3.64,0.02224,2026-03-11,2026-03-13,2026-03-17,pullback_absorption_confirm,6.96,-2.77,0.15161,0.15958,1.60949,0.02484,0.04379,-0.09789,-6.74,37.66,2026-03-17,2026-03-18,12.38,12.4109,2026-03-19,2026-03-20,10.67,10.6433,-13.81,-14.24,0.08,-10.42,2,hard_stop_8pct,-197579035.04,0.0,-0.0507,0.0,1,-8.0,0.2,3,0.025,40
2026-03-11,sh603737,10,70.27,-15.07,0.13427,0.14042,-4.76,0.03559,2026-03-12,2026-03-16,2026-03-18,pullback_absorption_confirm,4.46,0.0,0.02004,0.02867,0.91286,-0.00342,0.01927,-0.05196,-4.29,44.31,2026-03-18,2026-03-19,49.26,49.3831,2026-04-07,2026-04-08,51.09,50.9623,3.71,3.2,8.36,-5.58,13,cum_super_peak_dd_20pct_3d,-9017983.0,3714702.0,-0.00406,342.76,3,-8.0,0.2,3,0.025,40
2026-03-12,sh603992,4,75.84,-29.54,0.25729,0.23153,-6.64,0.06286,2026-03-13,2026-03-17,2026-03-18,pullback_absorption_confirm,4.03,-5.69,0.05826,0.08996,1.42499,0.02406,0.16161,0.19614,-4.74,36.0,2026-03-18,2026-03-19,32.48,32.5612,2026-03-30,2026-03-31,34.52,34.4337,6.28,5.75,20.75,-3.63,8,cum_super_peak_dd_20pct_3d,4902067.36,17161628.6,0.00198,71.44,3,-8.0,0.2,3,0.025,40
2026-03-12,sh601015,6,72.38,-7.48,0.0889,0.07442,-7.66,0.04572,2026-03-17,2026-03-19,2026-03-20,pullback_absorption_confirm,5.76,-3.91,0.14028,0.11488,1.60454,0.01087,0.04743,-0.0214,-5.0,33.34,2026-03-20,2026-03-23,5.64,5.6541,2026-03-26,2026-03-27,5.04,5.0274,-10.64,-11.08,4.26,-11.88,4,hard_stop_8pct,-144589154.54,0.0,-0.02873,0.0,3,-8.0,0.2,3,0.025,40
2026-03-13,sh605499,5,81.6,-17.74,0.17655,0.17287,-3.68,0.04127,2026-03-13,2026-03-17,2026-03-18,pullback_absorption_confirm,4.59,-0.56,0.02275,0.07377,1.11988,-0.01221,-0.03444,0.05788,-4.35,56.66,2026-03-18,2026-03-19,232.52,233.1013,2026-03-31,2026-04-01,207.91,207.3902,-10.58,-11.03,0.61,-11.74,9,hard_stop_8pct,65168928.46,65168928.46,0.01221,0.0,0,-8.0,0.2,3,0.025,40
2026-03-16,sz002517,1,96.88,-15.52,0.16693,0.15401,-9.95,0.09674,2026-03-23,2026-03-25,2026-03-26,pullback_absorption_confirm,5.08,0.0,0.01554,0.01141,1.41238,0.07551,0.01828,-0.03808,-4.2,35.71,2026-03-26,2026-03-27,17.69,17.7342,2026-03-30,2026-03-31,17.92,17.8752,1.3,0.79,3.79,-0.23,2,violent_super_outflow,49377363.12,85640208.67,0.04102,42.34,1,-8.0,0.2,3,0.025,40
2026-03-16,sz002565,4,83.41,-27.92,0.24983,0.21188,-9.41,0.05722,2026-03-16,2026-03-18,2026-03-23,pullback_absorption_confirm,20.97,0.0,0.26194,0.22229,2.07163,0.2581,0.24764,1.68225,-7.09,22.0,2026-03-23,2026-03-24,17.31,17.3533,2026-03-26,2026-03-27,14.2,14.1645,-17.97,-18.38,0.81,-15.08,3,hard_stop_8pct,-713818091.68,0.0,-0.05273,0.0,2,-8.0,0.2,3,0.025,40
2026-03-16,sz002131,9,79.15,-10.94,0.10107,0.06719,-10.22,0.04762,2026-03-23,2026-03-25,2026-03-27,pullback_absorption_confirm,7.53,0.0,0.02853,0.0323,1.46087,0.00786,0.02824,-0.24745,-5.16,38.0,2026-03-27,2026-03-30,7.59,7.609,2026-04-03,2026-04-07,7.2,7.182,-5.14,-5.61,6.85,-6.32,5,cum_super_peak_dd_20pct_3d,-411615264.51,48362680.58,-0.02568,951.1,3,-8.0,0.2,3,0.025,40
2026-03-16,sz002519,10,79.12,-13.36,0.12828,0.10137,-8.92,0.07033,2026-03-20,2026-03-24,2026-03-27,pullback_absorption_confirm,4.49,-5.01,0.13957,0.08579,2.25421,0.04677,0.05495,-0.25756,-3.98,38.0,2026-03-27,2026-03-30,8.14,8.1603,2026-04-03,2026-04-07,7.83,7.8104,-3.81,-4.29,9.95,-6.76,5,cum_super_peak_dd_20pct_3d,19779920.52,61528634.36,0.00422,67.85,3,-8.0,0.2,3,0.025,40
2026-03-17,sz002517,1,100.0,-21.33,0.22519,0.21033,-11.35,0.11441,2026-03-23,2026-03-25,2026-03-26,pullback_absorption_confirm,5.08,0.0,0.01554,0.01141,1.41238,0.07551,0.01828,-0.03808,-4.2,35.71,2026-03-26,2026-03-27,17.69,17.7342,2026-03-30,2026-03-31,17.92,17.8752,1.3,0.79,3.79,-0.23,2,violent_super_outflow,49377363.12,85640208.67,0.04102,42.34,1,-8.0,0.2,3,0.025,40
2026-03-17,sh600481,3,95.4,-31.89,0.30029,0.26474,-11.29,0.09047,2026-03-19,2026-03-23,2026-04-08,pullback_absorption_confirm,4.81,0.0,0.03287,0.05223,0.90414,0.00957,0.00393,-0.03021,-16.89,52.0,2026-04-08,2026-04-09,6.48,6.4962,2026-04-24,2026-04-24,6.34,6.3242,-2.16,-2.65,4.01,-3.7,10,window_end,-164854151.18,0.0,-0.04478,0.0,4,-8.0,0.2,3,0.025,40
2026-03-17,sh603881,4,92.97,-14.58,0.13236,0.11604,-9.55,0.06407,2026-03-17,2026-03-19,2026-03-25,pullback_absorption_confirm,12.38,0.0,0.09605,0.07419,1.83128,0.03082,0.04516,-0.07034,-14.55,52.0,2026-03-25,2026-03-26,37.92,38.0148,2026-04-20,2026-04-21,39.25,39.1519,3.51,2.99,9.97,-6.12,16,cum_super_peak_dd_20pct_3d,-196583335.99,480875922.71,-0.00507,140.88,3,-8.0,0.2,3,0.025,40
2026-03-17,sz002565,5,89.19,-19.03,0.15711,0.11299,-8.03,0.0521,2026-03-17,2026-03-19,2026-03-23,pullback_absorption_confirm,16.42,0.0,0.13648,0.12469,1.73877,0.2581,0.24764,1.68225,-13.84,22.0,2026-03-23,2026-03-24,17.31,17.3533,2026-03-26,2026-03-27,14.2,14.1645,-17.97,-18.38,0.81,-15.08,3,hard_stop_8pct,-713818091.68,0.0,-0.05273,0.0,2,-8.0,0.2,3,0.025,40
2026-03-17,sz000506,6,88.96,-11.16,0.10792,0.08946,-14.51,0.12078,2026-03-23,2026-03-25,2026-03-30,pullback_absorption_confirm,7.85,0.0,0.02236,0.01887,1.3595,0.00399,0.02404,0.03746,-7.62,12.0,2026-03-30,2026-03-31,17.19,17.233,2026-04-14,2026-04-15,17.66,17.6159,2.73,2.22,14.72,-4.89,10,cum_super_peak_dd_20pct_3d,67885297.95,198019495.07,0.00878,65.72,3,-8.0,0.2,3,0.025,40
2026-03-17,sh605376,7,88.95,-17.11,0.1801,0.15216,-7.76,0.05268,2026-03-23,2026-03-25,2026-03-26,pullback_absorption_confirm,6.48,0.0,0.02705,0.02205,1.09117,-0.00585,0.0414,-0.02716,-5.49,40.9,2026-03-26,2026-03-27,89.6,89.824,2026-04-24,2026-04-24,118.01,117.715,31.71,31.05,41.74,-1.5,18,window_end,250650574.58,266367522.12,0.01451,5.9,0,-8.0,0.2,3,0.025,40
2026-03-17,sh600031,8,88.87,-12.32,0.12697,0.12237,-5.49,0.06739,2026-03-23,2026-03-25,2026-03-31,pullback_absorption_confirm,5.79,0.0,-0.0161,0.02908,0.9411,0.02805,0.06866,-0.01053,-6.29,52.0,2026-03-31,2026-04-01,19.8,19.8495,2026-04-14,2026-04-15,20.96,20.9076,5.86,5.33,6.01,-1.77,9,cum_super_peak_dd_20pct_3d,206964275.49,382924769.9,0.01561,45.95,3,-8.0,0.2,3,0.025,40
2026-03-17,sz002218,9,88.85,-21.45,0.19121,0.16572,-10.49,0.07552,2026-03-19,2026-03-23,2026-03-31,pullback_absorption_confirm,10.57,0.0,0.24625,0.24458,2.07042,0.19144,0.16764,0.97974,-8.95,25.57,2026-03-31,2026-04-01,6.87,6.8872,2026-04-03,2026-04-07,5.75,5.7356,-16.3,-16.72,0.15,-14.26,3,hard_stop_8pct,-345378497.25,0.0,-0.07631,0.0,2,-8.0,0.2,3,0.025,40
2026-03-17,sh603979,10,87.84,-17.77,0.17274,0.15277,-9.79,0.08816,2026-03-23,2026-03-25,2026-03-26,pullback_absorption_confirm,11.51,0.0,0.03147,0.07667,0.88665,-0.06094,-0.02176,0.0332,-7.08,48.25,2026-03-26,2026-03-27,56.49,56.6312,2026-04-24,2026-04-24,62.51,62.3537,10.66,10.1,16.92,-2.25,18,window_end,41981932.2,60777616.0,0.0044,30.93,0,-8.0,0.2,3,0.025,40
2026-03-18,sz002361,1,95.03,-14.41,0.15323,0.12725,-10.91,0.12531,2026-03-24,2026-03-26,2026-03-27,pullback_absorption_confirm,11.71,0.0,0.13814,0.13531,1.83646,0.26169,0.23961,1.31472,-3.15,21.76,2026-03-27,2026-03-30,13.37,13.4034,2026-04-24,2026-04-24,21.46,21.4064,60.51,59.71,78.01,-1.2,17,window_end,3360041462.61,3486076343.37,0.03793,3.62,1,-8.0,0.2,3,0.025,40
2026-03-18,sz000425,3,94.22,-10.74,0.12489,0.1304,-12.2,0.1378,2026-03-23,2026-03-25,2026-03-27,pullback_absorption_confirm,4.97,0.0,0.01469,0.06644,1.44632,0.0096,0.13282,0.11549,-5.88,12.0,2026-03-27,2026-03-30,10.15,10.1754,2026-04-13,2026-04-14,10.53,10.5037,3.74,3.23,7.68,-3.65,10,cum_super_peak_dd_20pct_3d,-86107686.03,29687410.6,-0.00891,390.05,3,-8.0,0.2,3,0.025,40
2026-03-18,sh600031,4,92.39,-13.21,0.14152,0.13563,-6.74,0.08478,2026-03-23,2026-03-25,2026-03-31,pullback_absorption_confirm,5.79,0.0,-0.0161,0.02908,0.9411,0.02805,0.06866,-0.01053,-6.29,52.0,2026-03-31,2026-04-01,19.8,19.8495,2026-04-14,2026-04-15,20.96,20.9076,5.86,5.33,6.01,-1.77,9,cum_super_peak_dd_20pct_3d,206964275.49,382924769.9,0.01561,45.95,3,-8.0,0.2,3,0.025,40
2026-03-18,sh601168,6,92.06,-14.24,0.124,0.12538,-10.11,0.0623,2026-03-23,2026-03-25,2026-03-27,pullback_absorption_confirm,7.09,0.0,0.0313,0.01574,0.84205,0.0324,0.03364,0.01585,-7.97,29.11,2026-03-27,2026-03-30,25.07,25.1327,2026-04-24,2026-04-24,29.08,29.0073,16.0,15.42,20.46,-1.28,17,window_end,396063747.28,396063747.28,0.01814,0.0,0,-8.0,0.2,3,0.025,40
2026-03-18,sh603979,7,91.96,-22.43,0.22041,0.20209,-10.76,0.10209,2026-03-23,2026-03-25,2026-03-26,pullback_absorption_confirm,11.51,0.0,0.03147,0.07667,0.88665,-0.06094,-0.02176,0.0332,-7.08,48.25,2026-03-26,2026-03-27,56.49,56.6312,2026-04-24,2026-04-24,62.51,62.3537,10.66,10.1,16.92,-2.25,18,window_end,41981932.2,60777616.0,0.0044,30.93,0,-8.0,0.2,3,0.025,40
2026-03-18,sh603881,8,91.89,-16.14,0.13954,0.12148,-8.83,0.0591,2026-03-23,2026-03-25,2026-03-27,pullback_absorption_confirm,8.5,0.0,0.01622,0.02288,0.91556,0.01816,-0.02839,0.00248,-7.93,53.03,2026-03-27,2026-03-30,36.35,36.4409,2026-04-20,2026-04-21,39.25,39.1519,7.98,7.44,14.72,-2.06,14,cum_super_peak_dd_20pct_3d,-148799518.77,528659739.93,-0.00421,128.15,3,-8.0,0.2,3,0.025,40
2026-03-18,sh603993,10,89.92,-16.33,0.12998,0.10454,-9.59,0.04563,2026-03-23,2026-03-25,2026-03-27,pullback_absorption_confirm,8.49,0.0,0.03712,0.0148,0.86978,0.04637,0.06506,-0.0655,-6.72,46.48,2026-03-27,2026-03-30,17.25,17.2931,2026-04-21,2026-04-23,20.25,20.1994,17.39,16.81,19.71,-1.62,15,cum_super_peak_dd_20pct_3d,612210103.18,1003205828.5,0.00915,38.97,3,-8.0,0.2,3,0.025,40
2026-03-19,sh603979,1,92.67,-23.83,0.23254,0.21691,-9.6,0.08473,2026-03-23,2026-03-25,2026-03-26,pullback_absorption_confirm,11.51,0.0,0.03147,0.07667,0.88665,-0.06094,-0.02176,0.0332,-7.08,48.25,2026-03-26,2026-03-27,56.49,56.6312,2026-04-24,2026-04-24,62.51,62.3537,10.66,10.1,16.92,-2.25,18,window_end,41981932.2,60777616.0,0.0044,30.93,0,-8.0,0.2,3,0.025,40
2026-03-19,sz000425,2,88.04,-11.67,0.13694,0.14148,-6.28,0.07891,2026-03-23,2026-03-25,2026-03-27,pullback_absorption_confirm,4.97,0.0,0.01469,0.06644,1.44632,0.0096,0.13282,0.11549,-5.88,12.0,2026-03-27,2026-03-30,10.15,10.1754,2026-04-13,2026-04-14,10.53,10.5037,3.74,3.23,7.68,-3.65,10,cum_super_peak_dd_20pct_3d,-86107686.03,29687410.6,-0.00891,390.05,3,-8.0,0.2,3,0.025,40
2026-03-19,sz002493,4,86.96,-15.66,0.1646,0.14271,-7.54,0.09298,2026-03-23,2026-03-25,2026-03-26,pullback_absorption_confirm,5.85,0.0,0.02287,0.03691,1.42405,0.02705,0.00266,-0.04039,-3.45,36.54,2026-03-26,2026-03-27,11.68,11.7092,2026-04-24,2026-04-24,12.11,12.0797,3.68,3.16,11.99,-0.86,18,window_end,-106725653.87,81560617.58,-0.00966,230.85,2,-8.0,0.2,3,0.025,40
2026-03-19,sh601168,5,83.48,-17.45,0.15629,0.15131,-9.85,0.06603,2026-03-23,2026-03-25,2026-03-27,pullback_absorption_confirm,7.09,0.0,0.0313,0.01574,0.84205,0.0324,0.03364,0.01585,-7.97,29.11,2026-03-27,2026-03-30,25.07,25.1327,2026-04-24,2026-04-24,29.08,29.0073,16.0,15.42,20.46,-1.28,17,window_end,396063747.28,396063747.28,0.01814,0.0,0,-8.0,0.2,3,0.025,40
2026-03-19,sh603799,8,82.47,-19.31,0.17972,0.17189,-10.16,0.06077,2026-03-23,2026-03-25,2026-03-27,pullback_absorption_confirm,6.11,0.0,0.00089,0.01811,0.90251,0.04919,0.08284,-0.02032,-3.52,33.32,2026-03-27,2026-03-30,59.0,59.1475,2026-04-20,2026-04-21,66.45,66.2839,12.63,12.07,16.61,-2.88,14,cum_super_peak_dd_20pct_3d,-502640511.06,238650310.79,-0.00851,310.62,3,-8.0,0.2,3,0.025,40
2026-03-20,sz002407,1,98.9,-15.81,0.15322,0.13854,-16.82,0.13866,2026-03-24,2026-03-26,2026-03-27,pullback_absorption_confirm,5.74,0.0,0.01865,0.03076,1.37507,0.07595,0.0877,-0.133,-6.79,38.0,2026-03-27,2026-03-30,28.46,28.5312,2026-04-24,2026-04-24,33.04,32.9574,16.09,15.51,16.09,-6.68,17,window_end,1326394724.5,1326394724.5,0.03104,0.0,0,-8.0,0.2,3,0.025,40
2026-03-20,sh603799,2,98.31,-22.06,0.20164,0.18571,-15.44,0.10293,2026-03-23,2026-03-25,2026-03-27,pullback_absorption_confirm,6.11,0.0,0.00089,0.01811,0.90251,0.04919,0.08284,-0.02032,-3.52,33.32,2026-03-27,2026-03-30,59.0,59.1475,2026-04-20,2026-04-21,66.45,66.2839,12.63,12.07,16.61,-2.88,14,cum_super_peak_dd_20pct_3d,-502640511.06,238650310.79,-0.00851,310.62,3,-8.0,0.2,3,0.025,40
2026-03-20,sh601168,3,96.62,-18.14,0.16236,0.15322,-12.99,0.09814,2026-03-23,2026-03-25,2026-03-27,pullback_absorption_confirm,7.09,0.0,0.0313,0.01574,0.84205,0.0324,0.03364,0.01585,-7.97,29.11,2026-03-27,2026-03-30,25.07,25.1327,2026-04-24,2026-04-24,29.08,29.0073,16.0,15.42,20.46,-1.28,17,window_end,396063747.28,396063747.28,0.01814,0.0,0,-8.0,0.2,3,0.025,40
2026-03-20,sz000425,5,94.84,-13.06,0.14817,0.15608,-9.37,0.07908,2026-03-23,2026-03-25,2026-03-27,pullback_absorption_confirm,4.97,0.0,0.01469,0.06644,1.44632,0.0096,0.13282,0.11549,-5.88,12.0,2026-03-27,2026-03-30,10.15,10.1754,2026-04-13,2026-04-14,10.53,10.5037,3.74,3.23,7.68,-3.65,10,cum_super_peak_dd_20pct_3d,-86107686.03,29687410.6,-0.00891,390.05,3,-8.0,0.2,3,0.025,40
2026-03-20,sh600711,7,93.55,-26.59,0.22401,0.17862,-13.77,0.09428,2026-03-24,2026-03-26,2026-03-27,pullback_absorption_confirm,5.14,-1.23,0.04477,0.04169,0.8373,0.06634,0.08326,-0.09764,-4.37,51.62,2026-03-27,2026-03-30,12.18,12.2104,2026-04-13,2026-04-14,14.51,14.4737,19.13,18.54,19.87,-1.07,10,cum_super_peak_dd_20pct_3d,148061207.52,402653840.09,0.0083,63.23,3,-8.0,0.2,3,0.025,40
2026-03-20,sh603979,9,93.12,-25.17,0.24453,0.23026,-12.31,0.1256,2026-03-23,2026-03-25,2026-03-26,pullback_absorption_confirm,11.51,0.0,0.03147,0.07667,0.88665,-0.06094,-0.02176,0.0332,-7.08,48.25,2026-03-26,2026-03-27,56.49,56.6312,2026-04-24,2026-04-24,62.51,62.3537,10.66,10.1,16.92,-2.25,18,window_end,41981932.2,60777616.0,0.0044,30.93,0,-8.0,0.2,3,0.025,40
2026-03-23,sz002342,1,98.7,-37.41,0.36664,0.32974,-15.93,0.17973,2026-03-26,2026-03-30,2026-04-08,pullback_absorption_confirm,7.03,0.0,0.02466,0.04421,1.40174,0.13847,0.11828,0.44592,-4.94,12.0,2026-04-08,2026-04-09,14.51,14.5463,2026-04-24,2026-04-24,19.05,19.0024,31.29,30.63,47.62,0.0,10,window_end,2509997115.19,2509997115.19,0.05336,0.0,0,-8.0,0.2,3,0.025,40
2026-03-23,sz002379,3,96.99,-13.74,0.1335,0.12606,-14.53,0.14885,2026-03-23,2026-03-25,2026-03-27,pullback_absorption_confirm,5.13,0.0,-0.00775,0.03629,1.36014,0.04986,0.02947,-0.10309,-3.87,38.0,2026-03-27,2026-03-30,28.04,28.1101,2026-04-09,2026-04-10,29.67,29.5958,5.81,5.29,6.7,-5.96,8,cum_super_peak_dd_20pct_3d,57087771.46,105305160.87,0.01176,45.79,3,-8.0,0.2,3,0.025,40
2026-03-23,sh600141,4,96.87,-17.72,0.1677,0.17031,-14.77,0.10727,2026-03-26,2026-03-30,2026-03-31,pullback_absorption_confirm,5.15,0.0,0.03016,0.05316,0.85337,0.00895,-0.07353,0.09253,-4.32,69.76,2026-03-31,2026-04-01,33.99,34.075,2026-04-24,2026-04-24,33.02,32.9375,-2.85,-3.34,0.56,-10.97,15,window_end,-89422735.48,0.0,-0.00731,0.0,0,-8.0,0.2,3,0.025,40
2026-03-23,sz002558,8,92.77,-23.34,0.22829,0.22179,-8.25,0.05675,2026-03-30,2026-04-01,2026-04-02,pullback_absorption_confirm,10.37,0.0,0.02448,0.02102,1.82844,0.03691,0.08709,-0.04879,-3.4,29.56,2026-04-02,2026-04-03,34.66,34.7466,2026-04-13,2026-04-14,31.94,31.8602,-7.85,-8.31,2.42,-10.24,6,hard_stop_8pct,-177882409.43,158641013.41,-0.01326,212.13,3,-8.0,0.2,3,0.025,40
2026-03-23,sz002270,9,92.39,-21.78,0.22248,0.20914,-11.75,0.09073,2026-03-23,2026-03-25,2026-03-26,pullback_absorption_confirm,4.21,0.0,0.01235,0.00131,1.34738,-0.01973,-0.08855,0.04929,-4.46,58.17,2026-03-26,2026-03-27,26.88,26.9472,2026-04-07,2026-04-08,27.5,27.4313,2.31,1.8,3.79,-3.24,7,cum_super_peak_dd_20pct_3d,-13682603.23,5823474.77,-0.00739,334.96,3,-8.0,0.2,3,0.025,40
2026-03-23,sz000703,10,92.31,-19.1,0.22412,0.23268,-11.15,0.08964,2026-03-23,2026-03-25,2026-03-27,pullback_absorption_confirm,8.11,0.0,0.05098,0.0645,1.93535,0.03051,0.08327,-0.12498,-5.41,48.0,2026-03-27,2026-03-30,12.67,12.7017,2026-04-21,2026-04-23,15.0,14.9625,18.39,17.8,35.75,-5.29,15,cum_super_peak_dd_20pct_3d,102186693.33,222978006.39,0.0075,54.17,3,-8.0,0.2,3,0.025,40
2026-03-24,sh600547,1,100.0,-21.26,0.19105,0.17184,-16.76,0.11887,2026-03-26,2026-03-30,2026-04-02,pullback_absorption_confirm,6.99,0.0,0.02424,0.04068,0.9068,-0.08786,-0.14674,0.06143,-4.1,68.84,2026-04-02,2026-04-03,40.02,40.12,2026-04-14,2026-04-15,40.0,39.9,-0.05,-0.55,7.4,-2.55,7,cum_super_peak_dd_20pct_3d,-58560586.8,129671888.57,-0.00522,145.16,3,-8.0,0.2,3,0.025,40
2026-03-24,sz000960,2,100.0,-17.91,0.16487,0.15102,-13.83,0.11328,2026-03-26,2026-03-30,2026-04-01,pullback_absorption_confirm,4.44,-0.06,0.01047,0.04285,1.4084,0.03947,0.02123,-0.05864,-5.39,34.42,2026-04-01,2026-04-02,32.0,32.08,2026-04-13,2026-04-14,34.0,33.915,6.25,5.72,4.94,-5.5,7,cum_super_peak_dd_20pct_3d,-86862246.16,13419330.33,-0.00991,747.29,3,-8.0,0.2,3,0.025,40
2026-03-24,sz002155,4,100.0,-19.25,0.16267,0.15046,-13.47,0.11014,2026-03-26,2026-03-30,2026-04-08,pullback_absorption_confirm,8.07,0.0,0.02109,0.05127,1.36998,0.04097,0.05433,0.23238,-5.67,12.0,2026-04-08,2026-04-09,30.88,30.9572,2026-04-13,2026-04-14,30.0,29.925,-2.85,-3.33,1.88,-4.57,3,violent_super_outflow,-290482167.58,2048264.66,-0.04934,14281.87,2,-8.0,0.2,3,0.025,40
2026-03-25,sz000960,4,99.33,-22.13,0.20524,0.18974,-10.62,0.09367,2026-03-26,2026-03-30,2026-04-01,pullback_absorption_confirm,4.44,-0.06,0.01047,0.04285,1.4084,0.03947,0.02123,-0.05864,-5.39,34.42,2026-04-01,2026-04-02,32.0,32.08,2026-04-13,2026-04-14,34.0,33.915,6.25,5.72,4.94,-5.5,7,cum_super_peak_dd_20pct_3d,-86862246.16,13419330.33,-0.00991,747.29,3,-8.0,0.2,3,0.025,40
2026-03-25,sz002455,5,99.26,-16.2,0.15293,0.13333,-14.29,0.11176,2026-03-25,2026-03-27,2026-03-30,pullback_absorption_confirm,15.56,0.0,0.09543,0.12557,1.59403,0.02336,-0.00296,-0.01102,-3.4,17.75,2026-03-30,2026-03-31,14.89,14.9272,2026-04-01,2026-04-02,13.84,13.8054,-7.05,-7.52,2.62,-7.32,2,violent_super_outflow,-138915049.71,53067498.71,-0.03457,361.77,1,-8.0,0.2,3,0.025,40
2026-03-26,sz001270,1,92.84,-26.75,0.22577,0.19168,-11.08,0.05947,2026-03-30,2026-04-01,2026-04-08,pullback_absorption_confirm,6.65,0.0,0.00063,0.00849,1.53577,0.05282,0.01182,0.34668,-6.7,22.0,2026-04-08,2026-04-09,120.56,120.8614,2026-04-24,2026-04-24,154.0,153.615,27.74,27.1,33.53,-2.36,10,cum_super_peak_dd_20pct_3d,-138914812.32,53815459.12,-0.0147,358.13,3,-8.0,0.2,3,0.025,40
2026-03-26,sz002342,5,87.81,-23.31,0.22669,0.19048,-6.75,0.05663,2026-03-26,2026-03-30,2026-04-08,pullback_absorption_confirm,7.03,0.0,0.02466,0.04421,1.40174,0.13847,0.11828,0.44592,-4.94,12.0,2026-04-08,2026-04-09,14.51,14.5463,2026-04-24,2026-04-24,19.05,19.0024,31.29,30.63,47.62,0.0,10,window_end,2509997115.19,2509997115.19,0.05336,0.0,0,-8.0,0.2,3,0.025,40
2026-03-26,sz002149,7,84.39,-15.78,0.16477,0.14531,-3.43,0.04035,2026-03-26,2026-03-30,2026-03-31,pullback_absorption_confirm,13.71,0.0,0.10367,0.07465,1.57525,0.00836,-0.00846,-0.2706,-6.1,43.08,2026-03-31,2026-04-01,51.55,51.6789,2026-04-03,2026-04-07,47.48,47.3613,-7.9,-8.35,0.99,-9.02,3,hard_stop_8pct,53962382.15,101033499.05,0.0059,46.59,1,-8.0,0.2,3,0.025,40
2026-03-26,sh600343,8,82.65,-16.46,0.17168,0.15265,-5.24,0.0383,2026-03-26,2026-03-30,2026-04-14,pullback_absorption_confirm,9.99,0.0,0.18189,0.14945,1.91393,0.03889,0.02928,-0.06618,-6.2,36.88,2026-04-14,2026-04-15,33.98,34.0649,2026-04-24,2026-04-24,35.01,34.9225,3.03,2.52,12.42,-0.03,6,cum_super_peak_dd_20pct_3d,-166374602.58,93640010.55,-0.01276,277.67,3,-8.0,0.2,3,0.025,40
2026-03-27,sh603358,1,100.0,-41.35,0.26967,0.32454,-34.91,0.09105,2026-03-27,2026-03-31,2026-04-02,pullback_absorption_confirm,13.86,0.0,0.05262,0.04889,1.12787,-0.01348,-0.02078,0.04969,-5.64,49.93,2026-04-02,2026-04-03,36.0,36.09,2026-04-15,2026-04-17,34.48,34.3938,-4.22,-4.7,1.69,-11.94,8,hard_stop_8pct,-5571634.04,80807978.46,-0.00147,106.89,3,-8.0,0.2,3,0.025,40
2026-03-27,sz000510,4,92.28,-31.46,0.30156,0.28498,-8.32,0.07254,2026-04-03,2026-04-08,2026-04-09,pullback_absorption_confirm,11.65,0.0,0.0361,0.08389,1.48237,-0.07611,-0.09133,0.10583,-5.59,48.61,2026-04-09,2026-04-10,15.36,15.3984,2026-04-23,2026-04-24,13.42,13.3864,-12.63,-13.07,2.93,-13.09,8,hard_stop_8pct,-192262784.74,0.0,-0.03507,0.0,5,-8.0,0.2,3,0.025,40
2026-03-27,sz000960,5,91.95,-29.89,0.28353,0.26742,-4.66,0.06938,2026-04-03,2026-04-08,2026-04-09,pullback_absorption_confirm,10.43,0.0,0.02601,0.03432,1.34592,-0.00914,-0.02311,0.09083,-4.26,25.87,2026-04-09,2026-04-10,33.02,33.1026,2026-04-24,2026-04-24,37.94,37.8451,14.9,14.33,25.02,-2.3,9,window_end,54801198.48,335186981.55,0.00249,83.65,0,-8.0,0.2,3,0.025,40
2026-03-27,sh600703,10,86.95,-22.69,0.22102,0.19128,-21.95,0.14701,2026-04-03,2026-04-08,2026-04-17,pullback_absorption_confirm,6.52,0.0,0.00624,0.01627,0.82688,0.02312,0.01417,-0.0058,-8.62,50.53,2026-04-17,2026-04-20,13.49,13.5237,2026-04-24,2026-04-24,15.11,15.0722,12.01,11.45,19.05,-1.11,4,window_end,-700009806.34,0.0,-0.03018,0.0,1,-8.0,0.2,3,0.025,40
2026-03-30,sh603358,1,100.0,-38.35,0.27272,0.31656,-24.81,0.11161,2026-03-30,2026-04-01,2026-04-02,pullback_absorption_confirm,8.04,0.0,0.03618,0.0306,1.09535,-0.04108,-0.02327,0.09577,-7.38,49.93,2026-04-02,2026-04-03,36.0,36.09,2026-04-15,2026-04-17,34.48,34.3938,-4.22,-4.7,1.69,-11.94,8,hard_stop_8pct,-5571634.04,80807978.46,-0.00147,106.89,3,-8.0,0.2,3,0.025,40
2026-03-30,sz002796,4,79.05,-19.93,0.17184,0.17172,-9.95,-0.00529,2026-04-01,2026-04-03,2026-04-07,pullback_absorption_confirm,7.82,-1.98,0.05568,0.06048,1.81807,-0.02734,0.0637,0.01178,-5.93,22.0,2026-04-07,2026-04-08,50.0,50.125,2026-04-09,2026-04-10,50.88,50.7528,1.76,1.25,3.84,-2.24,2,violent_super_outflow,-18024264.71,57953264.73,-0.00923,131.1,1,-8.0,0.2,3,0.025,40
2026-03-30,sh600703,5,77.03,-22.76,0.21644,0.1832,-15.65,0.06941,2026-04-03,2026-04-08,2026-04-17,pullback_absorption_confirm,6.52,0.0,0.00624,0.01627,0.82688,0.02312,0.01417,-0.0058,-8.62,50.53,2026-04-17,2026-04-20,13.49,13.5237,2026-04-24,2026-04-24,15.11,15.0722,12.01,11.45,19.05,-1.11,4,window_end,-700009806.34,0.0,-0.03018,0.0,1,-8.0,0.2,3,0.025,40
2026-03-30,sz002865,8,75.8,-20.37,0.19356,0.18427,-8.45,0.02377,2026-04-07,2026-04-09,2026-04-10,pullback_absorption_confirm,7.98,0.0,0.01358,0.03677,1.40613,-0.03442,0.00648,0.07616,-8.84,12.0,2026-04-10,2026-04-13,73.31,73.4933,2026-04-24,2026-04-24,74.87,74.6828,2.13,1.62,11.85,-4.92,8,window_end,-26055928.25,20306609.39,-0.00219,228.31,2,-8.0,0.2,3,0.025,40
2026-03-31,sz002353,1,91.75,-23.73,0.21719,0.19425,-5.26,0.06374,2026-03-31,2026-04-02,2026-04-03,pullback_absorption_confirm,11.57,0.0,0.08208,0.10452,1.51301,0.02987,0.02693,-0.02192,-4.01,19.89,2026-04-03,2026-04-07,107.37,107.6384,2026-04-13,2026-04-14,113.1,112.8173,5.34,4.81,12.4,-6.21,5,cum_super_peak_dd_20pct_3d,267356284.53,398425535.39,0.01947,32.9,3,-8.0,0.2,3,0.025,40
2026-03-31,sh600026,6,80.37,-9.24,0.09074,0.0973,-12.37,0.09551,2026-04-03,2026-04-08,2026-04-09,pullback_absorption_confirm,4.63,0.0,0.00762,0.04433,0.84093,-0.04613,-0.07471,0.03558,-7.56,69.95,2026-04-09,2026-04-10,25.66,25.7241,2026-04-13,2026-04-14,22.88,22.8228,-10.83,-11.28,0.39,-11.54,2,hard_stop_8pct,-300395938.6,0.0,-0.06831,0.0,1,-8.0,0.2,3,0.025,40
2026-03-31,sz002595,8,79.9,-12.46,0.12746,0.12169,-3.02,0.05755,2026-04-03,2026-04-08,2026-04-09,pullback_absorption_confirm,5.33,-1.9,0.00047,0.02498,1.50247,-0.04285,-0.01149,0.17859,-3.24,28.89,2026-04-09,2026-04-10,81.7,81.9043,2026-04-20,2026-04-21,88.44,88.2189,8.25,7.71,14.5,-1.33,6,cum_super_peak_dd_20pct_3d,-12323060.0,33188271.0,-0.00601,137.13,3,-8.0,0.2,3,0.025,40
